doi,authorCount,citedby_count,aggregationType
N/A,N/A,N/A,N/A
10.1109/52.877874,N/A,N/A,N/A
10.1002/bltj.2225,N/A,N/A,N/A
10.1002/bltj.2229,N/A,N/A,N/A
10.1109/ICVD.2000.812640,N/A,N/A,N/A
10.1109/RAMS.2000.816275,N/A,N/A,N/A
10.1109/RAMS.2000.816277,N/A,N/A,N/A
10.1109/RAMS.2000.816292,N/A,N/A,N/A
10.1109/RAMS.2000.816294,N/A,N/A,N/A
10.1109/RAMS.2000.816338,N/A,N/A,N/A
10.1109/DISCEX.2000.821525,N/A,N/A,N/A
10.1109/DISCEX.2000.821531,2,6,Conference Proceeding
10.1109/3468.823478,N/A,N/A,N/A
10.1109/DISCEX.2000.825033,N/A,N/A,N/A
10.1109/32.825763,N/A,N/A,N/A
10.1109/CSEE.2000.827014,N/A,N/A,N/A
10.1109/CSMR.2000.827328,N/A,N/A,N/A
10.1109/NOMS.2000.830433,N/A,N/A,N/A
10.1109/NOMS.2000.830451,N/A,N/A,N/A
10.1109/INFCOM.2000.832198,N/A,N/A,N/A
10.1109/IPDS.2000.839462,2,334,Journal
10.1109/IPDS.2000.839463,N/A,N/A,N/A
10.1109/IPDS.2000.839467,2,0,Book Series
10.1109/ECBS.2000.839860,N/A,N/A,N/A
10.1109/DATE.2000.840844,N/A,N/A,N/A
10.1109/ICDCS.2000.840928,N/A,N/A,N/A
10.1109/ICDCS.2000.840973,N/A,N/A,N/A
10.1109/ISPASS.2000.842294,N/A,N/A,N/A
10.1109/49.842990,N/A,N/A,N/A
10.1109/49.842991,N/A,N/A,N/A
10.1109/AIWORC.2000.843295,N/A,N/A,N/A
10.1109/SIMSYM.2000.844925,N/A,N/A,N/A
10.1109/23.846274,N/A,N/A,N/A
10.1109/61.847232,N/A,N/A,N/A
10.1109/PDSE.2000.847846,N/A,N/A,N/A
10.1109/62.847929,N/A,N/A,N/A
10.1109/13.848079,N/A,N/A,N/A
10.1109/TOOLS.2000.848782,N/A,N/A,N/A
10.1109/PESW.2000.850083,N/A,N/A,N/A
10.1109/PESW.2000.850176,N/A,N/A,N/A
N/A,N/A,N/A,N/A
10.1109/VETECS.2000.851271,N/A,N/A,N/A
10.1109/WPC.2000.852475,3,0,Conference Proceeding
10.1109/WPC.2000.852476,N/A,N/A,N/A
10.1109/32.852739,N/A,N/A,N/A
10.1109/32.852741,5,3,Conference Proceeding
10.1109/ICC.2000.853592,N/A,N/A,N/A
10.1109/EMRTS.2000.853994,N/A,N/A,N/A
10.1109/24.855532,N/A,N/A,N/A
10.1109/24.855537,4,72,Conference Proceeding
10.1109/DRPT.2000.855645,N/A,N/A,N/A
10.1109/ISCAS.2000.857100,N/A,N/A,N/A
10.1109/ISCAS.2000.857394,N/A,N/A,N/A
10.1109/ICDSN.2000.857510,1,66,Conference Proceeding
10.1109/ICDSN.2000.857529,N/A,N/A,N/A
10.1109/ICDSN.2000.857547,3,14,Conference Proceeding
10.1109/ICDSN.2000.857578,N/A,N/A,N/A
10.1109/ICPADS.2000.857694,N/A,N/A,N/A
10.1109/IJCNN.2000.857895,N/A,N/A,N/A
10.1109/66.857946,N/A,N/A,N/A
10.1109/ICMAS.2000.858495,N/A,N/A,N/A
10.1109/ICASSP.2000.859275,N/A,N/A,N/A
10.1109/ICASSP.2000.859309,N/A,N/A,N/A
10.1109/32.859533,3,0,Journal
10.1109/ICASSP.2000.860089,N/A,N/A,N/A
10.1109/ICASSP.2000.860098,N/A,N/A,N/A
10.1109/ICASSP.2000.860182,N/A,N/A,N/A
10.1109/ISCC.2000.860675,N/A,N/A,N/A
10.1109/17.865904,N/A,N/A,N/A
10.1109/ITHERM.2000.866175,N/A,N/A,N/A
10.1109/HPDC.2000.868637,N/A,N/A,N/A
10.1109/HPDC.2000.868639,N/A,N/A,N/A
10.1109/TOOLS.2000.868969,N/A,N/A,N/A
10.1109/ICPPW.2000.869148,N/A,N/A,N/A
10.1109/12.869320,1,15,Journal
10.1109/2.869376,N/A,N/A,N/A
10.1109/RRCON.2000.869993,N/A,N/A,N/A
10.1145/337180.337199,N/A,N/A,N/A
10.1145/337180.337218,N/A,N/A,N/A
10.1145/337180.337223,N/A,N/A,N/A
10.1145/337180.337232,2,2,Journal
10.1145/337180.337625,N/A,N/A,N/A
10.1145/337180.337612,N/A,N/A,N/A
10.1145/337180.337624,N/A,N/A,N/A
10.1109/CEC.2000.870830,N/A,N/A,N/A
10.1109/ICME.2000.871496,N/A,N/A,N/A
10.1109/ICME.2000.871558,N/A,N/A,N/A
10.1109/41.873211,N/A,N/A,N/A
10.1109/ASE.2000.873652,N/A,N/A,N/A
10.1109/ASE.2000.873653,N/A,N/A,N/A
10.1109/ASE.2000.873654,1,5,Conference Proceeding
10.1109/ASE.2000.873673,N/A,N/A,N/A
10.1109/ETW.2000.873775,N/A,N/A,N/A
10.1109/81.873881,2,3,Journal
10.1109/ICECCS.2000.873946,N/A,N/A,N/A
10.1109/EURMIC.2000.874421,N/A,N/A,N/A
10.1109/EURMIC.2000.874427,2,7,Journal
10.1109/EURMIC.2000.874643,N/A,N/A,N/A
10.1109/DEXA.2000.875079,N/A,N/A,N/A
10.1109/ACC.2000.876963,N/A,N/A,N/A
10.1109/24.877340,N/A,N/A,N/A
10.1109/SAM.2000.878039,N/A,N/A,N/A
10.1109/ICCD.2000.878314,N/A,N/A,N/A
10.1109/AERO.2000.878453,N/A,N/A,N/A
10.1109/AERO.2000.878499,N/A,N/A,N/A
10.1109/DEIV.2000.879101,N/A,N/A,N/A
10.1109/AERO.2000.879294,N/A,N/A,N/A
10.1109/MELCON.2000.879713,N/A,N/A,N/A
10.1109/32.879814,N/A,N/A,N/A
10.1109/32.879815,2,2,Journal
10.1109/32.879818,N/A,N/A,N/A
10.1109/MELCON.2000.880439,N/A,N/A,N/A
10.1109/IWADS.2000.880904,N/A,N/A,N/A
10.1109/PIMRC.2000.881578,N/A,N/A,N/A
10.1109/EDOC.2000.882357,N/A,N/A,N/A
10.1109/WFCS.2000.882547,N/A,N/A,N/A
10.1109/WISE.2000.882851,N/A,N/A,N/A
10.1109/ICSM.2000.883034,N/A,N/A,N/A
10.1109/ICSM.2000.883045,N/A,N/A,N/A
10.1109/ICSM.2000.883054,N/A,N/A,N/A
10.1109/APAQ.2000.883778,N/A,N/A,N/A
10.1109/APAQ.2000.883779,1,6,Conference Proceeding
10.1109/APAQ.2000.883780,N/A,N/A,N/A
10.1109/APAQ.2000.883786,N/A,N/A,N/A
10.1109/APAQ.2000.883789,N/A,N/A,N/A
10.1109/APAQ.2000.883792,N/A,N/A,N/A
10.1109/PADSW.2000.884670,N/A,N/A,N/A
10.1109/PADSW.2000.884677,3,1,Conference Proceeding
10.1109/CMPSAC.2000.884721,N/A,N/A,N/A
10.1109/CMPSAC.2000.884758,N/A,N/A,N/A
10.1109/CMPSAC.2000.884761,4,5,Journal
10.1109/CMPSAC.2000.884772,N/A,N/A,N/A
10.1109/ICM.2000.884831,N/A,N/A,N/A
10.1109/AUTEST.2000.885619,N/A,N/A,N/A
10.1109/ISSRE.2000.885856,N/A,N/A,N/A
10.1109/ISSRE.2000.885858,N/A,N/A,N/A
10.1109/ISSRE.2000.885862,N/A,N/A,N/A
10.1109/ISSRE.2000.885865,N/A,N/A,N/A
10.1109/ISSRE.2000.885866,N/A,N/A,N/A
10.1109/ISSRE.2000.885867,N/A,N/A,N/A
10.1109/ISSRE.2000.885868,1,2,Journal
10.1109/ISSRE.2000.885870,N/A,N/A,N/A
10.1109/ISSRE.2000.885872,N/A,N/A,N/A
10.1109/ISSRE.2000.885873,N/A,N/A,N/A
10.1109/ISSRE.2000.885875,N/A,N/A,N/A
10.1109/ISSRE.2000.885877,N/A,N/A,N/A
10.1109/ISSRE.2000.885884,N/A,N/A,N/A
10.1109/TOOLS.2000.885894,N/A,N/A,N/A
10.1109/DASC.2000.886873,N/A,N/A,N/A
10.1109/DASC.2000.886881,N/A,N/A,N/A
10.1109/DASC.2000.886886,N/A,N/A,N/A
10.1109/DASC.2000.886959,N/A,N/A,N/A
10.1109/DASC.2000.886962,N/A,N/A,N/A
10.1109/DFTVS.2000.887157,N/A,N/A,N/A
10.1109/DFTVS.2000.887163,N/A,N/A,N/A
10.1109/6294.888019,N/A,N/A,N/A
10.1109/ASSET.2000.888030,N/A,N/A,N/A
10.1109/ASSET.2000.888032,N/A,N/A,N/A
10.1109/ASSET.2000.888052,N/A,N/A,N/A
N/A,N/A,N/A,N/A
10.1109/TENCON.2000.888807,N/A,N/A,N/A
10.1109/CLUSTR.2000.889023,N/A,N/A,N/A
10.1109/HLDVT.2000.889554,N/A,N/A,N/A
10.1109/HLDVT.2000.889568,N/A,N/A,N/A
10.1109/TAI.2000.889846,N/A,N/A,N/A
10.1109/TAI.2000.889869,N/A,N/A,N/A
10.1109/EOSESD.2000.890117,N/A,N/A,N/A
10.1109/SWMT.2000.890433,N/A,N/A,N/A
10.1109/SWMT.2000.890435,N/A,N/A,N/A
10.1109/IWSSD.2000.891134,N/A,N/A,N/A
10.1109/IWSSD.2000.891137,N/A,N/A,N/A
10.1109/TOOLS.2000.891361,N/A,N/A,N/A
10.1109/WCRE.2000.891476,N/A,N/A,N/A
10.1109/GLOCOM.2000.891904,N/A,N/A,N/A
N/A,N/A,N/A,N/A
10.1109/ITAB.2000.892420,N/A,N/A,N/A
10.1109/IROS.2000.893218,N/A,N/A,N/A
10.1109/ATS.2000.893627,N/A,N/A,N/A
10.1109/ATS.2000.893643,N/A,N/A,N/A
10.1109/TEST.2000.894269,7,14,Journal
10.1109/TEST.2000.894304,N/A,N/A,N/A
10.1109/NAECON.2000.894894,N/A,N/A,N/A
10.1109/52.895176,N/A,N/A,N/A
10.1109/HASE.2000.895462,N/A,N/A,N/A
10.1109/HASE.2000.895471,N/A,N/A,N/A
10.1109/HASE.2000.895473,3,20,Conference Proceeding
10.1109/HASE.2000.895475,3,8,Conference Proceeding
10.1109/HASE.2000.895477,N/A,N/A,N/A
10.1109/52.896249,N/A,N/A,N/A
10.1109/RTCSA.2000.896368,N/A,N/A,N/A
10.1109/RTCSA.2000.896435,N/A,N/A,N/A
10.1109/APSEC.2000.896682,N/A,N/A,N/A
10.1109/APSEC.2000.896692,N/A,N/A,N/A
10.1109/APSEC.2000.896734,N/A,N/A,N/A
10.1109/MMSE.2000.897204,N/A,N/A,N/A
10.1109/MMSE.2000.897238,N/A,N/A,N/A
10.1109/PRDC.2000.897279,N/A,N/A,N/A
10.1109/EMBTO.2000.897347,N/A,N/A,N/A
10.1109/CCA.2000.897405,N/A,N/A,N/A
10.1109/FIE.2000.897672,N/A,N/A,N/A
10.1109/ICHQP.2000.897770,N/A,N/A,N/A
10.1109/ICPST.2000.898167,N/A,N/A,N/A
10.1109/49.898734,N/A,N/A,N/A
10.1109/WSC.2000.899886,N/A,N/A,N/A
10.1109/ASMC.2000.902589,N/A,N/A,N/A
10.1109/EMAP.2000.904175,N/A,N/A,N/A
10.1109/WCNC.2000.904635,N/A,N/A,N/A
10.1109/WCNC.2000.904788,N/A,N/A,N/A
10.1109/ICPR.2000.905390,N/A,N/A,N/A
10.1109/ISPSE.2000.913235,N/A,N/A,N/A
10.1109/CDC.2000.914204,3,1,Book Series
10.1109/ISPA.2000.914914,N/A,N/A,N/A
10.1109/30.920471,1,4,Journal
10.1109/NSSMIC.2001.1008591,N/A,N/A,N/A
10.1109/CIRA.2001.1013191,3,7,Conference Proceeding
10.1109/MPER.2001.4311335,N/A,N/A,N/A
10.1109/MPER.2001.4311565,N/A,N/A,N/A
10.1109/32.895984,N/A,N/A,N/A
10.1109/RAMS.2001.902446,N/A,N/A,N/A
10.1109/RAMS.2001.902475,N/A,N/A,N/A
10.1109/RAMS.2001.902502,N/A,N/A,N/A
10.1109/EMPDP.2001.905042,N/A,N/A,N/A
10.1109/ICOIN.2001.905437,N/A,N/A,N/A
10.1109/ACSC.2001.906624,N/A,N/A,N/A
10.1109/ACSC.2001.906627,N/A,N/A,N/A
10.1109/32.910860,N/A,N/A,N/A
10.1109/87.911389,N/A,N/A,N/A
10.1109/CSEE.2001.913823,N/A,N/A,N/A
10.1109/CSEE.2001.913842,N/A,N/A,N/A
10.1109/CSMR.2001.914964,N/A,N/A,N/A
10.1109/CSMR.2001.914968,N/A,N/A,N/A
10.1109/CSMR.2001.914972,N/A,N/A,N/A
10.1109/CSMR.2001.914975,1,24,Conference Proceeding
10.1109/CSMR.2001.914976,2,39,Conference Proceeding
10.1109/CSMR.2001.914981,N/A,N/A,N/A
10.1109/DATE.2001.914998,N/A,N/A,N/A
10.1109/METRIC.2001.915514,N/A,N/A,N/A
10.1109/METRIC.2001.915528,N/A,N/A,N/A
10.1109/METRIC.2001.915530,N/A,N/A,N/A
10.1109/METRIC.2001.915541,N/A,N/A,N/A
10.1109/ISADS.2001.917412,N/A,N/A,N/A
10.1109/32.917524,N/A,N/A,N/A
10.1109/2.917532,N/A,N/A,N/A
10.1109/25.917898,N/A,N/A,N/A
10.1109/INM.2001.918070,N/A,N/A,N/A
10.1109/SSST.2001.918499,2,0,Conference Proceeding
10.1109/SSST.2001.918553,N/A,N/A,N/A
10.1109/IPCCC.2001.918654,N/A,N/A,N/A
10.1109/ICDSC.2001.918927,N/A,N/A,N/A
10.1109/ICDSC.2001.918963,N/A,N/A,N/A
10.1109/ICDSC.2001.918995,N/A,N/A,N/A
10.1109/ICSE.2001.919090,N/A,N/A,N/A
10.1109/ICSE.2001.919098,N/A,N/A,N/A
10.1109/ICSE.2001.919106,3,0,Journal
10.1109/ICSE.2001.919109,N/A,N/A,N/A
10.1109/92.920827,N/A,N/A,N/A
10.1109/32.922713,N/A,N/A,N/A
10.1109/52.922731,N/A,N/A,N/A
10.1109/ISORC.2001.922825,N/A,N/A,N/A
10.1109/SMA.2001.923370,N/A,N/A,N/A
10.1109/HPSR.2001.923593,N/A,N/A,N/A
10.1109/ISMVL.2001.924594,N/A,N/A,N/A
10.1145/371636.371739,2,3,Conference Proceeding
10.1109/61.924821,2,4,Journal
10.1109/IPDPS.2001.925005,N/A,N/A,N/A
10.1109/41.925596,N/A,N/A,N/A
10.1109/62.925693,N/A,N/A,N/A
10.1109/HICSS.2001.927087,N/A,N/A,N/A
10.1109/IMTC.2001.928883,N/A,N/A,N/A
10.1049/cp:20010206,N/A,N/A,N/A
10.1109/IMTC.2001.929479,N/A,N/A,N/A
10.1109/CICC.2001.929769,3,18,Journal
10.1109/69.929901,N/A,N/A,N/A
10.1109/AERO.2001.931179,N/A,N/A,N/A
10.1109/AERO.2001.931292,N/A,N/A,N/A
10.1109/AERO.2001.931303,N/A,N/A,N/A
10.1109/AERO.2001.931313,N/A,N/A,N/A
10.1109/AERO.2001.931317,N/A,N/A,N/A
10.1109/AERO.2001.931400,N/A,N/A,N/A
10.1109/AERO.2001.931738,N/A,N/A,N/A
10.1109/ISIE.2001.931838,N/A,N/A,N/A
10.1109/DISCEX.2001.932175,N/A,N/A,N/A
10.1109/PICA.2001.932323,N/A,N/A,N/A
10.1109/PICA.2001.932333,N/A,N/A,N/A
10.1109/AICCSA.2001.934005,N/A,N/A,N/A
10.1109/EMRTS.2001.934021,N/A,N/A,N/A
10.1109/AICCSA.2001.934046,N/A,N/A,N/A
10.1109/ISCC.2001.935446,N/A,N/A,N/A
10.1109/AIM.2001.936484,N/A,N/A,N/A
10.1109/ICC.2001.936872,N/A,N/A,N/A
10.1109/ICC.2001.937372,N/A,N/A,N/A
10.1109/ISCA.2001.937448,N/A,N/A,N/A
10.1109/ICCV.2001.937671,N/A,N/A,N/A
10.1109/OLT.2001.937811,3,0,Conference Proceeding
10.1109/OLT.2001.937837,N/A,N/A,N/A
10.1109/ITI.2001.938001,N/A,N/A,N/A
10.1109/ITI.2001.938054,N/A,N/A,N/A
10.1109/51.940044,N/A,N/A,N/A
10.1109/ICASSP.2001.940323,N/A,N/A,N/A
10.1109/DSN.2001.941420,3,1,Conference Proceeding
10.1109/DSN.2001.941422,2,5,Conference Proceeding
10.1109/TOOLS.2001.941680,N/A,N/A,N/A
10.1109/CBMS.2001.941732,N/A,N/A,N/A
10.1109/5326.941838,N/A,N/A,N/A
10.1049/cp:20010828,N/A,N/A,N/A
10.1109/NAFIPS.2001.943808,N/A,N/A,N/A
10.1109/VETECS.2001.944164,N/A,N/A,N/A
N/A,N/A,N/A,N/A
10.1109/ACC.2001.945656,N/A,N/A,N/A
10.1109/HIS.2001.946704,N/A,N/A,N/A
N/A,N/A,N/A,N/A
10.1109/ASWEC.2001.948492,N/A,N/A,N/A
10.1109/ASWEC.2001.948494,2,7,Conference Proceeding
10.1109/ASWEC.2001.948508,N/A,N/A,N/A
10.1109/ITSC.2001.948747,N/A,N/A,N/A
10.1109/MASCOT.2001.948873,N/A,N/A,N/A
10.1109/AUTEST.2001.949434,N/A,N/A,N/A
10.1109/AUTEST.2001.949454,N/A,N/A,N/A
10.1109/AUTEST.2001.949467,2,9,Journal
10.1109/TENCON.2001.949540,N/A,N/A,N/A
10.1109/TENCON.2001.949727,N/A,N/A,N/A
10.1109/EDOC.2001.950422,N/A,N/A,N/A
10.1109/PICMET.2001.952021,N/A,N/A,N/A
10.1109/ICPP.2001.952100,N/A,N/A,N/A
10.1109/PICMET.2001.952347,N/A,N/A,N/A
10.1109/PICMET.2001.952414,N/A,N/A,N/A
10.1109/EURMIC.2001.952434,N/A,N/A,N/A
10.1109/EURMIC.2001.952447,N/A,N/A,N/A
10.1109/EURMIC.2001.952461,N/A,N/A,N/A
10.1109/DEXA.2001.953118,N/A,N/A,N/A
10.1109/PACRIM.2001.953655,N/A,N/A,N/A
10.1109/ICDAR.2001.953776,N/A,N/A,N/A
10.1109/ICDAR.2001.953868,N/A,N/A,N/A
10.1109/DOA.2001.954069,N/A,N/A,N/A
10.1109/PESC.2001.954448,N/A,N/A,N/A
10.1109/12.954515,N/A,N/A,N/A
10.1109/2.955105,N/A,N/A,N/A
10.1109/35.956121,N/A,N/A,N/A
10.1109/61.956727,N/A,N/A,N/A
10.1109/61.956765,N/A,N/A,N/A
10.1109/ICIP.2001.958527,N/A,N/A,N/A
10.1109/ICIP.2001.959052,N/A,N/A,N/A
10.1109/ICIP.2001.959245,N/A,N/A,N/A
10.1109/CMPSAC.2001.960602,N/A,N/A,N/A
10.1109/CMPSAC.2001.960603,N/A,N/A,N/A
10.1109/CMPSAC.2001.960611,N/A,N/A,N/A
10.1109/CMPSAC.2001.960618,N/A,N/A,N/A
10.1109/CMPSAC.2001.960644,N/A,N/A,N/A
10.1109/CMPSAC.2001.960654,N/A,N/A,N/A
10.1109/CMPSAC.2001.960659,N/A,N/A,N/A
10.1109/CMPSAC.2001.960670,N/A,N/A,N/A
10.1109/NCA.2001.962514,N/A,N/A,N/A
10.1109/NCA.2001.962518,N/A,N/A,N/A
10.1109/NCA.2001.962536,N/A,N/A,N/A
10.1109/32.962560,N/A,N/A,N/A
10.1109/32.962562,N/A,N/A,N/A
10.1109/32.962563,N/A,N/A,N/A
10.1109/ICCNMC.2001.962639,N/A,N/A,N/A
10.1109/ISSM.2001.962911,N/A,N/A,N/A
10.1109/2.962984,N/A,N/A,N/A
10.1109/24.963124,N/A,N/A,N/A
10.1109/DASC.2001.963354,N/A,N/A,N/A
10.1109/FIE.2001.963881,N/A,N/A,N/A
10.1109/30.964152,N/A,N/A,N/A
10.1109/30.964153,N/A,N/A,N/A
10.1109/DASC.2001.964242,5,6,Journal
10.1109/VISUAL.2001.964542,N/A,N/A,N/A
10.1109/PTC.2001.964820,N/A,N/A,N/A
10.1109/PTC.2001.964848,N/A,N/A,N/A
10.1109/PTC.2001.964870,N/A,N/A,N/A
10.1109/PIMRC.2001.965487,N/A,N/A,N/A
10.1109/52.965803,1,10,Journal
10.1109/GLOCOM.2001.966190,N/A,N/A,N/A
10.1109/GLOCOM.2001.966227,N/A,N/A,N/A
10.1109/TEST.2001.966690,N/A,N/A,N/A
10.1109/TEST.2001.966703,N/A,N/A,N/A
10.1109/DFTVS.2001.966766,N/A,N/A,N/A
10.1109/DFTVS.2001.966768,N/A,N/A,N/A
10.1109/DFTVS.2001.966791,N/A,N/A,N/A
10.1109/HASE.2001.966814,N/A,N/A,N/A
10.1109/HASE.2001.966817,N/A,N/A,N/A
10.1109/ICCAD.2001.968676,N/A,N/A,N/A
10.1109/4236.968836,N/A,N/A,N/A
10.1109/34.969118,N/A,N/A,N/A
10.1109/17.969424,N/A,N/A,N/A
10.1109/RELDIS.2001.969756,N/A,N/A,N/A
10.1109/RELDIS.2001.969769,3,0,Journal
10.1109/RELDIS.2001.969773,N/A,N/A,N/A
10.1109/ICSMC.2001.969780,N/A,N/A,N/A
10.1109/ICSMC.2001.969794,N/A,N/A,N/A
10.1109/PESS.2001.969995,N/A,N/A,N/A
10.1109/ICCIMA.2001.970449,N/A,N/A,N/A
10.1109/TDC.2001.971345,N/A,N/A,N/A
10.1109/TDC.2001.971384,1,0,Journal
10.1109/TDC.2001.971385,N/A,N/A,N/A
10.1109/TDC.2001.971387,N/A,N/A,N/A
10.1109/ISIC.2001.971490,N/A,N/A,N/A
10.1109/ICSM.2001.972712,N/A,N/A,N/A
10.1109/ICSM.2001.972733,N/A,N/A,N/A
10.1109/ICSM.2001.972739,2,19,Conference Proceeding
10.1109/ICSM.2001.972740,N/A,N/A,N/A
10.1109/ICSM.2001.972767,N/A,N/A,N/A
10.1109/ICSM.2001.972773,N/A,N/A,N/A
10.1109/ICSM.2001.972776,N/A,N/A,N/A
10.1109/ICSM.2001.972789,N/A,N/A,N/A
10.1109/CCA.2001.973961,N/A,N/A,N/A
10.1109/24.974129,3,114,Journal
10.1109/KORUS.2001.975079,3,1,Conference Proceeding
10.1109/KORUS.2001.975080,N/A,N/A,N/A
10.1109/IGARSS.2001.976188,N/A,N/A,N/A
10.1109/IROS.2001.976398,N/A,N/A,N/A
10.1109/IROS.2001.976422,N/A,N/A,N/A
10.1109/IGARSS.2001.976822,N/A,N/A,N/A
10.1109/CIC.2001.977600,N/A,N/A,N/A
10.1109/CDC.2001.981100,N/A,N/A,N/A
10.1109/CSD.2001.981764,N/A,N/A,N/A
10.1109/24.983400,N/A,N/A,N/A
10.1109/ICII.2001.983516,N/A,N/A,N/A
10.1109/APMC.2001.985513,N/A,N/A,N/A
10.1109/MILCOM.2001.985975,N/A,N/A,N/A
10.1109/PAC.2001.988211,N/A,N/A,N/A
10.1049/cp:20010567,N/A,N/A,N/A
10.1109/32.988707,N/A,N/A,N/A
10.1109/32.988711,N/A,N/A,N/A
10.1109/ISSRE.2001.989453,N/A,N/A,N/A
10.1109/ISSRE.2001.989454,N/A,N/A,N/A
10.1109/ISSRE.2001.989459,N/A,N/A,N/A
10.1109/ISSRE.2001.989461,5,55,Journal
10.1109/ISSRE.2001.989466,2,0,Journal
10.1109/ISSRE.2001.989470,N/A,N/A,N/A
10.1109/ISSRE.2001.989472,N/A,N/A,N/A
10.1109/ISSRE.2001.989476,N/A,N/A,N/A
10.1109/ISSRE.2001.989477,N/A,N/A,N/A
10.1109/ISSRE.2001.989479,N/A,N/A,N/A
10.1109/ASE.2001.989802,N/A,N/A,N/A
10.1109/ASE.2001.989803,N/A,N/A,N/A
10.1109/ASE.2001.989818,N/A,N/A,N/A
10.1109/ASE.2001.989850,N/A,N/A,N/A
10.1109/APAQS.2001.989996,N/A,N/A,N/A
10.1109/APAQS.2001.989998,N/A,N/A,N/A
10.1109/APAQS.2001.990007,N/A,N/A,N/A
10.1109/APAQS.2001.990010,N/A,N/A,N/A
10.1109/APAQS.2001.990023,4,9,Conference Proceeding
10.1109/APAQS.2001.990035,N/A,N/A,N/A
10.1109/APAQS.2001.990036,N/A,N/A,N/A
10.1109/HOTOS.2001.990057,N/A,N/A,N/A
10.1109/HOTOS.2001.990062,N/A,N/A,N/A
10.1109/HOTOS.2001.990076,N/A,N/A,N/A
10.1109/CVPR.2001.990545,N/A,N/A,N/A
10.1109/REAL.2001.990603,N/A,N/A,N/A
10.1109/AIPR.2001.991199,N/A,N/A,N/A
10.1109/ACSAC.2001.991520,N/A,N/A,N/A
10.1109/ACSAC.2001.991551,N/A,N/A,N/A
10.1109/ECODIM.2001.992337,N/A,N/A,N/A
10.1109/SEW.2001.992662,N/A,N/A,N/A
10.1109/PRDC.2001.992682,N/A,N/A,N/A
10.1109/PRDC.2001.992692,N/A,N/A,N/A
10.1109/PRDC.2001.992702,2,6,Conference Proceeding
10.1109/PRDC.2001.992714,3,6,Journal
10.1109/ICNP.2001.992890,N/A,N/A,N/A
10.1109/ETFA.2001.996375,N/A,N/A,N/A
N/A,N/A,N/A,N/A
N/A,N/A,N/A,N/A
10.1109/WORDS.2002.1000042,2,3,Journal
10.1109/WORDS.2002.1000049,N/A,N/A,N/A
10.1109/SIMSYM.2002.1000151,N/A,N/A,N/A
10.1109/REPCON.2002.1002290,N/A,N/A,N/A
10.1109/MIEL.2002.1003317,2,0,Conference Proceeding
10.1109/DANCE.2002.1003489,N/A,N/A,N/A
10.1145/774789.774797,N/A,N/A,N/A
10.1109/TNS.2002.1003673,N/A,N/A,N/A
10.1109/ISORC.2002.1003682,N/A,N/A,N/A
10.1109/ISORC.2002.1003697,3,7,Journal
10.1109/ISORC.2002.1003709,N/A,N/A,N/A
10.1109/ISORC.2002.1003807,N/A,N/A,N/A
10.1109/IWQoS.2002.1006594,N/A,N/A,N/A
10.1109/FUZZ.2002.1006667,N/A,N/A,N/A
10.1109/FUZZ.2002.1006669,N/A,N/A,N/A
10.1109/IJCNN.2002.1007518,N/A,N/A,N/A
10.1145/581368.581369,N/A,N/A,N/A
10.1145/581368.581371,3,10,Journal
10.1145/581413.581414,N/A,N/A,N/A
10.1145/581417.581418,N/A,N/A,N/A
10.1145/581469.581476,N/A,N/A,N/A
10.1109/TAES.2002.1008974,N/A,N/A,N/A
10.1109/TSE.2002.1010061,N/A,N/A,N/A
10.1109/ISCAS.2002.1010596,N/A,N/A,N/A
10.1109/VTS.2002.1011125,N/A,N/A,N/A
10.1109/VTS.2002.1011143,4,0,Conference Proceeding
10.1109/METRIC.2002.1011330,N/A,N/A,N/A
10.1109/METRIC.2002.1011333,N/A,N/A,N/A
10.1109/METRIC.2002.1011335,N/A,N/A,N/A
10.1109/METRIC.2002.1011339,2,98,Conference Proceeding
10.1109/METRIC.2002.1011340,N/A,N/A,N/A
10.1109/TR.2002.1011520,3,18,Journal
10.1109/ITHERM.2002.1012545,N/A,N/A,N/A
10.1109/DAC.2002.1012733,N/A,N/A,N/A
10.1109/CCECE.2002.1013026,N/A,N/A,N/A
10.1109/CCECE.2002.1013033,N/A,N/A,N/A
10.1109/TIT.2002.1013122,N/A,N/A,N/A
10.1109/ICCE.2002.1014014,N/A,N/A,N/A
10.1109/NOMS.2002.1015610,N/A,N/A,N/A
10.1109/IPDPS.2002.1016494,N/A,N/A,N/A
10.1109/TASC.2002.1018616,N/A,N/A,N/A
10.1109/INFCOM.2002.1019259,N/A,N/A,N/A
10.1109/TSE.2002.1019478,N/A,N/A,N/A
10.1109/TSE.2002.1019484,2,0,Conference Proceeding
10.1109/MS.2002.1020298,N/A,N/A,N/A
10.1109/WCICA.2002.1021462,N/A,N/A,N/A
10.1109/WCICA.2002.1021494,N/A,N/A,N/A
10.1109/ISCC.2002.1021697,N/A,N/A,N/A
10.1109/ISCC.2002.1021796,N/A,N/A,N/A
10.1109/ICDCS.2002.1022311,N/A,N/A,N/A
10.1109/MMUL.2002.1022855,N/A,N/A,N/A
10.1109/ACC.2002.1023223,N/A,N/A,N/A
10.1109/IGARSS.2002.1024990,N/A,N/A,N/A
10.1109/ACC.2002.1025415,N/A,N/A,N/A
10.1109/GMAP.2002.1027507,N/A,N/A,N/A
10.1109/TSE.2002.1027799,N/A,N/A,N/A
10.1109/TR.2002.801853,N/A,N/A,N/A
10.1109/DSN.2002.1028892,N/A,N/A,N/A
10.1109/DSN.2002.1028902,N/A,N/A,N/A
10.1109/DSN.2002.1028918,N/A,N/A,N/A
10.1109/DSN.2002.1028921,N/A,N/A,N/A
10.1109/DSN.2002.1028925,1,8,Conference Proceeding
10.1109/DSN.2002.1028927,N/A,N/A,N/A
10.1109/DSN.2002.1028941,N/A,N/A,N/A
10.1109/DSN.2002.1029013,3,2,Conference Proceeding
10.1109/DSN.2002.1029022,N/A,N/A,N/A
10.1109/ISBI.2002.1029401,N/A,N/A,N/A
10.1109/MTDT.2002.1029770,N/A,N/A,N/A
10.1109/OLT.2002.1030192,4,0,Journal
10.1109/OLT.2002.1030193,N/A,N/A,N/A
10.1109/OLT.2002.1030218,5,0,Conference Proceeding
10.1109/ASAP.2002.1030713,N/A,N/A,N/A
10.1109/HSNMC.2002.1032612,N/A,N/A,N/A
10.1109/IEMT.2002.1032780,N/A,N/A,N/A
10.1109/SCORED.2002.1033109,3,8,Conference Proceeding
10.1109/SCORED.2002.1033137,N/A,N/A,N/A
10.1109/SCORED.2002.1033145,N/A,N/A,N/A
10.1109/MDT.2002.1033795,N/A,N/A,N/A
10.1109/AERO.2002.1035311,N/A,N/A,N/A
10.1109/AERO.2002.1035379,8,11,Conference Proceeding
10.1109/ICME.2002.1035569,2,3,Conference Proceeding
10.1109/AERO.2002.1036142,N/A,N/A,N/A
10.1109/AERO.2002.1036157,N/A,N/A,N/A
10.1109/AERO.2002.1036832,N/A,N/A,N/A
10.1109/IEMC.2002.1038480,N/A,N/A,N/A
10.1109/CCA.2002.1038708,N/A,N/A,N/A
10.1109/CSB.2002.1039332,N/A,N/A,N/A
10.1109/VETECF.2002.1040620,N/A,N/A,N/A
10.1109/MITP.2002.1041174,N/A,N/A,N/A
10.1109/IRDS.2002.1041732,N/A,N/A,N/A
10.1109/TEST.2002.1041800,N/A,N/A,N/A
10.1109/TEST.2002.1041856,N/A,N/A,N/A
10.1109/MMUL.2002.1041945,N/A,N/A,N/A
10.1109/IS.2002.1042576,N/A,N/A,N/A
10.1109/IS.2002.1044240,N/A,N/A,N/A
10.1109/TR.2002.804735,2,48,Journal
10.1109/TR.2002.804489,N/A,N/A,N/A
10.1109/TR.2002.804488,3,103,Journal
10.1109/TRA.2002.802930,N/A,N/A,N/A
10.1109/CMPSAC.2002.1044544,N/A,N/A,N/A
10.1109/ICPR.2002.1044806,N/A,N/A,N/A
10.1109/ICPR.2002.1044814,N/A,N/A,N/A
10.1109/CMPSAC.2002.1045104,N/A,N/A,N/A
10.1109/CMPSAC.2002.1045137,N/A,N/A,N/A
10.1109/CMPSAC.2002.1045151,N/A,N/A,N/A
10.1109/CMPSAC.2002.1045152,N/A,N/A,N/A
10.1109/PIMRC.2002.1045466,N/A,N/A,N/A
10.1109/EURMIC.2002.1046134,N/A,N/A,N/A
10.1109/EURMIC.2002.1046137,N/A,N/A,N/A
10.1109/EURMIC.2002.1046200,N/A,N/A,N/A
10.1109/EURMIC.2002.1046215,N/A,N/A,N/A
10.1109/EURMIC.2002.1046229,N/A,N/A,N/A
10.1109/PIMRC.2002.1046536,N/A,N/A,N/A
10.1109/ICPST.2002.1047202,N/A,N/A,N/A
10.1109/ICPST.2002.1047251,5,24,Conference Proceeding
10.1109/ICPR.2002.1047819,N/A,N/A,N/A
10.1109/AUTEST.2002.1047966,N/A,N/A,N/A
10.1109/ICPR.2002.1048482,N/A,N/A,N/A
10.1109/ICRE.2002.1048501,N/A,N/A,N/A
10.1109/ICRE.2002.1048518,N/A,N/A,N/A
10.1109/MIM.2002.1048980,N/A,N/A,N/A
N/A,N/A,N/A,N/A
10.1109/MS.2002.1049394,N/A,N/A,N/A
10.1109/TSE.2002.1049401,N/A,N/A,N/A
10.1109/TSE.2002.1049402,N/A,N/A,N/A
10.1109/DASC.2002.1052997,N/A,N/A,N/A
10.1109/DASC.2002.1067982,N/A,N/A,N/A
10.1109/TIE.2002.804970,N/A,N/A,N/A
10.1109/SMICND.2002.1105874,N/A,N/A,N/A
10.1109/ASE.2002.1114987,N/A,N/A,N/A
10.1109/ASE.2002.1115000,N/A,N/A,N/A
10.1109/ASE.2002.1115018,N/A,N/A,N/A
10.1109/ASE.2002.1115019,N/A,N/A,N/A
10.1109/ASE.2002.1115031,N/A,N/A,N/A
10.1109/ASE.2002.1115033,N/A,N/A,N/A
10.1109/ITW.2002.1115427,N/A,N/A,N/A
10.1109/SCAM.2002.1134108,N/A,N/A,N/A
10.1109/IEMBS.2002.1134391,N/A,N/A,N/A
10.1109/RTTAS.2002.1137387,N/A,N/A,N/A
10.1109/SBCCI.2002.1137648,N/A,N/A,N/A
10.1109/EDOC.2002.1137712,N/A,N/A,N/A
10.1109/CLUSTR.2002.1137772,N/A,N/A,N/A
10.1109/AFRCON.2002.1146804,N/A,N/A,N/A
10.1109/FIE.2002.1158640,N/A,N/A,N/A
10.1109/TBME.2002.805454,N/A,N/A,N/A
10.1109/MEI.2002.1161455,N/A,N/A,N/A
10.1109/DISRTA.2002.1166900,N/A,N/A,N/A
10.1109/ISESE.2002.1166922,N/A,N/A,N/A
10.1109/ISESE.2002.1166925,N/A,N/A,N/A
10.1109/ISESE.2002.1166929,N/A,N/A,N/A
10.1109/ISESE.2002.1166932,N/A,N/A,N/A
10.1109/ISESE.2002.1166934,N/A,N/A,N/A
10.1109/ISESE.2002.1166936,N/A,N/A,N/A
10.1109/ISESE.2002.1166937,5,4,Conference Proceeding
10.1109/ISESE.2002.1166940,N/A,N/A,N/A
10.1109/ICSM.2002.1167767,N/A,N/A,N/A
10.1109/ICSM.2002.1167772,N/A,N/A,N/A
10.1109/ICSM.2002.1167787,N/A,N/A,N/A
10.1109/ICSM.2002.1167795,N/A,N/A,N/A
10.1109/ICSM.2002.1167808,N/A,N/A,N/A
10.1109/WCRE.2002.1173067,N/A,N/A,N/A
10.1109/WCRE.2002.1173068,N/A,N/A,N/A
10.1109/WCRE.2002.1173081,2,0,Conference Proceeding
10.1109/HASE.2002.1173098,N/A,N/A,N/A
10.1109/HASE.2002.1173102,N/A,N/A,N/A
10.1109/SCCC.2002.1173192,N/A,N/A,N/A
10.1109/ISSRE.2002.1173217,N/A,N/A,N/A
10.1109/ISSRE.2002.1173241,N/A,N/A,N/A
10.1109/ISSRE.2002.1173244,N/A,N/A,N/A
10.1109/ISSRE.2002.1173246,N/A,N/A,N/A
10.1109/ISSRE.2002.1173253,3,9,Conference Proceeding
10.1109/ISSRE.2002.1173256,N/A,N/A,N/A
10.1109/ISSRE.2002.1173268,N/A,N/A,N/A
10.1109/ISSRE.2002.1173274,2,8,Journal
10.1109/ISSRE.2002.1173285,N/A,N/A,N/A
10.1109/ISSRE.2002.1173287,N/A,N/A,N/A
10.1109/ISSRE.2002.1173296,N/A,N/A,N/A
10.1109/ICSMC.2002.1173333,N/A,N/A,N/A
10.1109/DFTVS.2002.1173507,3,29,Conference Proceeding
10.1109/ICAPP.2002.1173578,N/A,N/A,N/A
10.1109/ICAPP.2002.1173586,N/A,N/A,N/A
10.1109/ICAPP.2002.1173597,N/A,N/A,N/A
10.1109/ICMLC.2002.1175366,N/A,N/A,N/A
10.1109/ICSMC.2002.1175574,N/A,N/A,N/A
10.1109/ICSMC.2002.1175708,N/A,N/A,N/A
10.1109/ICSMC.2002.1175746,N/A,N/A,N/A
10.1109/MICRO.2002.1176256,N/A,N/A,N/A
10.1109/CSAC.2002.1176292,N/A,N/A,N/A
10.1109/ROMOCO.2002.1177108,1,5,Conference Proceeding
10.1109/TDC.2002.1177645,N/A,N/A,N/A
10.1109/TIM.2002.807987,4,0,Journal
10.1109/ICCCAS.2002.1179078,N/A,N/A,N/A
10.1109/RELDIS.2002.1180169,3,8,Journal
10.1109/RELDIS.2002.1180176,N/A,N/A,N/A
10.1109/RELDIS.2002.1180192,3,2,Conference Proceeding
10.1109/MILCOM.2002.1180420,N/A,N/A,N/A
10.1109/TAI.2002.1180813,N/A,N/A,N/A
10.1109/TAI.2002.1180826,N/A,N/A,N/A
10.1109/CW.2002.1180904,N/A,N/A,N/A
10.1109/ICNP.2002.1181384,N/A,N/A,N/A
10.1109/ICECCS.2002.1181495,N/A,N/A,N/A
10.1109/ICECCS.2002.1181511,2,1,Conference Proceeding
10.1109/ICECCS.2002.1181512,3,3,Conference Proceeding
10.1109/ICECCS.2002.1181515,N/A,N/A,N/A
10.1109/REAL.2002.1181581,2,2,Journal
10.1109/WISE.2002.1181670,N/A,N/A,N/A
10.1109/ATS.2002.1181677,3,13,Conference Proceeding
10.1109/ATS.2002.1181678,N/A,N/A,N/A
10.1109/ATS.2002.1181723,5,1,Conference Proceeding
10.1109/LCN.2002.1181855,N/A,N/A,N/A
10.1109/LEC.2002.1182307,N/A,N/A,N/A
10.1109/APSEC.2002.1183017,N/A,N/A,N/A
10.1109/APSEC.2002.1183018,N/A,N/A,N/A
10.1109/IECON.2002.1185259,2,5,Conference Proceeding
10.1109/IECON.2002.1185317,N/A,N/A,N/A
10.1109/PRDC.2002.1185620,N/A,N/A,N/A
10.1109/PRDC.2002.1185638,N/A,N/A,N/A
10.1109/CIE.2002.1185893,N/A,N/A,N/A
10.1109/CIE.2002.1186235,N/A,N/A,N/A
10.1109/MWSCAS.2002.1187163,N/A,N/A,N/A
10.1109/GLOCOM.2002.1188191,N/A,N/A,N/A
10.1109/EMAP.2002.1188820,1,4,Conference Proceeding
10.1109/GLOCOM.2002.1189135,N/A,N/A,N/A
10.1109/IWADS.2002.1194645,N/A,N/A,N/A
N/A,N/A,N/A,N/A
N/A,N/A,N/A,N/A
10.1109/SEW.2002.1199445,N/A,N/A,N/A
N/A,N/A,N/A,N/A
10.1109/SEW.2002.1199453,N/A,N/A,N/A
10.1109/SEW.2002.1199454,N/A,N/A,N/A
10.1109/SEW.2002.1199455,N/A,N/A,N/A
10.1109/SEW.2002.1199459,N/A,N/A,N/A
N/A,N/A,N/A,N/A
10.1109/ICONIP.2002.1201906,2,24,Conference Proceeding
10.1109/ICONIP.2002.1202830,N/A,N/A,N/A
10.1109/ICHQP.2002.1221413,N/A,N/A,N/A
10.1109/ICHQP.2002.1221416,2,1,Conference Proceeding
10.1109/ICHQP.2002.1221440,N/A,N/A,N/A
10.1109/WSS.2002.1224364,N/A,N/A,N/A
10.1109/HLDVT.2002.1224449,N/A,N/A,N/A
10.1109/NSSMIC.2002.1239571,N/A,N/A,N/A
10.1109/STEP.2002.1267623,N/A,N/A,N/A
10.1109/STEP.2002.1267624,4,18,Conference Proceeding
10.1109/IECEC.2002.1391970,N/A,N/A,N/A
10.1147/sj.414.0666,N/A,N/A,N/A
10.1109/12.980007,2,1,Journal
10.1109/12.980008,N/A,N/A,N/A
10.1109/54.980051,N/A,N/A,N/A
10.1109/65.980542,N/A,N/A,N/A
10.1109/RAMS.2002.981656,N/A,N/A,N/A
10.1109/RAMS.2002.981659,N/A,N/A,N/A
10.1109/RAMS.2002.981660,2,3,Journal
10.1109/RAMS.2002.981685,N/A,N/A,N/A
10.1109/5.982411,N/A,N/A,N/A
10.1109/5.982412,N/A,N/A,N/A
10.1109/2.982919,N/A,N/A,N/A
10.1109/2.989933,N/A,N/A,N/A
10.1109/54.990441,3,39,Journal
10.1109/94.993739,2,14,Journal
10.1109/HICSS.2002.993891,N/A,N/A,N/A
10.1109/HICSS.2002.993996,N/A,N/A,N/A
10.1109/HICSS.2002.994468,N/A,N/A,N/A
10.1109/DELTA.2002.994580,N/A,N/A,N/A
10.1109/ICDE.2002.994696,N/A,N/A,N/A
10.1109/24.994913,1,0,Journal
10.1109/ASPDAC.2002.994944,N/A,N/A,N/A
10.1109/IPCCC.2002.995173,N/A,N/A,N/A
10.1109/CSEE.2002.995210,N/A,N/A,N/A
10.1109/12.995450,N/A,N/A,N/A
10.1109/CSMR.2002.995794,2,0,Journal
10.1109/CSMR.2002.995795,N/A,N/A,N/A
10.1109/CSMR.2002.995811,N/A,N/A,N/A
10.1109/RELPHY.2002.996641,N/A,N/A,N/A
10.1109/ISQED.2002.996709,N/A,N/A,N/A
10.1109/ISQED.2002.996745,N/A,N/A,N/A
10.1109/ISQED.2002.996761,N/A,N/A,N/A
10.1109/ISQED.2002.996779,N/A,N/A,N/A
10.1109/ICC.2002.997046,N/A,N/A,N/A
10.1109/NEBC.2002.999543,N/A,N/A,N/A
10.1109/NRC.2002.999724,N/A,N/A,N/A
10.1109/ECBS.2002.999826,N/A,N/A,N/A
10.1109/ECBS.2002.999829,3,1,Conference Proceeding
10.1109/MIC.2003.1167347,N/A,N/A,N/A
10.1109/JPROC.2002.805822,N/A,N/A,N/A
10.1109/JPROC.2002.805828,N/A,N/A,N/A
10.1109/HICSS.2003.1174306,N/A,N/A,N/A
10.1109/HICSS.2003.1174808,N/A,N/A,N/A
10.1109/TSE.2003.1178058,N/A,N/A,N/A
10.1109/APEC.2003.1179207,N/A,N/A,N/A
10.1109/RAMS.2003.1181898,N/A,N/A,N/A
10.1109/RAMS.2003.1181899,N/A,N/A,N/A
10.1109/RAMS.2003.1181914,N/A,N/A,N/A
10.1109/RAMS.2003.1181930,N/A,N/A,N/A
10.1109/RAMS.2003.1181939,N/A,N/A,N/A
10.1109/SAINT.2003.1183039,N/A,N/A,N/A
10.1109/ICVD.2003.1183180,N/A,N/A,N/A
10.1109/TE.2002.808258,N/A,N/A,N/A
10.1109/TSE.2003.1183940,4,50,Journal
10.1109/CSEE.2003.1191386,N/A,N/A,N/A
10.1109/TIM.2003.809063,N/A,N/A,N/A
10.1109/CGO.2003.1191555,N/A,N/A,N/A
10.1109/TSE.2003.1191798,N/A,N/A,N/A
10.1109/CSMR.2003.1192426,N/A,N/A,N/A
10.1109/IWIAS.2003.1192456,N/A,N/A,N/A
10.1109/PERCOM.2003.1192750,N/A,N/A,N/A
10.1109/TBME.2003.809476,N/A,N/A,N/A
10.1109/ASMC.2003.1194511,N/A,N/A,N/A
10.1109/ASMC.2003.1194514,N/A,N/A,N/A
10.1109/MASS.2003.1194852,N/A,N/A,N/A
10.1109/DISCEX.2003.1194966,N/A,N/A,N/A
10.1109/ASPDAC.2003.1195123,N/A,N/A,N/A
10.1109/MS.2003.1196318,N/A,N/A,N/A
N/A,N/A,N/A,N/A
10.1109/VTEST.2003.1197648,2,2,Conference Proceeding
10.1109/VTEST.2003.1197681,N/A,N/A,N/A
10.1109/TPWRS.2003.811001,N/A,N/A,N/A
10.1109/TSE.2003.1199075,N/A,N/A,N/A
10.1109/WPC.2003.1199188,N/A,N/A,N/A
10.1109/WPC.2003.1199195,N/A,N/A,N/A
10.1109/NCA.2003.1201160,4,11,Conference Proceeding
10.1109/ICSE.2003.1201187,N/A,N/A,N/A
10.1109/ICSE.2003.1201188,N/A,N/A,N/A
10.1109/ICSE.2003.1201207,N/A,N/A,N/A
10.1109/ICSE.2003.1201224,N/A,N/A,N/A
10.1109/ICSE.2003.1201238,N/A,N/A,N/A
10.1109/ICSE.2003.1201243,N/A,N/A,N/A
10.1109/ICSE.2003.1201256,N/A,N/A,N/A
10.1109/ICSE.2003.1201273,N/A,N/A,N/A
N/A,N/A,N/A,N/A
10.1109/ICPS.2003.1201491,N/A,N/A,N/A
10.1109/SNPA.2003.1203359,N/A,N/A,N/A
10.1109/ICDCS.2003.1203457,N/A,N/A,N/A
10.1109/ICC.2003.1203932,N/A,N/A,N/A
10.1109/ICC.2003.1203942,N/A,N/A,N/A
10.1109/ICC.2003.1204485,N/A,N/A,N/A
10.1109/RRCON.2003.1204662,N/A,N/A,N/A
10.1109/JCDL.2003.1204842,N/A,N/A,N/A
10.1109/ISCAS.2003.1206436,N/A,N/A,N/A
10.1109/TSMCA.2003.812597,3,0,Journal
10.1109/MS.2003.1207450,N/A,N/A,N/A
10.1109/VETECS.2003.1207582,N/A,N/A,N/A
10.1109/CSD.2003.1207702,N/A,N/A,N/A
10.1109/INFCOM.2003.1208695,N/A,N/A,N/A
10.1109/VETECS.2003.1208913,N/A,N/A,N/A
10.1109/LICS.2003.1210075,N/A,N/A,N/A
10.1109/MWSYM.2003.1210554,N/A,N/A,N/A
10.1109/TR.2003.813166,N/A,N/A,N/A
10.1109/TR.2003.812624,3,10,Journal
10.1109/MWSYM.2003.1212595,N/A,N/A,N/A
10.1109/ASAP.2003.1212865,5,11,Conference Proceeding
10.1109/IVS.2003.1212877,N/A,N/A,N/A
10.1109/IWSOC.2003.1213054,N/A,N/A,N/A
10.1109/IPDPS.2003.1213261,N/A,N/A,N/A
10.1109/TSE.2003.1214331,N/A,N/A,N/A
10.1109/TC.2003.1214333,2,30,Journal
10.1109/OLT.2003.1214380,3,6,Journal
10.1109/OLT.2003.1214389,6,3,Conference Proceeding
10.1109/MCOM.2003.1215650,N/A,N/A,N/A
10.1109/CONTEL.2003.176946,N/A,N/A,N/A
10.1109/TMI.2003.815061,N/A,N/A,N/A
10.1109/ISATP.2003.1217209,3,0,Conference Proceeding
10.1109/TCSVT.2003.815173,N/A,N/A,N/A
10.1109/ICPADM.2003.1218607,N/A,N/A,N/A
10.1145/775832.775911,N/A,N/A,N/A
10.1109/DAC.2003.1219068,N/A,N/A,N/A
10.1145/775832.775992,N/A,N/A,N/A
10.1109/DAC.2003.1219128,N/A,N/A,N/A
N/A,N/A,N/A,N/A
10.1109/TC.2003.1223640,N/A,N/A,N/A
10.1109/TSE.2003.1223644,N/A,N/A,N/A
10.1109/IJCNN.2003.1223990,N/A,N/A,N/A
10.1109/COGINF.2003.1225966,N/A,N/A,N/A
10.1109/CCECE.2003.1226015,N/A,N/A,N/A
10.1109/CCECE.2003.1226139,N/A,N/A,N/A
10.1109/CCECE.2003.1226148,N/A,N/A,N/A
10.1109/CCECE.2003.1226246,N/A,N/A,N/A
10.1109/AICCSA.2003.1227498,N/A,N/A,N/A
10.1109/ICDAR.2003.1227690,N/A,N/A,N/A
10.1109/ICDAR.2003.1227694,N/A,N/A,N/A
10.1109/ICDAR.2003.1227739,N/A,N/A,N/A
10.1109/TC.2003.1228509,8,7,Journal
10.1109/TVLSI.2003.813011,N/A,N/A,N/A
10.1109/IWPSE.2003.1231205,N/A,N/A,N/A
10.1109/IWPSE.2003.1231218,N/A,N/A,N/A
10.1109/TNSRE.2003.816868,3,0,Journal
10.1109/ENABL.2003.1231400,N/A,N/A,N/A
10.1109/EURMIC.2003.1231608,N/A,N/A,N/A
10.1109/EURMIC.2003.1231626,N/A,N/A,N/A
10.1109/TKDE.2003.1232268,N/A,N/A,N/A
10.1109/TSE.2003.1232287,N/A,N/A,N/A
10.1109/SMCSIA.2003.1232410,N/A,N/A,N/A
10.1109/METRIC.2003.1232459,N/A,N/A,N/A
10.1109/METRIC.2003.1232461,N/A,N/A,N/A
10.1109/METRIC.2003.1232464,N/A,N/A,N/A
10.1109/METRIC.2003.1232465,N/A,N/A,N/A
10.1109/METRIC.2003.1232472,N/A,N/A,N/A
10.1109/METRIC.2003.1232476,N/A,N/A,N/A
10.1109/METRIC.2003.1232477,N/A,N/A,N/A
10.1109/METRIC.2003.1232479,2,43,Conference Proceeding
10.1109/ICRE.2003.1232767,N/A,N/A,N/A
10.1109/SBCCI.2003.1232832,N/A,N/A,N/A
10.1109/SBCCI.2003.1232850,N/A,N/A,N/A
10.1109/ENC.2003.1232877,N/A,N/A,N/A
10.1109/ICIAP.2003.1234126,N/A,N/A,N/A
10.1109/DEMPED.2003.1234558,6,11,Conference Proceeding
10.1109/ICSM.2003.1235408,N/A,N/A,N/A
10.1109/ICSM.2003.1235412,N/A,N/A,N/A
10.1109/ICSM.2003.1235427,N/A,N/A,N/A
10.1109/ICSM.2003.1235453,N/A,N/A,N/A
10.1109/PACRIM.2003.1235773,N/A,N/A,N/A
10.1109/PACRIM.2003.1235836,N/A,N/A,N/A
10.1109/SEFM.2003.1236224,N/A,N/A,N/A
10.1109/PDCAT.2003.1236365,N/A,N/A,N/A
10.1109/TSE.2003.1237172,N/A,N/A,N/A
10.1109/TSE.2003.1237174,N/A,N/A,N/A
10.1109/ISESE.2003.1237970,N/A,N/A,N/A
10.1109/ISESE.2003.1237976,3,1,Conference Proceeding
10.1109/ISESE.2003.1237980,N/A,N/A,N/A
10.1109/ISESE.2003.1237987,N/A,N/A,N/A
10.1109/RELDIS.2003.1238071,N/A,N/A,N/A
10.1109/RELDIS.2003.1238077,N/A,N/A,N/A
10.1109/RELDIS.2003.1238079,2,19,Conference Proceeding
10.1109/RELDIS.2003.1238084,N/A,N/A,N/A
10.1109/RELDIS.2003.1238089,N/A,N/A,N/A
10.1109/IM.2003.1240261,N/A,N/A,N/A
10.1109/ASE.2003.1240289,N/A,N/A,N/A
10.1109/ASE.2003.1240293,N/A,N/A,N/A
10.1109/ASE.2003.1240304,N/A,N/A,N/A
10.1109/ASE.2003.1240314,5,0,Journal
10.1109/ISMAR.2003.1240739,N/A,N/A,N/A
10.1109/ICCD.2003.1240894,N/A,N/A,N/A
10.1109/ICCD.2003.1240926,N/A,N/A,N/A
10.1109/SIEDS.2003.158003,N/A,N/A,N/A
10.1109/ICCNMC.2003.1243103,N/A,N/A,N/A
10.1109/AUTEST.2003.1243587,N/A,N/A,N/A
10.1109/TSM.2003.818958,N/A,N/A,N/A
10.1109/ICSMC.2003.1244265,N/A,N/A,N/A
10.1109/MC.2003.1244535,N/A,N/A,N/A
10.1109/TSE.2003.1245304,2,8,Journal
10.1109/CMPSAC.2003.1245339,N/A,N/A,N/A
10.1109/CMPSAC.2003.1245360,N/A,N/A,N/A
10.1109/CMPSAC.2003.1245391,N/A,N/A,N/A
10.1109/CMPSAC.2003.1245398,N/A,N/A,N/A
10.1109/ICSMC.2003.1245747,N/A,N/A,N/A
10.1109/TIM.2003.818737,N/A,N/A,N/A
10.1109/TIM.2003.818736,N/A,N/A,N/A
10.1109/TIM.2003.820443,N/A,N/A,N/A
10.1109/TIM.2003.820497,N/A,N/A,N/A
10.1109/ICIP.2003.1247171,N/A,N/A,N/A
10.1109/ICIP.2003.1247210,N/A,N/A,N/A
10.1109/ICIP.2003.1247376,N/A,N/A,N/A
10.1109/ETFA.2003.1247735,N/A,N/A,N/A
10.1109/EURCON.2003.1248197,N/A,N/A,N/A
10.1109/TR.2003.819502,N/A,N/A,N/A
10.1109/TIC.2003.1249093,N/A,N/A,N/A
10.1109/DFTVS.2003.1250089,N/A,N/A,N/A
10.1109/DFTVS.2003.1250153,N/A,N/A,N/A
10.1109/TAI.2003.1250167,N/A,N/A,N/A
10.1109/TAI.2003.1250214,N/A,N/A,N/A
10.1109/MTV.2003.1250257,N/A,N/A,N/A
10.1109/ATS.2003.1250793,3,2,Conference Proceeding
10.1109/ATS.2003.1250857,2,4,Conference Proceeding
10.1109/ATS.2003.1250858,N/A,N/A,N/A
10.1109/ATS.2003.1250881,N/A,N/A,N/A
10.1109/ISSRE.2003.1251026,2,24,Conference Proceeding
10.1109/ISSRE.2003.1251028,N/A,N/A,N/A
10.1109/ISSRE.2003.1251030,2,4,Journal
10.1109/ISSRE.2003.1251031,N/A,N/A,N/A
10.1109/ISSRE.2003.1251036,5,5,Journal
10.1109/ISSRE.2003.1251040,N/A,N/A,N/A
10.1109/ISSRE.2003.1251043,N/A,N/A,N/A
10.1109/ISSRE.2003.1251044,3,0,Journal
10.1109/ISSRE.2003.1251048,1,30,Conference Proceeding
10.1109/ISSRE.2003.1251061,N/A,N/A,N/A
10.1109/ISSRE.2003.1251067,N/A,N/A,N/A
10.1109/IPOM.2003.1251233,N/A,N/A,N/A
10.1109/CLUSTR.2003.1253361,N/A,N/A,N/A
10.1109/DATE.2003.1253643,N/A,N/A,N/A
10.1109/DATE.2003.1253806,N/A,N/A,N/A
10.1109/LCOMM.2003.821321,N/A,N/A,N/A
10.1109/APSEC.2003.1254387,N/A,N/A,N/A
10.1109/APSEC.2003.1254405,N/A,N/A,N/A
10.1109/MMSE.2003.1254424,N/A,N/A,N/A
10.1109/WISE.2003.1254478,N/A,N/A,N/A
10.1109/TVLSI.2003.819320,N/A,N/A,N/A
10.1109/TPC.2003.819640,N/A,N/A,N/A
10.1109/GLOCOM.2003.1258478,N/A,N/A,N/A
10.1109/GLOCOM.2003.1258751,N/A,N/A,N/A
10.1109/QSEPDS.2003.159814,N/A,N/A,N/A
10.1109/HCC.2003.1260208,N/A,N/A,N/A
10.1109/HCC.2003.1260245,11,141,Conference Proceeding
10.1109/PIMRC.2003.1260419,N/A,N/A,N/A
10.1109/TR.2003.821935,1,37,Journal
10.1109/ICDE.2003.1260831,N/A,N/A,N/A
10.1109/MM.2003.1261392,N/A,N/A,N/A
10.1109/GRID.2003.1261694,4,74,Conference Proceeding
10.1109/TDMR.2003.821668,N/A,N/A,N/A
10.1109/FIE.2003.1263306,N/A,N/A,N/A
10.1109/PIMRC.2003.1264303,N/A,N/A,N/A
10.1109/FIE.2003.1266021,N/A,N/A,N/A
10.1109/PES.2003.1267167,N/A,N/A,N/A
10.1109/PES.2003.1267237,N/A,N/A,N/A
10.1109/ISIE.2003.1267267,N/A,N/A,N/A
10.1109/ISIE.2003.1267318,N/A,N/A,N/A
10.1109/ITRE.2003.1270695,5,2,Conference Proceeding
10.1109/SEW.2003.1270742,1,2,Conference Proceeding
10.1109/SEW.2003.1270743,N/A,N/A,N/A
10.1109/CODESS.2003.1275252,N/A,N/A,N/A
10.1109/CODESS.2003.1275253,N/A,N/A,N/A
10.1109/CODESS.2003.1275285,N/A,N/A,N/A
10.1109/IEMBS.2003.1279809,N/A,N/A,N/A
10.1109/IECON.2003.1280638,N/A,N/A,N/A
10.1109/IEMBS.2003.1280783,N/A,N/A,N/A
10.1109/OCEANS.2003.178553,N/A,N/A,N/A
10.1109/VETECF.2003.1285951,N/A,N/A,N/A
10.1109/VETECF.2003.1286057,N/A,N/A,N/A
10.1109/DTIP.2003.1287003,N/A,N/A,N/A
10.1109/WCRE.2003.1287246,N/A,N/A,N/A
10.1109/MILCOM.2003.1290202,N/A,N/A,N/A
10.1109/ICIT.2003.1290245,N/A,N/A,N/A
10.1109/ICIT.2003.1290802,N/A,N/A,N/A
10.1109/IGARSS.2003.1294374,N/A,N/A,N/A
10.1109/CEC.2003.1299419,N/A,N/A,N/A
10.1109/QSIC.2003.1319084,N/A,N/A,N/A
10.1109/QSIC.2003.1319087,N/A,N/A,N/A
10.1109/QSIC.2003.1319096,N/A,N/A,N/A
10.1109/QSIC.2003.1319108,N/A,N/A,N/A
10.1109/QSIC.2003.1319120,N/A,N/A,N/A
10.1109/QSIC.2003.1319126,N/A,N/A,N/A
10.1109/TDC.2003.1335361,N/A,N/A,N/A
10.1109/WORDS.2003.1267488,N/A,N/A,N/A
10.1109/WORDS.2003.1267504,3,1,Journal
10.1109/INMIC.2003.1416611,N/A,N/A,N/A
10.1109/INMIC.2003.1416759,N/A,N/A,N/A
10.1109/PECON.2003.1437409,N/A,N/A,N/A
10.1049/ic.2003.0292,N/A,N/A,N/A
10.1109/DASC.2003.1245876,N/A,N/A,N/A
10.1109/SCS.2003.1227107,N/A,N/A,N/A
N/A,N/A,N/A,N/A
10.1109/DIAL.2004.1263253,N/A,N/A,N/A
10.1109/HICSS.2004.1265392,N/A,N/A,N/A
10.1109/HICSS.2004.1265715,N/A,N/A,N/A
10.1109/TSE.2004.1265733,3,15,Journal
10.1109/DATE.2004.1269072,N/A,N/A,N/A
10.1109/DATE.2004.1269211,N/A,N/A,N/A
10.1109/MS.2004.1270761,N/A,N/A,N/A
10.1109/TSE.2004.1271173,N/A,N/A,N/A
10.1109/EMPDP.2004.1271469,N/A,N/A,N/A
10.1109/TCSVT.2004.823391,N/A,N/A,N/A
10.1109/MIS.2004.1274907,N/A,N/A,N/A
10.1109/TCSI.2003.822738,N/A,N/A,N/A
10.1109/PRDC.2004.1276547,N/A,N/A,N/A
10.1109/PRDC.2004.1276557,N/A,N/A,N/A
10.1109/PRDC.2004.1276573,N/A,N/A,N/A
10.1109/PRDC.2004.1276593,N/A,N/A,N/A
10.1109/PRDC.2004.1276597,N/A,N/A,N/A
10.1109/TPWRD.2003.822966,N/A,N/A,N/A
10.1109/CSMR.2004.1281418,N/A,N/A,N/A
10.1109/CSMR.2004.1281429,N/A,N/A,N/A
10.1109/CSMR.2004.1281430,N/A,N/A,N/A
10.1109/ICDCS.2004.1281569,N/A,N/A,N/A
10.1109/ICDCS.2004.1281635,4,10,Conference Proceeding
10.1109/HASE.2004.1281729,N/A,N/A,N/A
10.1109/HASE.2004.1281730,N/A,N/A,N/A
10.1109/HASE.2004.1281731,N/A,N/A,N/A
10.1109/HASE.2004.1281737,N/A,N/A,N/A
10.1109/HASE.2004.1281738,N/A,N/A,N/A
10.1109/HASE.2004.1281739,N/A,N/A,N/A
10.1109/HASE.2004.1281751,N/A,N/A,N/A
10.1109/HASE.2004.1281768,N/A,N/A,N/A
10.1109/AINA.2004.1283854,N/A,N/A,N/A
10.1109/TIM.2003.820496,N/A,N/A,N/A
10.1109/RAMS.2004.1285438,N/A,N/A,N/A
10.1109/RAMS.2004.1285457,N/A,N/A,N/A
10.1109/RAMS.2004.1285479,N/A,N/A,N/A
10.1109/RAMS.2004.1285487,N/A,N/A,N/A
10.1109/CCNC.2004.1286830,N/A,N/A,N/A
10.1109/ICISIP.2004.1287624,N/A,N/A,N/A
10.1109/TC.2004.18,N/A,N/A,N/A
10.1109/ASWEC.2004.1290463,2,15,Conference Proceeding
10.1109/ASWEC.2004.1290468,N/A,N/A,N/A
10.1109/ASWEC.2004.1290480,N/A,N/A,N/A
10.1109/ASWEC.2004.1290484,N/A,N/A,N/A
10.1109/ICACT.2004.1292958,N/A,N/A,N/A
10.1109/ISPAN.2004.1300545,N/A,N/A,N/A
10.1115/RTD2004-66022,N/A,N/A,N/A
10.1109/ICAC.2004.1301348,N/A,N/A,N/A
10.1109/ICAC.2004.1301350,N/A,N/A,N/A
10.1109/ICAC.2004.1301358,N/A,N/A,N/A
10.1109/IPDPS.2004.1302994,N/A,N/A,N/A
10.1109/IPDPS.2004.1303089,N/A,N/A,N/A
10.1109/IPDPS.2004.1303237,N/A,N/A,N/A
10.1109/IPDPS.2004.1303306,N/A,N/A,N/A
10.1109/HPSR.2004.1303497,N/A,N/A,N/A
10.1109/TPC.2004.828205,N/A,N/A,N/A
10.1109/ROBOT.2004.1307190,N/A,N/A,N/A
10.1109/IPSN.2004.238782,N/A,N/A,N/A
10.1109/ICTTA.2004.1307903,N/A,N/A,N/A
10.1109/ROBOT.2004.1308024,N/A,N/A,N/A
10.1109/TR.2004.829134,N/A,N/A,N/A
10.1109/POLICY.2004.1309167,N/A,N/A,N/A
10.1109/ASMC.2004.1309573,N/A,N/A,N/A
10.1109/MS.2004.23,N/A,N/A,N/A
10.1109/MS.2004.25,N/A,N/A,N/A
10.1109/ICICDT.2004.1309897,N/A,N/A,N/A
10.1109/WICSA.2004.1310685,N/A,N/A,N/A
10.1109/ICECCS.2004.1310924,N/A,N/A,N/A
10.1109/WPC.2004.1311070,N/A,N/A,N/A
10.1109/WCNC.2004.1311817,N/A,N/A,N/A
10.1109/DSN.2004.1311897,N/A,N/A,N/A
10.1109/DSN.2004.1311903,N/A,N/A,N/A
10.1109/DSN.2004.1311904,N/A,N/A,N/A
10.1109/DSN.2004.1311909,N/A,N/A,N/A
10.1109/DSN.2004.1311919,N/A,N/A,N/A
10.1109/DSN.2004.1311926,N/A,N/A,N/A
10.1109/DSN.2004.1311930,N/A,N/A,N/A
10.1109/DSN.2004.1311956,N/A,N/A,N/A
10.1109/ICC.2004.1312682,N/A,N/A,N/A
10.1109/ICC.2004.1312762,N/A,N/A,N/A
10.1109/ICC.2004.1312933,N/A,N/A,N/A
10.1109/SMI.2004.1314518,N/A,N/A,N/A
10.1109/ICWS.2004.1314727,N/A,N/A,N/A
10.1109/ICWS.2004.1314732,N/A,N/A,N/A
10.1109/ICMEL.2004.1314953,N/A,N/A,N/A
10.1109/CVPR.2004.1315160,N/A,N/A,N/A
10.1109/TIA.2004.830772,N/A,N/A,N/A
10.1109/ICPADS.2004.1316073,N/A,N/A,N/A
10.1109/RTTAS.2004.1317249,N/A,N/A,N/A
10.1109/RTTAS.2004.1317289,N/A,N/A,N/A
10.1109/ICSE.2004.1317414,N/A,N/A,N/A
10.1109/ICSE.2004.1317439,N/A,N/A,N/A
10.1109/ICSE.2004.1317448,N/A,N/A,N/A
10.1109/ICSE.2004.1317450,11,0,Conference Proceeding
10.1109/NOMS.2004.1317646,N/A,N/A,N/A
10.1109/NOMS.2004.1317684,N/A,N/A,N/A
10.1109/NOMS.2004.1317752,N/A,N/A,N/A
10.1109/OLT.2004.1319689,4,0,Conference Proceeding
10.1145/996566.996581,N/A,N/A,N/A
10.1109/TEMC.2004.831815,N/A,N/A,N/A
10.1109/TC.2004.74,2,7,Journal
10.1109/ICPP.2004.1327925,8,8,Conference Proceeding
10.1109/ICPP.2004.1327960,N/A,N/A,N/A
10.1109/MSP.2004.1328096,N/A,N/A,N/A
10.1109/ISCAS.2004.1328890,N/A,N/A,N/A
10.1109/MS.2004.1331312,1,6,Journal
10.1109/TR.2004.832819,N/A,N/A,N/A
10.1109/TR.2004.833314,N/A,N/A,N/A
10.1109/EURMIC.2004.1333365,2,4,Conference Proceeding
10.1109/DEXA.2004.1333559,N/A,N/A,N/A
10.1109/ICPR.2004.1334682,N/A,N/A,N/A
10.1109/ISESE.2004.1334910,N/A,N/A,N/A
10.1109/ICRE.2004.1335682,N/A,N/A,N/A
10.1109/ICRE.2004.1335685,N/A,N/A,N/A
10.1109/JCDL.2004.240062,N/A,N/A,N/A
10.1109/NAFIPS.2004.1336240,2,9,Conference Proceeding
10.1109/CCGrid.2004.1336551,N/A,N/A,N/A
10.1109/NAFIPS.2004.1337342,N/A,N/A,N/A
10.1109/ASPDAC.2004.1337694,N/A,N/A,N/A
10.1109/ISVLSI.2004.1339504,2,11,Conference Proceeding
10.1109/WCICA.2004.1340973,N/A,N/A,N/A
10.1109/NETWKS.2004.240803,N/A,N/A,N/A
10.1109/ASAP.2004.1342457,N/A,N/A,N/A
10.1109/CMPSAC.2004.1342659,N/A,N/A,N/A
10.1109/CMPSAC.2004.1342660,N/A,N/A,N/A
10.1109/CMPSAC.2004.1342689,N/A,N/A,N/A
10.1109/CMPSAC.2004.1342690,N/A,N/A,N/A
10.1109/ASE.2004.1342723,N/A,N/A,N/A
10.1109/ASE.2004.1342737,N/A,N/A,N/A
10.1109/ASE.2004.1342742,N/A,N/A,N/A
10.1109/ASE.2004.1342774,N/A,N/A,N/A
10.1109/CMPSAC.2004.1342814,N/A,N/A,N/A
10.1109/CMPSAC.2004.1342825,N/A,N/A,N/A
10.1109/CMPSAC.2004.1342826,N/A,N/A,N/A
10.1109/CMPSAC.2004.1342839,N/A,N/A,N/A
10.1109/CMPSAC.2004.1342850,N/A,N/A,N/A
10.1109/CMPSAC.2004.1342890,N/A,N/A,N/A
10.1109/CMPSAC.2004.1342894,N/A,N/A,N/A
10.1109/IAT.2004.1342937,N/A,N/A,N/A
N/A,N/A,N/A,N/A
10.1109/CCECE.2004.1345021,N/A,N/A,N/A
10.1109/CCECE.2004.1345092,N/A,N/A,N/A
10.1109/CCECE.2004.1345286,N/A,N/A,N/A
10.1109/MELCON.2004.1347044,N/A,N/A,N/A
10.1109/MIS.2004.40,3,45,Journal
10.1109/SEFM.2004.1347512,N/A,N/A,N/A
10.1109/SEFM.2004.1347523,N/A,N/A,N/A
10.1109/SEFM.2004.1347539,2,17,Conference Proceeding
10.1109/NCA.2004.1347757,N/A,N/A,N/A
10.1109/NCA.2004.1347794,N/A,N/A,N/A
10.1109/DFTVS.2004.1347835,N/A,N/A,N/A
10.1109/DFTVS.2004.1347850,2,10,Conference Proceeding
10.1109/DFTVS.2004.1347863,N/A,N/A,N/A
10.1109/MASCOT.2004.1348285,N/A,N/A,N/A
10.1109/TDSC.2004.15,N/A,N/A,N/A
10.1109/RELDIS.2004.1353010,2,6,Conference Proceeding
10.1109/MS.2004.54,N/A,N/A,N/A
10.1109/MS.2004.56,N/A,N/A,N/A
10.1109/MWSCAS.2004.1354210,N/A,N/A,N/A
10.1109/INFCOM.2004.1354680,N/A,N/A,N/A
10.1109/PESC.2004.1355328,N/A,N/A,N/A
10.1109/PESC.2004.1355430,N/A,N/A,N/A
10.1109/ICSM.2004.1357785,2,11,Conference Proceeding
10.1109/ICSM.2004.1357786,N/A,N/A,N/A
10.1109/ICSM.2004.1357787,N/A,N/A,N/A
10.1109/ICSM.2004.1357790,N/A,N/A,N/A
10.1109/ICSM.2004.1357820,N/A,N/A,N/A
10.1109/ICSM.2004.1357838,N/A,N/A,N/A
10.1109/ICSM.2004.1357862,N/A,N/A,N/A
10.1109/METRIC.2004.1357888,N/A,N/A,N/A
10.1109/METRIC.2004.1357900,N/A,N/A,N/A
10.1109/METRIC.2004.1357907,N/A,N/A,N/A
10.1109/METRIC.2004.1357908,N/A,N/A,N/A
10.1109/METRIC.2004.1357909,5,8,Conference Proceeding
10.1109/METRIC.2004.1357917,N/A,N/A,N/A
10.1109/METRIC.2004.1357918,N/A,N/A,N/A
10.1109/METRIC.2004.1357919,N/A,N/A,N/A
10.1109/METRIC.2004.1357924,N/A,N/A,N/A
10.1109/QSIC.2004.1357940,3,0,Journal
10.1109/QSIC.2004.1357941,N/A,N/A,N/A
10.1109/QSIC.2004.1357955,N/A,N/A,N/A
10.1109/QSIC.2004.1357958,N/A,N/A,N/A
10.1109/QSIC.2004.1357962,N/A,N/A,N/A
10.1109/ICCS.2004.1359429,N/A,N/A,N/A
10.1109/TSE.2004.79,N/A,N/A,N/A
10.1109/LCOMM.2004.837626,N/A,N/A,N/A
10.1109/SOCC.2004.1362334,N/A,N/A,N/A
10.1109/TCE.2004.1362511,N/A,N/A,N/A
10.1109/JSAC.2004.836012,N/A,N/A,N/A
10.1109/AERO.2004.1368020,4,14,Conference Proceeding
10.1109/AERO.2004.1368178,N/A,N/A,N/A
10.1109/AERO.2004.1368197,N/A,N/A,N/A
10.1109/MASSUR.2004.1368421,N/A,N/A,N/A
10.1109/TEVC.2004.837108,N/A,N/A,N/A
10.1109/TNS.2004.839110,3,58,Journal
10.1109/TNS.2004.839643,N/A,N/A,N/A
10.1109/IGARSS.2004.1369848,N/A,N/A,N/A
10.1109/IGARSS.2004.1370183,N/A,N/A,N/A
10.1109/WSC.2004.1371309,N/A,N/A,N/A
10.1109/WSC.2004.1371517,N/A,N/A,N/A
10.1109/APSEC.2004.28,N/A,N/A,N/A
10.1109/APSEC.2004.29,N/A,N/A,N/A
10.1109/APSEC.2004.27,N/A,N/A,N/A
10.1109/APSEC.2004.17,N/A,N/A,N/A
10.1109/APSEC.2004.72,N/A,N/A,N/A
10.1109/APSEC.2004.49,N/A,N/A,N/A
10.1109/APSEC.2004.95,N/A,N/A,N/A
N/A,N/A,N/A,N/A
10.1109/PES.2004.1372735,N/A,N/A,N/A
10.1109/PES.2004.1373123,N/A,N/A,N/A
10.1109/ICTAI.2004.62,N/A,N/A,N/A
10.1109/ICTAI.2004.93,N/A,N/A,N/A
10.1109/WCRE.2004.31,N/A,N/A,N/A
10.1109/WCRE.2004.11,N/A,N/A,N/A
10.1109/WCRE.2004.9,N/A,N/A,N/A
10.1109/WCRE.2004.12,N/A,N/A,N/A
10.1109/ATS.2004.84,5,0,Book Series
10.1109/ATS.2004.44,N/A,N/A,N/A
10.1109/ATS.2004.33,N/A,N/A,N/A
10.1109/MMSE.2004.1,N/A,N/A,N/A
10.1109/MMSE.2004.38,N/A,N/A,N/A
10.1109/PCEE.2004.32,N/A,N/A,N/A
10.1109/ENABL.2004.32,N/A,N/A,N/A
10.1109/TSE.2004.91,5,0,Journal
10.1109/CSAC.2004.37,N/A,N/A,N/A
10.1109/ICMLC.2004.1378603,N/A,N/A,N/A
N/A,N/A,N/A,N/A
10.1109/GLOCOM.2004.1378951,N/A,N/A,N/A
10.1109/ELINSL.2004.1380659,N/A,N/A,N/A
10.1109/IJCNN.2004.1380969,N/A,N/A,N/A
10.1109/ICMLC.2004.1382217,N/A,N/A,N/A
10.1109/ICMLC.2004.1382283,N/A,N/A,N/A
10.1109/ICMLC.2004.1382338,N/A,N/A,N/A
10.1109/ISSRE.2004.16,N/A,N/A,N/A
10.1109/ISSRE.2004.2,N/A,N/A,N/A
10.1109/ISSRE.2004.33,N/A,N/A,N/A
10.1109/ISSRE.2004.9,N/A,N/A,N/A
10.1109/ISSRE.2004.7,N/A,N/A,N/A
10.1109/ISSRE.2004.6,N/A,N/A,N/A
10.1109/ISSRE.2004.40,N/A,N/A,N/A
10.1109/ISSRE.2004.15,N/A,N/A,N/A
10.1109/ISSRE.2004.42,N/A,N/A,N/A
10.1109/ISSRE.2004.35,4,2,Journal
10.1109/ISSRE.2004.30,N/A,N/A,N/A
10.1109/SCAM.2004.16,N/A,N/A,N/A
10.1109/TEST.2004.1386930,N/A,N/A,N/A
10.1109/TEST.2004.1386990,N/A,N/A,N/A
10.1109/TEST.2004.1387332,N/A,N/A,N/A
10.1109/DASC.2004.1390739,N/A,N/A,N/A
10.1109/SC.2004.33,N/A,N/A,N/A
10.1109/SC.2004.12,4,0,Conference Proceeding
10.1109/FPT.2004.1393322,N/A,N/A,N/A
10.1109/ICME.2004.1394434,N/A,N/A,N/A
10.1109/PCCC.2004.1395179,N/A,N/A,N/A
10.1109/PSCE.2004.1397423,N/A,N/A,N/A
10.1109/ISBI.2004.1398668,N/A,N/A,N/A
10.1109/ACSSC.2004.1399567,N/A,N/A,N/A
10.1109/INTLEC.2004.1401531,N/A,N/A,N/A
10.1109/IEMBS.2004.1403119,N/A,N/A,N/A
10.1109/VETECF.2004.1404713,N/A,N/A,N/A
10.1109/IEMC.2004.1407078,N/A,N/A,N/A
10.1109/FIE.2004.1408762,N/A,N/A,N/A
10.1109/ICHQP.2004.1409362,N/A,N/A,N/A
10.1109/IWIA.2004.10012,N/A,N/A,N/A
10.1109/WSE.2004.10015,N/A,N/A,N/A
10.1109/TENCON.2004.1414576,N/A,N/A,N/A
10.1109/TENCON.2004.1414597,N/A,N/A,N/A
10.1109/ULTSYM.2004.1417911,N/A,N/A,N/A
10.1109/ISAF.2004.1418329,N/A,N/A,N/A
10.1109/ICIP.2004.1419724,N/A,N/A,N/A
N/A,N/A,N/A,N/A
10.1109/CDC.2004.1428895,N/A,N/A,N/A
10.1109/HLDVT.2004.1431227,N/A,N/A,N/A
10.1109/IRI.2004.1431478,N/A,N/A,N/A
10.1109/ISSPIT.2004.1433746,N/A,N/A,N/A
10.1109/ISIMP.2004.1434043,N/A,N/A,N/A
10.1109/ICM.2004.1434190,N/A,N/A,N/A
10.1109/ICSICT.2004.1436823,N/A,N/A,N/A
10.1109/AUTEST.2004.1436853,N/A,N/A,N/A
10.1109/IAW.2004.1437847,N/A,N/A,N/A
N/A,N/A,N/A,N/A
10.1109/ISPACS.2004.1439076,N/A,N/A,N/A
10.1109/ICPST.2004.1460088,N/A,N/A,N/A
10.1109/ICPST.2004.1460147,N/A,N/A,N/A
10.1109/NSSMIC.2004.1462556,N/A,N/A,N/A
10.1109/ICARCV.2004.1468843,N/A,N/A,N/A
N/A,N/A,N/A,N/A
10.1109/INMIC.2004.1492912,N/A,N/A,N/A
10.1109/INMIC.2004.1492919,N/A,N/A,N/A
10.1109/CJECE.2004.1532522,N/A,N/A,N/A
10.1109/STEP.2004.11,N/A,N/A,N/A
N/A,N/A,N/A,N/A
N/A,N/A,N/A,N/A
10.1109/TCAD.2004.839486,N/A,N/A,N/A
10.1109/TPWRD.2004.837836,4,175,Journal
10.1109/HICSS.2005.80,N/A,N/A,N/A
10.1109/HICSS.2005.77,N/A,N/A,N/A
10.1109/HICSS.2005.492,N/A,N/A,N/A
10.1109/AICCSA.2005.1387023,N/A,N/A,N/A
10.1109/AICCSA.2005.1387025,N/A,N/A,N/A
10.1109/AICCSA.2005.1387101,N/A,N/A,N/A
10.1109/AICCSA.2005.1387113,N/A,N/A,N/A
10.1109/TSE.2005.12,N/A,N/A,N/A
10.1109/TSE.2005.5,N/A,N/A,N/A
10.1109/JPROC.2004.842764,N/A,N/A,N/A
10.1109/ASWEC.2005.24,N/A,N/A,N/A
10.1109/ASWEC.2005.33,N/A,N/A,N/A
10.1109/ASWEC.2005.22,N/A,N/A,N/A
10.1109/CSMR.2005.7,N/A,N/A,N/A
10.1109/CSMR.2005.53,N/A,N/A,N/A
10.1109/CSMR.2005.6,N/A,N/A,N/A
10.1109/CSMR.2005.11,N/A,N/A,N/A
10.1109/EEE.2005.82,N/A,N/A,N/A
10.1109/MIC.2005.45,N/A,N/A,N/A
10.1109/MIC.2005.31,3,25,Journal
10.1109/MITP.2005.1407809,N/A,N/A,N/A
10.1109/TPAMI.2005.89,N/A,N/A,N/A
10.1109/TMM.2005.843364,N/A,N/A,N/A
10.1109/ECBS.2005.35,N/A,N/A,N/A
10.1109/ECBS.2005.49,N/A,N/A,N/A
10.1109/ECBS.2005.38,N/A,N/A,N/A
10.1109/ECBS.2005.32,N/A,N/A,N/A
10.1109/ECBS.2005.56,N/A,N/A,N/A
10.1109/ICDE.2005.13,N/A,N/A,N/A
10.1109/ISQED.2005.12,N/A,N/A,N/A
10.1109/TPWRD.2004.834670,N/A,N/A,N/A
10.1109/MSPEC.2005.1413722,N/A,N/A,N/A
10.1109/TDSC.2005.11,2,11,Journal
10.1109/JLT.2004.841446,N/A,N/A,N/A
10.1109/IPDPS.2005.316,N/A,N/A,N/A
10.1109/IPDPS.2005.166,N/A,N/A,N/A
10.1109/TSA.2005.845817,N/A,N/A,N/A
10.1109/ISORC.2005.6,N/A,N/A,N/A
10.1109/ISORC.2005.60,N/A,N/A,N/A
10.1109/ISORC.2005.23,N/A,N/A,N/A
10.1109/WPC.2005.12,N/A,N/A,N/A
10.1109/SWSTE.2005.1,2,2,Conference Proceeding
10.1109/AINA.2005.134,N/A,N/A,N/A
10.1109/TSE.2005.36,N/A,N/A,N/A
10.1109/WCNC.2005.1424700,N/A,N/A,N/A
10.1109/TCSVT.2005.846414,N/A,N/A,N/A
10.1109/TCOMM.2005.844934,N/A,N/A,N/A
10.1109/JPROC.2005.846336,N/A,N/A,N/A
10.1109/ITCC.2005.187,N/A,N/A,N/A
10.1109/ICPWC.2005.1431343,N/A,N/A,N/A
10.1109/ISCA.2005.21,1,0,Journal
10.1109/SNPD-SAWN.2005.54,N/A,N/A,N/A
10.1109/SNPD-SAWN.2005.9,N/A,N/A,N/A
10.1109/SNPD-SAWN.2005.58,N/A,N/A,N/A
10.1109/TSE.2005.50,N/A,N/A,N/A
10.1109/TSE.2005.49,3,0,Journal
10.1109/ISEE.2005.1437024,N/A,N/A,N/A
10.1109/ICDCS.2005.38,N/A,N/A,N/A
10.1109/MS.2005.79,N/A,N/A,N/A
10.1109/INM.2005.1440793,N/A,N/A,N/A
10.1109/INM.2005.1440805,N/A,N/A,N/A
10.1109/INM.2005.1440810,N/A,N/A,N/A
10.1109/VTS.2005.59,N/A,N/A,N/A
10.1109/ISADS.2005.1452016,N/A,N/A,N/A
10.1109/ISADS.2005.1452041,N/A,N/A,N/A
10.1109/ISADS.2005.1452132,N/A,N/A,N/A
10.1109/ISADS.2005.1452151,N/A,N/A,N/A
10.1109/TDSC.2005.15,N/A,N/A,N/A
10.1109/POLICY.2005.14,N/A,N/A,N/A
10.1109/CONTEL.2005.185980,N/A,N/A,N/A
10.1109/TNET.2005.850205,N/A,N/A,N/A
10.1109/MS.2005.100,N/A,N/A,N/A
10.1109/TSE.2005.74,N/A,N/A,N/A
10.1109/ISCAS.2005.1465861,N/A,N/A,N/A
10.1109/.2005.1467092,4,13,Conference Proceeding
10.1109/CVPR.2005.91,N/A,N/A,N/A
10.1109/DSN.2005.22,N/A,N/A,N/A
10.1109/DSN.2005.74,6,13,Conference Proceeding
10.1109/DSN.2005.21,N/A,N/A,N/A
10.1109/DSN.2005.38,2,10,Conference Proceeding
10.1109/DSN.2005.72,N/A,N/A,N/A
10.1109/DSN.2005.46,N/A,N/A,N/A
10.1109/ICECCS.2005.11,N/A,N/A,N/A
10.1109/ICECCS.2005.26,N/A,N/A,N/A
10.1109/ICECCS.2005.55,N/A,N/A,N/A
10.1109/MEMCOD.2005.1487927,N/A,N/A,N/A
10.1109/PVSC.2005.1488249,N/A,N/A,N/A
10.1109/PES.2005.1489216,N/A,N/A,N/A
10.1109/MSAN.2005.1489940,N/A,N/A,N/A
10.1109/TSE.2005.83,N/A,N/A,N/A
10.1109/ICC.2005.1494367,N/A,N/A,N/A
10.1109/ICCCAS.2005.1495278,N/A,N/A,N/A
10.1109/TII.2005.852070,N/A,N/A,N/A
10.1109/ISEIM.2005.193596,N/A,N/A,N/A
10.1109/ICAC.2005.62,N/A,N/A,N/A
10.1109/ICAC.2005.18,N/A,N/A,N/A
10.1109/ICAC.2005.40,N/A,N/A,N/A
10.1109/ICAC.2005.45,N/A,N/A,N/A
10.1109/ICAC.2005.7,N/A,N/A,N/A
10.1109/IOLTS.2005.40,N/A,N/A,N/A
10.1109/IOLTS.2005.13,N/A,N/A,N/A
10.1109/IOLTS.2005.32,3,15,Conference Proceeding
10.1109/MTDT.2005.34,N/A,N/A,N/A
10.1109/TSE.2005.89,N/A,N/A,N/A
10.1109/TSE.2005.86,N/A,N/A,N/A
10.1109/TSE.2005.95,N/A,N/A,N/A
10.1109/ICSSSM.2005.1499472,N/A,N/A,N/A
10.1109/ICSSSM.2005.1499530,N/A,N/A,N/A
10.1109/ICSSSM.2005.1499534,N/A,N/A,N/A
10.1109/VDAT.2005.1500054,N/A,N/A,N/A
10.1109/TPDS.2005.125,N/A,N/A,N/A
10.1109/TNB.2005.853656,N/A,N/A,N/A
10.1109/ISCE.2005.1502362,N/A,N/A,N/A
10.1109/MIM.2005.1502445,N/A,N/A,N/A
10.1109/JSEN.2005.845202,3,16,Journal
10.1109/CCM.2005.1506360,N/A,N/A,N/A
10.1109/IRI-05.2005.1506475,N/A,N/A,N/A
10.1109/MASSUR.2005.1507043,N/A,N/A,N/A
10.1109/COMPSAC.2005.20,4,2,Conference Proceeding
10.1109/ACSD.2005.29,N/A,N/A,N/A
10.1109/CMV.2005.11,N/A,N/A,N/A
10.1109/ECRTS.2005.33,N/A,N/A,N/A
10.1109/ECRTS.2005.27,N/A,N/A,N/A
10.1109/FCCM.2005.5,N/A,N/A,N/A
10.1109/IV.2005.149,N/A,N/A,N/A
10.1109/METRICS.2005.44,N/A,N/A,N/A
10.1109/METRICS.2005.12,N/A,N/A,N/A
10.1109/METRICS.2005.10,5,0,Journal
10.1109/METRICS.2005.31,N/A,N/A,N/A
10.1109/METRICS.2005.26,3,25,Conference Proceeding
10.1109/VLHCC.2005.74,N/A,N/A,N/A
10.1109/WICON.2005.5,N/A,N/A,N/A
10.1109/COMPSAC.2005.19,3,5,Conference Proceeding
10.1109/COMPSAC.2005.121,N/A,N/A,N/A
10.1109/COMPSAC.2005.82,N/A,N/A,N/A
10.1109/COMPSAC.2005.151,N/A,N/A,N/A
10.1109/COMPSAC.2005.26,N/A,N/A,N/A
10.1109/ICSM.2005.9,2,50,Conference Proceeding
10.1109/ICSM.2005.69,N/A,N/A,N/A
10.1109/ICSM.2005.87,N/A,N/A,N/A
10.1109/ICSM.2005.19,N/A,N/A,N/A
10.1109/ICSM.2005.47,N/A,N/A,N/A
10.1109/ICSM.2005.101,N/A,N/A,N/A
10.1109/ICSM.2005.63,N/A,N/A,N/A
10.1109/TNN.2005.853411,N/A,N/A,N/A
10.1109/RAST.2005.1512597,N/A,N/A,N/A
10.1109/WIMOB.2005.1512871,N/A,N/A,N/A
10.1109/JSAC.2005.854119,N/A,N/A,N/A
10.1109/ICIS.2005.17,N/A,N/A,N/A
10.1109/ICIS.2005.121,N/A,N/A,N/A
10.1109/ICIS.2005.60,N/A,N/A,N/A
10.1109/ICW.2005.50,N/A,N/A,N/A
10.1109/ICW.2005.66,N/A,N/A,N/A
10.1109/FPL.2005.1515723,4,2,Conference Proceeding
10.1109/PACRIM.2005.1517373,N/A,N/A,N/A
10.1109/EUROMICRO.2005.19,N/A,N/A,N/A
10.1109/EUROMICRO.2005.9,N/A,N/A,N/A
10.1109/IAS.2005.1518286,5,32,Conference Proceeding
10.1109/SEW.2005.30,N/A,N/A,N/A
10.1109/SEW.2005.43,N/A,N/A,N/A
10.1109/SEW.2005.22,N/A,N/A,N/A
10.1109/SEW.2005.35,N/A,N/A,N/A
10.1109/SEW.2005.33,N/A,N/A,N/A
10.1109/ISPA.2005.195433,N/A,N/A,N/A
10.1109/ICME.2005.1521703,N/A,N/A,N/A
10.1109/ICCD.2005.86,N/A,N/A,N/A
10.1109/ICPADS.2005.79,N/A,N/A,N/A
10.1109/ESTS.2005.1524673,N/A,N/A,N/A
10.1109/MS.2005.153,N/A,N/A,N/A
10.1109/MS.2005.149,3,2,Journal
10.1109/MS.2005.164,N/A,N/A,N/A
10.1109/ICMLC.2005.1527245,N/A,N/A,N/A
10.1109/ICIP.2005.1529827,N/A,N/A,N/A
10.1109/ICIP.2005.1529864,4,11,Conference Proceeding
10.1109/ICWS.2005.43,N/A,N/A,N/A
10.1109/ICWS.2005.83,N/A,N/A,N/A
10.1109/IWSOC.2005.71,N/A,N/A,N/A
10.1109/ICPADS.2005.130,N/A,N/A,N/A
10.1109/CSBW.2005.128,N/A,N/A,N/A
10.1109/CSBW.2005.94,N/A,N/A,N/A
10.1109/ISESE.2005.1541815,N/A,N/A,N/A
10.1109/ISESE.2005.1541823,N/A,N/A,N/A
10.1109/ISESE.2005.1541826,N/A,N/A,N/A
10.1109/TDSC.2005.51,3,61,Journal
10.1109/TSE.2005.115,N/A,N/A,N/A
10.1109/TSE.2005.107,N/A,N/A,N/A
10.1109/TSE.2005.117,2,157,Journal
10.1109/TSE.2005.112,5,0,Conference Proceeding
10.1109/MAHSS.2005.1542810,N/A,N/A,N/A
10.1109/DFTVS.2005.14,3,1,Book Series
10.1109/DFTVS.2005.10,N/A,N/A,N/A
10.1109/DFTVS.2005.47,N/A,N/A,N/A
10.1109/DFTVS.2005.17,N/A,N/A,N/A
10.1109/DFTVS.2005.53,N/A,N/A,N/A
10.1109/ICNP.2005.7,N/A,N/A,N/A
10.1109/ISMAR.2005.24,N/A,N/A,N/A
10.1109/ISSRE.2005.36,N/A,N/A,N/A
10.1109/ISSRE.2005.18,3,0,Journal
10.1109/ISSRE.2005.39,4,8,Conference Proceeding
10.1109/ISSRE.2005.35,N/A,N/A,N/A
10.1109/ISSRE.2005.9,N/A,N/A,N/A
10.1109/ISSRE.2005.19,3,31,Conference Proceeding
10.1109/ISSRE.2005.6,N/A,N/A,N/A
10.1109/IWSE.2005.1,N/A,N/A,N/A
10.1109/WORDS.2005.32,4,100,Conference Proceeding
10.1109/WORDS.2005.54,N/A,N/A,N/A
10.1109/IROS.2005.1545581,N/A,N/A,N/A
10.1109/TEVC.2005.856206,N/A,N/A,N/A
10.1109/TDC.2005.1546843,N/A,N/A,N/A
10.1109/TDC.2005.1547150,N/A,N/A,N/A
10.1109/RTC.2005.1547412,N/A,N/A,N/A
10.1109/NAFIPS.2005.1548501,N/A,N/A,N/A
10.1109/NAFIPS.2005.1548577,N/A,N/A,N/A
10.1109/NAFIPS.2005.1548625,N/A,N/A,N/A
10.1109/WIRLES.2005.1549474,N/A,N/A,N/A
10.1109/LCN.2005.49,N/A,N/A,N/A
10.1109/LCN.2005.70,N/A,N/A,N/A
10.1109/LCN.2005.14,N/A,N/A,N/A
10.1109/SOSE.2005.28,5,2,Conference Proceeding
10.1109/SOSE.2005.24,N/A,N/A,N/A
10.1109/SOSE.2005.41,N/A,N/A,N/A
10.1109/ICSE.2005.1553537,N/A,N/A,N/A
10.1109/ICSE.2005.1553565,N/A,N/A,N/A
10.1109/ICSE.2005.1553567,N/A,N/A,N/A
10.1109/ICSE.2005.1553571,2,0,Conference Proceeding
10.1109/ICSE.2005.1553572,N/A,N/A,N/A
10.1109/ICSE.2005.1553583,N/A,N/A,N/A
10.1109/ICSE.2005.1553604,N/A,N/A,N/A
10.1109/CEC.2005.1554919,N/A,N/A,N/A
10.1109/CEC.2005.1555021,N/A,N/A,N/A
10.1109/TSE.2005.127,N/A,N/A,N/A
10.1109/CCECE.2005.1557156,N/A,N/A,N/A
10.1109/ICET.2005.1558923,N/A,N/A,N/A
10.1109/AERO.2005.1559687,N/A,N/A,N/A
10.1109/AERO.2005.1559699,N/A,N/A,N/A
10.1109/ICAS-ICNS.2005.24,N/A,N/A,N/A
10.1109/ITHET.2005.1560294,N/A,N/A,N/A
10.1109/NAPS.2005.1560529,6,3,Conference Proceeding
10.1109/CEIDP.2005.1560677,3,2,Conference Proceeding
10.1109/ICSENG.2005.11,N/A,N/A,N/A
10.1109/SERA.2005.13,1,1,Conference Proceeding
10.1109/SERA.2005.20,1,5,Conference Proceeding
10.1109/SERA.2005.15,N/A,N/A,N/A
10.1109/SERA.2005.33,N/A,N/A,N/A
10.1109/SERA.2005.34,N/A,N/A,N/A
10.1109/SERA.2005.57,N/A,N/A,N/A
10.1109/CSAC.2005.17,N/A,N/A,N/A
10.1109/CSAC.2005.62,N/A,N/A,N/A
10.1109/ICDM.2005.120,N/A,N/A,N/A
10.1109/ISM.2005.36,N/A,N/A,N/A
10.1109/NCA.2005.49,N/A,N/A,N/A
10.1109/MM.2005.104,2,0,Book Series
10.1109/MM.2005.122,N/A,N/A,N/A
10.1109/ISCIT.2005.1566913,N/A,N/A,N/A
10.1109/ISCIT.2005.1566990,N/A,N/A,N/A
10.1109/VECIMS.2005.1567550,N/A,N/A,N/A
10.1145/1095242.1095262,3,4,Conference Proceeding
10.1109/IWPSE.2005.33,N/A,N/A,N/A
10.1109/IWPSE.2005.8,N/A,N/A,N/A
10.1109/FREQ.2005.1573955,N/A,N/A,N/A
10.1109/WSC.2005.1574354,N/A,N/A,N/A
10.1109/ATS.2005.15,4,2,Conference Proceeding
10.1109/ISPAN.2005.90,N/A,N/A,N/A
10.1109/SEFM.2005.17,N/A,N/A,N/A
10.1109/SEFM.2005.20,N/A,N/A,N/A
10.1109/QSIC.2005.63,N/A,N/A,N/A
10.1109/QSIC.2005.46,N/A,N/A,N/A
10.1109/QSIC.2005.24,N/A,N/A,N/A
10.1109/QSIC.2005.3,N/A,N/A,N/A
10.1109/QSIC.2005.4,N/A,N/A,N/A
10.1109/QSIC.2005.67,N/A,N/A,N/A
10.1109/CDC.2005.1582175,N/A,N/A,N/A
10.1109/CDC.2005.1582409,N/A,N/A,N/A
10.1109/TEST.2005.1583974,3,23,Conference Proceeding
10.1109/TEST.2005.1584134,N/A,N/A,N/A
10.1109/DICTA.2005.12,N/A,N/A,N/A
10.1109/FIRB-PERF.2005.15,N/A,N/A,N/A
10.1109/SECCMW.2005.1588323,N/A,N/A,N/A
10.1109/APSITT.2005.203649,N/A,N/A,N/A
10.1109/MWSCAS.2005.1594305,N/A,N/A,N/A
10.1109/SYNASC.2005.20,N/A,N/A,N/A
10.1109/CANET.2005.1598203,2,1,Conference Proceeding
10.1109/EMAP.2005.1598243,N/A,N/A,N/A
10.1109/ICICT.2005.1598598,N/A,N/A,N/A
10.1109/FPS.2005.204246,2,5,Conference Proceeding
10.1109/ICIT.2005.1600684,3,30,Conference Proceeding
10.1109/IMTC.2005.1604065,N/A,N/A,N/A
10.1109/MILCOM.2005.1605890,N/A,N/A,N/A
10.1109/APSEC.2005.79,N/A,N/A,N/A
10.1109/APSEC.2005.33,N/A,N/A,N/A
10.1109/APSEC.2005.97,3,4,Conference Proceeding
10.1109/APSEC.2005.69,2,0,Conference Proceeding
10.1109/APSEC.2005.86,N/A,N/A,N/A
10.1109/APSEC.2005.39,N/A,N/A,N/A
10.1109/APSEC.2005.43,N/A,N/A,N/A
10.1109/ICMLA.2005.39,N/A,N/A,N/A
10.1109/ICMLA.2005.52,N/A,N/A,N/A
10.1109/PRDC.2005.21,N/A,N/A,N/A
10.1109/PRDC.2005.22,N/A,N/A,N/A
10.1109/PRDC.2005.52,N/A,N/A,N/A
10.1109/EUMC.2005.1608883,N/A,N/A,N/A
10.1109/AUTEST.2005.1609096,N/A,N/A,N/A
10.1109/AUTEST.2005.1609201,N/A,N/A,N/A
10.1109/ITICT.2005.1609626,N/A,N/A,N/A
10.1109/ITICT.2005.1609664,N/A,N/A,N/A
10.1109/ICESS.2005.52,N/A,N/A,N/A
10.1109/ISPDC.2005.34,N/A,N/A,N/A
10.1109/SIBCON.2005.1611189,N/A,N/A,N/A
10.1109/FIE.2005.1611948,N/A,N/A,N/A
10.1109/FIE.2005.1612150,N/A,N/A,N/A
10.1109/FIE.2005.1612274,N/A,N/A,N/A
10.1109/IEMBS.2005.1615637,N/A,N/A,N/A
10.1109/IEMBS.2005.1616161,N/A,N/A,N/A
10.1109/SAINTW.2005.1620001,N/A,N/A,N/A
10.1109/WICSA.2005.65,N/A,N/A,N/A
10.1109/WICSA.2005.21,N/A,N/A,N/A
10.1109/WICSA.2005.50,N/A,N/A,N/A
10.1109/IPEC.2005.206907,N/A,N/A,N/A
10.1109/CIMCA.2005.1631606,N/A,N/A,N/A
10.1109/OCEANS.2005.1640089,N/A,N/A,N/A
10.1109/COLCOM.2005.1651206,N/A,N/A,N/A
10.1109/COLCOM.2005.1651211,N/A,N/A,N/A
10.1109/ROBIO.2005.246396,N/A,N/A,N/A
10.1109/SICON.2005.257868,N/A,N/A,N/A
10.1109/TENCON.2005.300968,5,4,Conference Proceeding
10.1109/TENCON.2005.301134,N/A,N/A,N/A
10.1145/1065385.1065426,N/A,N/A,N/A
10.1109/INMIC.2005.334391,N/A,N/A,N/A
10.1109/INMIC.2005.334482,N/A,N/A,N/A
10.1109/EPIA.2005.341276,N/A,N/A,N/A
10.1109/CLUSTR.2005.347057,N/A,N/A,N/A
10.1109/CLUSTR.2005.347096,N/A,N/A,N/A
10.1109/RADECS.2005.4365662,N/A,N/A,N/A
10.1109/SPCMTT.2005.4493232,N/A,N/A,N/A
10.1109/SPCMTT.2005.4493241,N/A,N/A,N/A
10.1109/PTC.2005.4524479,6,2,Conference Proceeding
10.1109/PTC.2005.4524798,N/A,N/A,N/A
10.1109/DEMPED.2005.4662507,1,4,Conference Proceeding
N/A,N/A,N/A,N/A
10.1109/CSEET.2005.30,N/A,N/A,N/A
10.1109/CSEET.2005.2,N/A,N/A,N/A
10.1049/ic.2005.0779,N/A,N/A,N/A
10.1016/S1007-0214(05)70072-9,N/A,N/A,N/A
10.1002/bltj.20062,N/A,N/A,N/A
N/A,N/A,N/A,N/A
N/A,N/A,N/A,N/A
N/A,N/A,N/A,N/A
N/A,N/A,N/A,N/A
10.1109/TPDS.2006.2,N/A,N/A,N/A
10.1109/TCSVT.2005.857783,N/A,N/A,N/A
10.1109/TCAD.2005.853696,N/A,N/A,N/A
10.1109/MS.2006.13,N/A,N/A,N/A
10.1109/HICSS.2006.64,N/A,N/A,N/A
10.1109/HICSS.2006.270,N/A,N/A,N/A
10.1109/HICSS.2006.267,N/A,N/A,N/A
10.1109/MCOM.2006.1580938,N/A,N/A,N/A
10.1109/TSE.2006.3,N/A,N/A,N/A
10.1109/TSE.2006.8,4,4,Conference Proceeding
10.1109/TBME.2005.864495,N/A,N/A,N/A
10.1109/TBME.2005.869776,N/A,N/A,N/A
10.1109/TSE.2006.1599417,5,0,Conference Proceeding
10.1109/AICT-ICIW.2006.32,N/A,N/A,N/A
10.1109/AICT-ICIW.2006.59,N/A,N/A,N/A
10.1109/CSMR.2006.23,N/A,N/A,N/A
10.1109/MITP.2006.28,N/A,N/A,N/A
10.1109/MBD-MOMPES.2006.20,N/A,N/A,N/A
10.1109/TCE.2006.1605021,N/A,N/A,N/A
10.1109/ECBS.2006.48,N/A,N/A,N/A
10.1109/ECBS.2006.45,N/A,N/A,N/A
10.1109/ECBS.2006.68,4,5,Conference Proceeding
10.1109/ECBS.2006.27,N/A,N/A,N/A
10.1109/TC.2006.46,3,1,Conference Proceeding
10.1109/TSP.2006.870561,N/A,N/A,N/A
10.1109/TPWRD.2005.860243,N/A,N/A,N/A
10.1109/CGO.2006.33,4,53,Conference Proceeding
10.1109/ITNG.2006.26,N/A,N/A,N/A
10.1109/SEUS-WCCIA.2006.4,2,9,Conference Proceeding
10.1109/DIAL.2006.31,N/A,N/A,N/A
10.1109/DIAL.2006.23,N/A,N/A,N/A
10.1109/ISQED.2006.59,N/A,N/A,N/A
10.1109/PDP.2006.44,N/A,N/A,N/A
10.1109/ISWPC.2006.1613631,N/A,N/A,N/A
10.1109/ASWEC.2006.36,N/A,N/A,N/A
10.1109/ASWEC.2006.26,N/A,N/A,N/A
10.1109/RWS.2006.1615232,N/A,N/A,N/A
10.1109/CSEET.2006.42,N/A,N/A,N/A
10.1109/AICCSA.2006.205167,N/A,N/A,N/A
10.1109/AICCSA.2006.205193,N/A,N/A,N/A
10.1109/AINA.2006.345,N/A,N/A,N/A
10.1109/AINA.2006.77,N/A,N/A,N/A
10.1109/MMUL.2006.26,N/A,N/A,N/A
N/A,N/A,N/A,N/A
10.1109/SP.2006.29,N/A,N/A,N/A
10.1109/DDHH.2006.1624801,N/A,N/A,N/A
10.1109/ICACT.2006.206029,N/A,N/A,N/A
10.1109/TSMCC.2004.840057,N/A,N/A,N/A
10.1109/.2006.1629388,N/A,N/A,N/A
10.1109/ISORC.2006.10,N/A,N/A,N/A
10.1109/RSP.2006.21,N/A,N/A,N/A
10.1109/CCGRID.2006.1630925,3,6,Conference Proceeding
10.1109/CCGRID.2006.1630928,N/A,N/A,N/A
10.1049/ic:20060540,N/A,N/A,N/A
N/A,N/A,N/A,N/A
10.1109/ICPC.2006.25,N/A,N/A,N/A
10.1109/ICPC.2006.34,N/A,N/A,N/A
10.1109/ICPC.2006.6,N/A,N/A,N/A
10.1109/ICPC.2006.27,N/A,N/A,N/A
10.1109/ICPC.2006.48,N/A,N/A,N/A
10.1109/MC.2006.161,3,6,Trade Journal
10.1109/MIC.2006.63,N/A,N/A,N/A
10.1109/DSN.2006.15,N/A,N/A,N/A
10.1109/DSN.2006.18,N/A,N/A,N/A
10.1109/DSN.2006.58,N/A,N/A,N/A
N/A,N/A,N/A,N/A
10.1109/MIM.2006.1634956,N/A,N/A,N/A
10.1109/SUTC.2006.1636199,N/A,N/A,N/A
10.1109/SUTC.2006.1636206,4,7,Conference Proceeding
10.1109/TIE.2006.874282,N/A,N/A,N/A
10.1109/IPDPS.2006.1639409,3,9,Conference Proceeding
10.1109/IPDPS.2006.1639502,N/A,N/A,N/A
10.1109/IPDPS.2006.1639664,N/A,N/A,N/A
10.1109/IPDPS.2006.1639672,N/A,N/A,N/A
10.1109/CVPR.2006.69,N/A,N/A,N/A
10.1109/CVPR.2006.144,N/A,N/A,N/A
10.1109/ROBOT.2006.1641783,2,8,Conference Proceeding
10.1109/TLA.2006.1642457,N/A,N/A,N/A
10.1109/TLA.2006.1642462,N/A,N/A,N/A
10.1109/TPDS.2006.89,N/A,N/A,N/A
10.1109/TIP.2006.873425,2,3,Journal
10.1109/TNS.2006.874513,N/A,N/A,N/A
10.1109/CMV.2006.3,N/A,N/A,N/A
10.1109/ICDCSW.2006.107,N/A,N/A,N/A
10.1109/ICDCSW.2006.97,N/A,N/A,N/A
10.1109/DDECS.2006.1649593,N/A,N/A,N/A
10.1109/ICMEL.2006.1650980,N/A,N/A,N/A
10.1109/E2EMON.2006.1651279,N/A,N/A,N/A
10.1109/ICIS-COMSAR.2006.46,N/A,N/A,N/A
10.1109/CLADE.2006.1652056,N/A,N/A,N/A
10.1109/IAW.2006.1652092,N/A,N/A,N/A
10.1109/HPDC.2006.1652140,N/A,N/A,N/A
10.1109/HPDC.2006.1652144,N/A,N/A,N/A
10.1109/HPDC.2006.1652171,N/A,N/A,N/A
10.1109/ICALT.2006.1652466,N/A,N/A,N/A
10.1109/IOLTS.2006.14,2,54,Conference Proceeding
10.1109/ICPADS.2006.101,N/A,N/A,N/A
10.1109/AERO.2006.1656058,N/A,N/A,N/A
10.1109/AERO.2006.1656077,N/A,N/A,N/A
10.1109/MS.2006.98,N/A,N/A,N/A
10.1109/SMC-IT.2006.62,N/A,N/A,N/A
10.1109/SMC-IT.2006.7,N/A,N/A,N/A
10.1109/TPAMI.2006.193,N/A,N/A,N/A
10.1109/TEM.2006.877460,N/A,N/A,N/A
10.1049/cp:20060221,N/A,N/A,N/A
10.1049/cp:20060227,N/A,N/A,N/A
10.1109/ICAC.2006.1662377,N/A,N/A,N/A
10.1109/CGIV.2006.93,N/A,N/A,N/A
10.1109/TUFFC.2006.1665073,N/A,N/A,N/A
10.1109/COMSWA.2006.1665171,N/A,N/A,N/A
10.1109/COMSWA.2006.1665188,N/A,N/A,N/A
10.1109/COMSWA.2006.1665221,N/A,N/A,N/A
10.1109/COMSWA.2006.1665237,N/A,N/A,N/A
10.1109/ELINSL.2006.1665293,N/A,N/A,N/A
10.1109/TIE.2006.878329,N/A,N/A,N/A
10.1109/MSP.2006.95,N/A,N/A,N/A
10.1109/TDSC.2006.40,2,139,Journal
10.1109/RAMS.2006.1677344,N/A,N/A,N/A
10.1109/RAMS.2006.1677397,N/A,N/A,N/A
10.1109/RAMS.2006.1677409,N/A,N/A,N/A
10.1109/RAMS.2006.1677424,N/A,N/A,N/A
10.1109/RAMS.2006.1677428,N/A,N/A,N/A
10.1109/RAMS.2006.1677440,N/A,N/A,N/A
10.1109/VETECS.2006.1683019,N/A,N/A,N/A
10.1109/ICTTA.2006.1684850,N/A,N/A,N/A
10.1109/ICTTA.2006.1684869,N/A,N/A,N/A
10.1109/ICTTA.2006.1684897,2,10,Conference Proceeding
10.1109/ICTTA.2006.1684955,N/A,N/A,N/A
10.1109/ICTTA.2006.1684961,N/A,N/A,N/A
10.1109/MS.2006.127,N/A,N/A,N/A
10.1109/TR.2006.879607,2,15,Journal
10.1109/TR.2006.879611,N/A,N/A,N/A
10.1109/CEC.2006.1688697,4,0,Journal
10.1145/1146909.1147041,N/A,N/A,N/A
10.1145/1146909.1147062,N/A,N/A,N/A
10.1109/ISCE.2006.1689513,N/A,N/A,N/A
10.1109/EUROMICRO.2006.53,2,2,Conference Proceeding
10.1109/EUROMICRO.2006.61,N/A,N/A,N/A
10.1109/EUROMICRO.2006.19,N/A,N/A,N/A
10.1109/EUROMICRO.2006.49,N/A,N/A,N/A
10.1109/EUROMICRO.2006.28,N/A,N/A,N/A
10.1109/ISCC.2006.17,N/A,N/A,N/A
10.1109/SERA.2006.40,N/A,N/A,N/A
10.1109/SERA.2006.60,N/A,N/A,N/A
10.1109/SERA.2006.52,N/A,N/A,N/A
10.1109/SPLINE.2006.1691573,N/A,N/A,N/A
10.1109/SPLINE.2006.1691589,N/A,N/A,N/A
10.1109/TAIC-PART.2006.10,N/A,N/A,N/A
10.1109/TAIC-PART.2006.19,2,3,Conference Proceeding
10.1109/TAIC-PART.2006.28,N/A,N/A,N/A
10.1109/WMCSA.2006.7,N/A,N/A,N/A
10.1109/MP.2006.1692282,1,1,Journal
10.1109/WCNC.2006.1696510,N/A,N/A,N/A
10.1109/ICDT.2006.12,N/A,N/A,N/A
10.1109/VLHCC.2006.11,N/A,N/A,N/A
10.1109/ICEIS.2006.1703168,N/A,N/A,N/A
10.1109/ICEIS.2006.1703183,N/A,N/A,N/A
10.1109/TSE.2006.73,N/A,N/A,N/A
10.1109/TSE.2006.79,N/A,N/A,N/A
10.1109/TSE.2006.83,N/A,N/A,N/A
10.1109/RE.2006.68,N/A,N/A,N/A
10.1109/RE.2006.42,N/A,N/A,N/A
10.1109/TPWRD.2006.874646,N/A,N/A,N/A
10.1109/PLASMA.2006.1707288,N/A,N/A,N/A
10.1109/TSE.2006.92,2,0,Book Series
10.1109/DTIS.2006.1708652,N/A,N/A,N/A
10.1109/PES.2006.1709155,N/A,N/A,N/A
10.1109/PES.2006.1709171,N/A,N/A,N/A
10.1109/PES.2006.1709189,3,4,Conference Proceeding
10.1109/PES.2006.1709200,N/A,N/A,N/A
10.1109/WCICA.2006.1714084,N/A,N/A,N/A
10.1109/WCICA.2006.1714193,5,2,Conference Proceeding
10.1109/ISTDM.2006.246531,N/A,N/A,N/A
10.1109/IJCNN.2006.246900,N/A,N/A,N/A
10.1109/IJCNN.2006.247257,N/A,N/A,N/A
10.1109/TSE.2006.102,3,6,Journal
10.1109/TSM.2006.883594,2,14,Journal
10.1109/TSE.2006.113,3,1,Journal
10.1109/ISEFS.2006.251161,N/A,N/A,N/A
10.1109/EIT.2006.252191,N/A,N/A,N/A
10.1109/ICEEE.2006.251865,N/A,N/A,N/A
10.1109/ICEEE.2006.251933,N/A,N/A,N/A
10.1109/IRI.2006.252439,N/A,N/A,N/A
10.1109/CSCWD.2006.253093,N/A,N/A,N/A
10.1109/ASE.2006.18,N/A,N/A,N/A
10.1109/ASE.2006.56,N/A,N/A,N/A
10.1109/ASE.2006.63,N/A,N/A,N/A
10.1109/CERMA.2006.66,N/A,N/A,N/A
10.1109/CERMA.2006.55,N/A,N/A,N/A
10.1109/CIT.2006.51,5,14,Conference Proceeding
10.1109/CIT.2006.150,N/A,N/A,N/A
10.1109/CIT.2006.130,N/A,N/A,N/A
10.1109/COMPSAC.2006.74,N/A,N/A,N/A
10.1109/COMPSAC.2006.64,N/A,N/A,N/A
10.1109/COMPSAC.2006.75,N/A,N/A,N/A
10.1109/COMPSAC.2006.76,N/A,N/A,N/A
10.1109/COMPSAC.2006.68,N/A,N/A,N/A
10.1109/COMPSAC.2006.63,N/A,N/A,N/A
10.1109/COMPSAC.2006.80,N/A,N/A,N/A
10.1109/COMPSAC.2006.171,N/A,N/A,N/A
10.1109/COMPSAC.2006.103,N/A,N/A,N/A
10.1109/COMPSAC.2006.117,N/A,N/A,N/A
10.1109/COMPSAC.2006.126,N/A,N/A,N/A
10.1109/COMPSAC.2006.152,N/A,N/A,N/A
10.1109/EDCC.2006.1,1,9,Conference Proceeding
10.1109/EDCC.2006.14,1,0,Conference Proceeding
10.1109/EDCC.2006.20,N/A,N/A,N/A
10.1109/ICSM.2006.39,N/A,N/A,N/A
10.1109/ICSM.2006.31,N/A,N/A,N/A
10.1109/ICSM.2006.69,N/A,N/A,N/A
10.1109/ICSM.2006.6,3,4,Conference Proceeding
10.1109/ISDA.2006.218,N/A,N/A,N/A
10.1109/ISDA.2006.147,2,2,Conference Proceeding
10.1109/ISDA.2006.253854,N/A,N/A,N/A
10.1109/ISDA.2006.253770,N/A,N/A,N/A
10.1109/ISPDC.2006.55,N/A,N/A,N/A
10.1109/ISSRE.2006.23,N/A,N/A,N/A
10.1109/ISSRE.2006.28,N/A,N/A,N/A
10.1109/ISSRE.2006.27,N/A,N/A,N/A
10.1109/ISSRE.2006.45,N/A,N/A,N/A
10.1109/ISSRE.2006.1,N/A,N/A,N/A
10.1109/ISSRE.2006.11,N/A,N/A,N/A
10.1109/ISSRE.2006.14,4,2,Conference Proceeding
10.1109/ISSRE.2006.48,N/A,N/A,N/A
10.1109/ISSRE.2006.33,3,14,Conference Proceeding
10.1109/ISSRE.2006.17,N/A,N/A,N/A
10.1109/ISSRE.2006.42,N/A,N/A,N/A
10.1109/AQTR.2006.254657,N/A,N/A,N/A
N/A,N/A,N/A,N/A
10.1109/WCRE.2006.32,N/A,N/A,N/A
10.1109/WCRE.2006.48,N/A,N/A,N/A
10.1109/WCRE.2006.46,N/A,N/A,N/A
10.1109/DEPCOS-RELCOMEX.2006.5,N/A,N/A,N/A
10.1109/DEPCOS-RELCOMEX.2006.35,N/A,N/A,N/A
10.1109/DEPCOS-RELCOMEX.2006.6,N/A,N/A,N/A
10.1109/ICC.2006.254777,N/A,N/A,N/A
10.1109/ICC.2006.254984,N/A,N/A,N/A
10.1109/ICC.2006.255394,N/A,N/A,N/A
10.1109/IAS.2006.256739,N/A,N/A,N/A
10.1109/ICMA.2006.257448,N/A,N/A,N/A
10.1109/ICMA.2006.257655,4,2,Conference Proceeding
10.1109/REV.2006.5,N/A,N/A,N/A
10.1109/SCAM.2006.22,N/A,N/A,N/A
10.1109/SCC.2006.73,N/A,N/A,N/A
10.1109/WSE.2006.14,N/A,N/A,N/A
10.1109/ICMLC.2006.258998,3,1,Conference Proceeding
10.1109/ATS.2006.260952,2,14,Conference Proceeding
10.1109/ATS.2006.260958,N/A,N/A,N/A
10.1109/DASC.2006.23,N/A,N/A,N/A
10.1109/DFT.2006.18,N/A,N/A,N/A
10.1109/DFT.2006.49,N/A,N/A,N/A
10.1109/DFT.2006.11,3,16,Conference Proceeding
10.1109/E-SCIENCE.2006.261133,7,6,Conference Proceeding
10.1109/E-SCIENCE.2006.261135,N/A,N/A,N/A
10.1109/EDOC.2006.10,N/A,N/A,N/A
10.1109/EDOC.2006.45,N/A,N/A,N/A
10.1109/EDOCW.2006.38,N/A,N/A,N/A
10.1109/GCC.2006.43,N/A,N/A,N/A
10.1109/GCCW.2006.31,N/A,N/A,N/A
10.1109/GCCW.2006.47,N/A,N/A,N/A
10.1109/ICEBE.2006.31,N/A,N/A,N/A
10.1109/ICSEA.2006.261271,N/A,N/A,N/A
10.1109/ICSEA.2006.261275,N/A,N/A,N/A
10.1109/ICSEA.2006.261286,N/A,N/A,N/A
10.1109/ICSEA.2006.261298,N/A,N/A,N/A
10.1109/ICTAI.2006.14,N/A,N/A,N/A
10.1109/ICTAI.2006.19,N/A,N/A,N/A
10.1109/ICTAI.2006.117,N/A,N/A,N/A
10.1109/ICWS.2006.39,N/A,N/A,N/A
10.1109/ICWS.2006.108,N/A,N/A,N/A
10.1109/PDCAT.2006.87,3,0,Conference Proceeding
10.1109/QSIC.2006.44,N/A,N/A,N/A
10.1109/QSIC.2006.21,N/A,N/A,N/A
10.1109/QSIC.2006.34,N/A,N/A,N/A
10.1109/QSIC.2006.51,N/A,N/A,N/A
10.1109/QSIC.2006.31,N/A,N/A,N/A
10.1109/QSIC.2006.48,N/A,N/A,N/A
10.1109/QSIC.2006.6,N/A,N/A,N/A
10.1109/SBAC-PAD.2006.16,N/A,N/A,N/A
10.1109/SRDS.2006.44,N/A,N/A,N/A
10.1109/SRDS.2006.24,N/A,N/A,N/A
10.1109/SRDS.2006.38,N/A,N/A,N/A
10.1109/ICMIT.2006.262301,N/A,N/A,N/A
10.1109/ICMIT.2006.262302,N/A,N/A,N/A
10.1109/DSPWS.2006.265412,N/A,N/A,N/A
10.1109/MICRO.2006.41,3,31,Conference Proceeding
10.1109/PRDC.2006.64,N/A,N/A,N/A
10.1109/PRDC.2006.18,3,0,Journal
10.1109/PRDC.2006.5,N/A,N/A,N/A
10.1109/CIMCA.2006.229,N/A,N/A,N/A
10.1109/IAT.2006.21,4,6,Conference Proceeding
10.1109/WI-IATW.2006.81,N/A,N/A,N/A
10.1109/CCECE.2006.277482,4,1,Conference Proceeding
10.1109/CCECE.2006.277727,N/A,N/A,N/A
10.1109/CCECE.2006.277762,N/A,N/A,N/A
10.1109/SIEDS.2006.278706,N/A,N/A,N/A
10.1109/WCPEC.2006.279930,N/A,N/A,N/A
10.1109/WI.2006.156,N/A,N/A,N/A
10.1109/AUTEST.2006.283750,N/A,N/A,N/A
10.1109/CISS.2006.286599,N/A,N/A,N/A
10.1109/ICCIAS.2006.294196,N/A,N/A,N/A
10.1109/PSCE.2006.296326,N/A,N/A,N/A
10.1109/PSCE.2006.296334,N/A,N/A,N/A
10.1109/PSCE.2006.296532,N/A,N/A,N/A
10.1109/MESA.2006.296969,N/A,N/A,N/A
10.1109/ISIE.2006.296137,N/A,N/A,N/A
10.1109/ISIE.2006.295996,N/A,N/A,N/A
10.1109/SPCA.2006.297520,N/A,N/A,N/A
10.1109/SPCA.2006.297583,N/A,N/A,N/A
10.1109/INDCON.2006.302771,N/A,N/A,N/A
10.1109/INDCON.2006.302787,N/A,N/A,N/A
10.1109/INDCON.2006.302795,3,2,Conference Proceeding
10.1109/ICAT.2006.41,2,0,Conference Proceeding
10.1109/SC.2006.15,4,0,Journal
10.1109/SC.2006.46,N/A,N/A,N/A
10.1109/SEW.2006.27,N/A,N/A,N/A
10.1109/SEW.2006.31,N/A,N/A,N/A
10.1109/RECONF.2006.307762,3,1,Conference Proceeding
10.1109/TDCLA.2006.311430,N/A,N/A,N/A
10.1109/DASC.2006.313758,N/A,N/A,N/A
10.1109/DASC.2006.313700,4,10,Conference Proceeding
10.1109/ICIP.2006.312485,N/A,N/A,N/A
10.1109/ICIP.2006.313014,2,5,Conference Proceeding
10.1109/SICE.2006.314681,3,5,Journal
10.1109/SICE.2006.314735,N/A,N/A,N/A
10.1109/SICE.2006.315771,2,4,Conference Proceeding
10.1109/ICCAD.2006.320070,2,7,Conference Proceeding
10.1109/ICSSSM.2006.320540,N/A,N/A,N/A
10.1109/ICSSSM.2006.320694,N/A,N/A,N/A
10.1109/BOD.2006.320796,N/A,N/A,N/A
10.1109/ICCES.2006.320440,N/A,N/A,N/A
10.1109/ICPST.2006.321568,N/A,N/A,N/A
10.1109/ICPST.2006.321664,N/A,N/A,N/A
10.1109/ICPST.2006.321905,N/A,N/A,N/A
10.1109/LCN.2006.322216,N/A,N/A,N/A
10.1109/FIE.2006.322313,N/A,N/A,N/A
10.1109/FIE.2006.322560,2,2,Conference Proceeding
10.1145/1141753.1141822,N/A,N/A,N/A
10.1145/1141753.1141864,N/A,N/A,N/A
N/A,N/A,N/A,N/A
N/A,N/A,N/A,N/A
10.1109/ICMB.2006.33,N/A,N/A,N/A
10.1109/IMTC.2006.328377,N/A,N/A,N/A
10.1109/SOLI.2006.328973,N/A,N/A,N/A
10.1109/SOLI.2006.328900,N/A,N/A,N/A
10.1109/ICOSP.2006.345623,N/A,N/A,N/A
10.1109/SOFTCOM.2006.329737,N/A,N/A,N/A
10.1109/ICET.2006.335930,2,16,Conference Proceeding
10.1109/ICET.2006.335982,5,4,Conference Proceeding
10.1109/APSEC.2006.7,N/A,N/A,N/A
10.1109/ITHET.2006.339689,N/A,N/A,N/A
10.1109/ROBIO.2006.340257,3,0,Conference Proceeding
10.1109/TENCON.2006.343887,N/A,N/A,N/A
10.1109/TENCON.2006.344114,N/A,N/A,N/A
10.1109/TENCON.2006.344098,1,5,Conference Proceeding
10.1109/MUTATION.2006.3,N/A,N/A,N/A
10.1109/MUTATION.2006.1,3,1,Conference Proceeding
10.1109/APCCAS.2006.342476,N/A,N/A,N/A
10.1109/INFOCOM.2006.244,N/A,N/A,N/A
10.1109/WiCOM.2006.310,4,0,Conference Proceeding
10.1109/ICARCV.2006.345066,N/A,N/A,N/A
10.1109/GLOCOM.2006.258,N/A,N/A,N/A
10.1109/GLOCOM.2006.408,N/A,N/A,N/A
10.1109/GLOCOM.2006.423,N/A,N/A,N/A
10.1109/GLOCOM.2006.464,N/A,N/A,N/A
10.1109/GLOCOM.2006.684,N/A,N/A,N/A
10.1109/ULTSYM.2006.411,N/A,N/A,N/A
10.1109/ICELIE.2006.347215,N/A,N/A,N/A
10.1109/IS.2006.348466,N/A,N/A,N/A
10.1109/CCE.2006.350815,N/A,N/A,N/A
10.1109/ACSSC.2006.354918,N/A,N/A,N/A
10.1109/ACSSC.2006.354920,N/A,N/A,N/A
10.1109/CDC.2006.377767,3,7,Conference Proceeding
10.1109/ETFA.2006.355347,2,0,Conference Proceeding
10.1109/ICSENS.2007.355602,N/A,N/A,N/A
10.1109/ICSENS.2007.355786,N/A,N/A,N/A
10.1109/NSSMIC.2006.356100,N/A,N/A,N/A
10.1109/NSSMIC.2006.356035,N/A,N/A,N/A
10.1109/DEIV.2006.357350,N/A,N/A,N/A
10.1109/INMIC.2006.358157,N/A,N/A,N/A
10.1109/ITICT.2006.358289,N/A,N/A,N/A
10.1109/MTV.2006.5,N/A,N/A,N/A
10.1109/MTV.2006.7,N/A,N/A,N/A
10.1109/IES.2006.357485,3,2,Conference Proceeding
10.1109/SECCOMW.2006.359531,N/A,N/A,N/A
10.1109/NAPS.2006.360136,2,4,Conference Proceeding
10.1109/PMAPS.2006.360267,N/A,N/A,N/A
10.1109/COGINF.2006.365617,N/A,N/A,N/A
10.1109/ICIIS.2006.365634,N/A,N/A,N/A
10.1109/NAFIPS.2006.365420,N/A,N/A,N/A
10.1109/ICM.2006.373264,N/A,N/A,N/A
10.1109/ICM.2006.373268,3,1,Conference Proceeding
10.1109/ICSMC.2006.384647,N/A,N/A,N/A
10.1109/NRSC.2006.386361,N/A,N/A,N/A
10.1145/1176254.1176306,N/A,N/A,N/A
10.1109/ICISIP.2006.4286072,N/A,N/A,N/A
10.1109/SCAN.2006.16,N/A,N/A,N/A
10.1109/IEMBS.2006.259238,N/A,N/A,N/A
10.1109/IEMBS.2006.260245,N/A,N/A,N/A
10.1109/IEMBS.2006.260377,N/A,N/A,N/A
10.1109/ISoLA.2006.55,N/A,N/A,N/A
10.1109/ISoLA.2006.18,4,11,Conference Proceeding
10.1109/ISSM.2006.4493127,N/A,N/A,N/A
N/A,N/A,N/A,N/A
10.1109/PMA.2006.51,N/A,N/A,N/A
10.1109/IMSCCS.2006.188,N/A,N/A,N/A
10.1109/IMSCCS.2006.269,N/A,N/A,N/A
10.1109/IMSCCS.2006.263,N/A,N/A,N/A
10.1109/TNSM.2006.4798311,3,14,Conference Proceeding
10.1109/ICOCI.2006.5276516,3,2,Conference Proceeding
N/A,N/A,N/A,N/A
10.1002/bltj.20191,N/A,N/A,N/A
10.1109/BALTIC.2006.7266163,N/A,N/A,N/A
N/A,N/A,N/A,N/A
N/A,N/A,N/A,N/A
N/A,N/A,N/A,N/A
N/A,N/A,N/A,N/A
N/A,N/A,N/A,N/A
10.1109/TSE.2007.256941,N/A,N/A,N/A
10.1109/TMM.2006.886372,N/A,N/A,N/A
10.1109/TBME.2006.880909,N/A,N/A,N/A
10.1109/TSE.2007.20,N/A,N/A,N/A
10.1109/ICDS.2007.32,N/A,N/A,N/A
10.1109/TSMCB.2006.883272,N/A,N/A,N/A
10.1109/TVCG.2007.46,N/A,N/A,N/A
10.1109/HICSS.2007.534,N/A,N/A,N/A
10.1109/HICSS.2007.52,N/A,N/A,N/A
10.1109/HICSS.2007.409,N/A,N/A,N/A
10.1109/HICSS.2007.595,N/A,N/A,N/A
10.1109/HICSS.2007.462,N/A,N/A,N/A
10.1109/HICSS.2007.67,N/A,N/A,N/A
10.1109/HICSS.2007.438,N/A,N/A,N/A
10.1109/WICSA.2007.25,N/A,N/A,N/A
10.1109/WICSA.2007.20,N/A,N/A,N/A
10.1109/WICSA.2007.1,N/A,N/A,N/A
10.1109/TSE.2007.29,N/A,N/A,N/A
10.1109/MC.2007.55,2,185,Trade Journal
10.1109/TSMCA.2006.889475,N/A,N/A,N/A
10.1109/TSMCA.2006.889473,N/A,N/A,N/A
10.1109/TC.2007.1014,3,11,Journal
10.1109/TC.2007.1015,3,25,Journal
10.1109/WACV.2007.38,N/A,N/A,N/A
N/A,N/A,N/A,N/A
10.1109/RAMS.2007.328104,N/A,N/A,N/A
10.1109/RAMS.2007.328061,4,7,Conference Proceeding
10.1109/RAMS.2007.328122,3,0,Conference Proceeding
10.1109/RAMS.2007.328084,N/A,N/A,N/A
10.1109/ICCBSS.2007.47,N/A,N/A,N/A
10.1109/ICCBSS.2007.25,N/A,N/A,N/A
10.1109/ICCBSS.2007.44,N/A,N/A,N/A
10.1109/ICCBSS.2007.45,4,17,Conference Proceeding
10.1109/CSMR.2007.9,N/A,N/A,N/A
10.1109/ECBS.2007.19,N/A,N/A,N/A
10.1109/ECBS.2007.31,N/A,N/A,N/A
10.1109/ECBS.2007.69,N/A,N/A,N/A
10.1109/ECBS.2007.47,N/A,N/A,N/A
10.1109/ISQED.2007.163,N/A,N/A,N/A
10.1109/ITNG.2007.9,N/A,N/A,N/A
10.1109/ASWEC.2007.52,N/A,N/A,N/A
10.1109/ASWEC.2007.34,N/A,N/A,N/A
10.1109/ASWEC.2007.24,N/A,N/A,N/A
10.1109/ASWEC.2007.28,N/A,N/A,N/A
10.1109/ASWEC.2007.17,N/A,N/A,N/A
10.1109/CISIS.2007.24,6,0,Conference Proceeding
10.1109/MMUL.2007.38,N/A,N/A,N/A
10.1109/AERO.2007.352648,4,0,Conference Proceeding
10.1109/AERO.2007.352736,N/A,N/A,N/A
10.1109/AERO.2007.352764,N/A,N/A,N/A
10.1109/AERO.2007.352767,N/A,N/A,N/A
10.1109/MS.2007.73,N/A,N/A,N/A
10.1109/MS.2007.70,N/A,N/A,N/A
10.1109/TSE.2007.1015,3,0,Book Series
10.1109/ICONS.2007.25,N/A,N/A,N/A
N/A,N/A,N/A,N/A
10.1109/PCCC.2007.358903,N/A,N/A,N/A
10.1109/TIM.2007.894919,N/A,N/A,N/A
10.1109/TPAMI.2007.1044,N/A,N/A,N/A
10.1109/MM.2007.19,6,46,Journal
10.1109/MM.2007.4,N/A,N/A,N/A
10.1109/ISORC.2007.49,N/A,N/A,N/A
10.1109/ISORC.2007.15,N/A,N/A,N/A
10.1109/ISORC.2007.39,N/A,N/A,N/A
10.1109/ROBOT.2007.364047,N/A,N/A,N/A
10.1109/ISPASS.2007.363750,N/A,N/A,N/A
10.1109/DATE.2007.364575,N/A,N/A,N/A
10.1109/DATE.2007.364635,N/A,N/A,N/A
10.1109/DATE.2007.364687,5,9,Conference Proceeding
10.1109/DATE.2007.364391,N/A,N/A,N/A
10.1109/CCGRID.2007.78,N/A,N/A,N/A
10.1109/CCGRID.2007.95,N/A,N/A,N/A
10.1109/CIG.2007.368093,N/A,N/A,N/A
10.1109/TR.2007.896761,2,63,Journal
10.1109/TR.2007.896757,N/A,N/A,N/A
10.1109/TR.2007.896763,N/A,N/A,N/A
10.1109/AINA.2007.70,4,2,Conference Proceeding
10.1109/AINA.2007.62,N/A,N/A,N/A
10.1109/AINAW.2007.326,N/A,N/A,N/A
10.1109/AINAW.2007.101,N/A,N/A,N/A
10.1109/AINAW.2007.152,3,10,Conference Proceeding
10.1109/AINAW.2007.227,N/A,N/A,N/A
10.1109/ICDE.2007.367934,N/A,N/A,N/A
10.1109/ICDIM.2007.369321,N/A,N/A,N/A
10.1109/ICSE.2007.10,N/A,N/A,N/A
10.1109/ICSE.2007.70,N/A,N/A,N/A
10.1109/ICSE.2007.66,2,0,Journal
10.1109/ICSE.2007.25,2,3,Conference Proceeding
10.1109/ICSE.2007.34,N/A,N/A,N/A
10.1109/ICSECOMPANION.2007.70,N/A,N/A,N/A
10.1109/ICSECOMPANION.2007.29,5,5,Conference Proceeding
10.1109/ICSECOMPANION.2007.56,N/A,N/A,N/A
10.1109/ICSECOMPANION.2007.16,N/A,N/A,N/A
10.1109/ICSECOMPANION.2007.49,N/A,N/A,N/A
10.1109/ICSECOMPANION.2007.13,N/A,N/A,N/A
10.1109/ICSECOMPANION.2007.45,N/A,N/A,N/A
10.1109/RIVF.2007.369149,N/A,N/A,N/A
10.1109/AINAW.2007.210,N/A,N/A,N/A
10.1109/AINAW.2007.153,N/A,N/A,N/A
10.1109/THS.2007.370054,N/A,N/A,N/A
10.1109/IPDPS.2007.370256,N/A,N/A,N/A
10.1109/IPDPS.2007.370296,N/A,N/A,N/A
10.1109/IPDPS.2007.370524,N/A,N/A,N/A
10.1109/IPDPS.2007.370548,N/A,N/A,N/A
10.1109/IPDPS.2007.370580,N/A,N/A,N/A
10.1109/SEAMS.2007.9,N/A,N/A,N/A
10.1109/ACOM.2007.10,N/A,N/A,N/A
10.1109/ACOM.2007.1,N/A,N/A,N/A
10.1109/ACOM.2007.2,N/A,N/A,N/A
10.1109/ACOM.2007.9,N/A,N/A,N/A
10.1109/MSR.2007.5,5,21,Conference Proceeding
10.1109/MSR.2007.29,4,31,Conference Proceeding
10.1109/MSR.2007.14,N/A,N/A,N/A
10.1109/MSR.2007.24,1,2,Conference Proceeding
10.1109/MSR.2007.17,4,12,Conference Proceeding
10.1109/AICCSA.2007.370859,N/A,N/A,N/A
10.1109/AICCSA.2007.370860,N/A,N/A,N/A
10.1109/AICCSA.2007.370864,3,2,Conference Proceeding
10.1109/CCECE.2007.375,3,4,Conference Proceeding
10.1109/SIBCON.2007.371308,N/A,N/A,N/A
10.1109/ESTS.2007.372063,N/A,N/A,N/A
10.1109/ESTS.2007.372075,N/A,N/A,N/A
N/A,N/A,N/A,N/A
10.1109/ISCAS.2007.377840,N/A,N/A,N/A
10.1109/IMTC.2007.379026,N/A,N/A,N/A
10.1109/IMTC.2007.379452,N/A,N/A,N/A
10.1109/INM.2007.374790,N/A,N/A,N/A
10.1109/INM.2007.374699,N/A,N/A,N/A
10.1109/ASMC.2007.375096,N/A,N/A,N/A
10.1109/IWQOS.2007.376548,N/A,N/A,N/A
10.1109/TPWRD.2006.886773,N/A,N/A,N/A
10.1109/TPWRD.2007.899522,N/A,N/A,N/A
10.1109/TPWRD.2007.899774,N/A,N/A,N/A
10.1109/IAW.2007.381936,N/A,N/A,N/A
10.1109/TSMCB.2007.895331,N/A,N/A,N/A
10.1109/COMSWA.2007.382557,N/A,N/A,N/A
10.1109/COMSWA.2007.382564,N/A,N/A,N/A
10.1109/COMSWA.2007.382410,N/A,N/A,N/A
10.1109/COMSWA.2007.382491,N/A,N/A,N/A
10.1109/ICPC.2007.32,N/A,N/A,N/A
10.1109/CVPR.2007.383094,N/A,N/A,N/A
10.1109/ICDT.2007.39,N/A,N/A,N/A
10.1109/IEMDC.2007.383577,6,8,Conference Proceeding
10.1109/NAFIPS.2007.383813,4,0,Journal
10.1109/CSEET.2007.55,N/A,N/A,N/A
10.1109/ECRTS.2007.31,N/A,N/A,N/A
10.1109/ICIMP.2007.46,N/A,N/A,N/A
10.1109/ISPDC.2007.13,N/A,N/A,N/A
10.1109/IV.2007.131,N/A,N/A,N/A
10.1109/ICNSURV.2007.384149,N/A,N/A,N/A
10.1109/DEPCOS-RELCOMEX.2007.22,5,4,Conference Proceeding
10.1109/DEPCOS-RELCOMEX.2007.23,N/A,N/A,N/A
10.1109/DEPCOS-RELCOMEX.2007.21,3,3,Conference Proceeding
10.1109/DEPCOS-RELCOMEX.2007.10,N/A,N/A,N/A
10.1109/DSN.2007.31,N/A,N/A,N/A
10.1109/DSN.2007.12,N/A,N/A,N/A
10.1109/DSN.2007.45,2,5,Journal
10.1109/DSN.2007.96,N/A,N/A,N/A
10.1109/DSN.2007.11,2,12,Conference Proceeding
10.1109/DSN.2007.70,N/A,N/A,N/A
10.1109/DSN.2007.73,N/A,N/A,N/A
10.1109/IWICSS.2007.5,1,0,Conference Proceeding
10.1109/IWICSS.2007.4,N/A,N/A,N/A
10.1109/PROMISE.2007.1,N/A,N/A,N/A
10.1109/PROMISE.2007.14,7,1,Journal
10.1109/PROMISE.2007.10,4,0,Journal
10.1109/SESS.2007.3,N/A,N/A,N/A
10.1109/SHARK-ADI.2007.7,N/A,N/A,N/A
10.1109/WOSQ.2007.2,N/A,N/A,N/A
10.1109/WOSQ.2007.9,N/A,N/A,N/A
10.1109/WOSQ.2007.11,N/A,N/A,N/A
10.1109/IOLTS.2007.9,4,19,Conference Proceeding
10.1109/IOLTS.2007.17,7,3,Conference Proceeding
10.1109/SASO.2007.50,N/A,N/A,N/A
10.1109/PES.2007.385604,N/A,N/A,N/A
10.1109/PES.2007.385444,N/A,N/A,N/A
10.1109/PES.2007.385947,N/A,N/A,N/A
10.1109/PES.2007.386156,N/A,N/A,N/A
10.1109/ICIS.2007.68,N/A,N/A,N/A
10.1109/SCC.2007.22,N/A,N/A,N/A
10.1109/SCC.2007.1,N/A,N/A,N/A
10.1109/SCC.2007.93,N/A,N/A,N/A
10.1109/SERVICES.2007.71,N/A,N/A,N/A
10.1109/SERVICES.2007.25,N/A,N/A,N/A
10.1109/EARLYASPECTS.2007.8,N/A,N/A,N/A
10.1109/ICWS.2007.144,N/A,N/A,N/A
10.1109/ICWS.2007.1,N/A,N/A,N/A
10.1109/ICWS.2007.186,N/A,N/A,N/A
10.1109/ICALT.2007.110,N/A,N/A,N/A
10.1109/ITI.2007.4283865,N/A,N/A,N/A
10.1109/ICME.2007.4284667,N/A,N/A,N/A
10.1109/ICME.2007.4284971,N/A,N/A,N/A
10.1109/ICME.2007.4285047,N/A,N/A,N/A
10.1109/CEC-EEE.2007.12,2,0,Conference Proceeding
10.1109/CEC-EEE.2007.11,N/A,N/A,N/A
10.1109/CEC-EEE.2007.39,N/A,N/A,N/A
10.1109/CEC-EEE.2007.29,N/A,N/A,N/A
10.1109/MIXDES.2007.4286222,3,0,Conference Proceeding
10.1109/SNPD.2007.425,N/A,N/A,N/A
10.1109/SNPD.2007.307,N/A,N/A,N/A
10.1109/SNPD.2007.195,N/A,N/A,N/A
10.1109/SNPD.2007.279,N/A,N/A,N/A
10.1109/SNPD.2007.545,N/A,N/A,N/A
10.1109/SNPD.2007.441,N/A,N/A,N/A
10.1109/SNPD.2007.511,N/A,N/A,N/A
10.1109/SNPD.2007.342,N/A,N/A,N/A
10.1109/TKDE.2007.1059,N/A,N/A,N/A
10.1109/TSE.2007.70706,4,0,Journal
10.1109/ICC.2007.57,N/A,N/A,N/A
10.1109/ICC.2007.86,N/A,N/A,N/A
10.1109/ICC.2007.220,N/A,N/A,N/A
10.1109/ICC.2007.239,N/A,N/A,N/A
10.1109/ICSD.2007.4290885,N/A,N/A,N/A
10.1109/COMPSAC.2007.103,N/A,N/A,N/A
10.1109/COMPSAC.2007.30,N/A,N/A,N/A
10.1109/COMPSAC.2007.73,N/A,N/A,N/A
10.1109/COMPSAC.2007.58,N/A,N/A,N/A
10.1109/COMPSAC.2007.141,N/A,N/A,N/A
10.1109/COMPSAC.2007.85,3,3,Conference Proceeding
10.1109/COMPSAC.2007.89,N/A,N/A,N/A
10.1109/COMPSAC.2007.176,N/A,N/A,N/A
10.1109/COMPSAC.2007.182,N/A,N/A,N/A
10.1109/COMPSAC.2007.108,1,5,Conference Proceeding
10.1109/COMPSAC.2007.82,N/A,N/A,N/A
10.1109/TIFS.2007.902661,N/A,N/A,N/A
10.1109/TNS.2007.895548,5,9,Journal
10.1109/TNS.2007.892118,N/A,N/A,N/A
10.1109/MC.2007.276,N/A,N/A,N/A
10.1109/SAHCN.2007.4292873,N/A,N/A,N/A
10.1109/GCC.2007.60,N/A,N/A,N/A
10.1109/TCAD.2007.895609,3,16,Journal
10.1109/DDECS.2007.4295251,5,1,Conference Proceeding
10.1109/DDECS.2007.4295254,3,0,Conference Proceeding
10.1109/IRI.2007.4296611,N/A,N/A,N/A
10.1109/IRI.2007.4296640,N/A,N/A,N/A
10.1109/IRI.2007.4296694,N/A,N/A,N/A
10.1109/IRI.2007.4296696,4,81,Conference Proceeding
10.1109/IRI.2007.4296704,3,6,Conference Proceeding
10.1109/AST.2007.4,N/A,N/A,N/A
10.1109/AST.2007.7,N/A,N/A,N/A
10.1109/RTCSA.2007.71,N/A,N/A,N/A
10.1109/RTCSA.2007.39,5,2,Conference Proceeding
10.1109/SERA.2007.85,N/A,N/A,N/A
10.1109/SERA.2007.55,2,0,Journal
10.1109/SIES.2007.4297324,N/A,N/A,N/A
10.1109/INSS.2007.4297445,N/A,N/A,N/A
10.1109/TR.2007.903269,N/A,N/A,N/A
10.1109/CISS.2007.4298330,N/A,N/A,N/A
10.1109/ISTMWC.2007.4299089,N/A,N/A,N/A
10.1109/IAS.2007.51,N/A,N/A,N/A
10.1109/IAS.2007.26,N/A,N/A,N/A
10.1109/ICGSE.2007.11,N/A,N/A,N/A
10.1109/ICSEA.2007.40,N/A,N/A,N/A
10.1109/ICSEA.2007.9,N/A,N/A,N/A
10.1109/ICSEA.2007.56,N/A,N/A,N/A
10.1109/ICSEA.2007.19,N/A,N/A,N/A
10.1109/ICSNC.2007.63,N/A,N/A,N/A
10.1109/EUROMICRO.2007.60,N/A,N/A,N/A
10.1109/EUROMICRO.2007.51,N/A,N/A,N/A
10.1109/EUROMICRO.2007.28,N/A,N/A,N/A
10.1109/EUROMICRO.2007.13,3,10,Conference Proceeding
10.1109/EUROMICRO.2007.20,5,32,Conference Proceeding
10.1109/MS.2007.138,N/A,N/A,N/A
10.1109/TC.2007.70742,N/A,N/A,N/A
10.1109/SYSOSE.2007.4304298,N/A,N/A,N/A
10.1109/ICCCN.2007.4317909,N/A,N/A,N/A
10.1109/ICIEA.2007.4318364,N/A,N/A,N/A
10.1109/FDTC.2007.14,N/A,N/A,N/A
10.1109/FDTC.2007.19,N/A,N/A,N/A
10.1109/QUATIC.2007.23,N/A,N/A,N/A
10.1109/PACT.2007.4336228,N/A,N/A,N/A
10.1109/TASL.2007.904192,N/A,N/A,N/A
10.1109/ICAL.2007.4338584,N/A,N/A,N/A
10.1109/ICAL.2007.4338880,N/A,N/A,N/A
10.1109/TPDS.2007.1093,N/A,N/A,N/A
10.1109/WICOM.2007.264,N/A,N/A,N/A
10.1109/WICOM.2007.495,N/A,N/A,N/A
10.1109/WICOM.2007.721,N/A,N/A,N/A
10.1109/WICOM.2007.941,N/A,N/A,N/A
10.1109/WICOM.2007.949,N/A,N/A,N/A
10.1109/DSD.2007.4341464,N/A,N/A,N/A
10.1109/DSD.2007.4341472,N/A,N/A,N/A
10.1109/DSD.2007.4341473,N/A,N/A,N/A
10.1109/DSD.2007.4341505,N/A,N/A,N/A
10.1109/TCE.2007.4341589,N/A,N/A,N/A
10.1109/COGINF.2007.4341883,N/A,N/A,N/A
10.1109/ESEM.2007.40,N/A,N/A,N/A
10.1109/ESEM.2007.22,N/A,N/A,N/A
10.1109/ESEM.2007.52,N/A,N/A,N/A
10.1109/ESEM.2007.56,4,0,Journal
10.1109/ESEM.2007.75,N/A,N/A,N/A
10.1109/ESEM.2007.70,N/A,N/A,N/A
10.1109/ESEM.2007.30,N/A,N/A,N/A
10.1109/ESEM.2007.24,N/A,N/A,N/A
10.1109/ESEM.2007.28,4,0,Journal
10.1109/ESEM.2007.39,2,64,Conference Proceeding
10.1109/ESEM.2007.32,N/A,N/A,N/A
10.1109/ESEM.2007.51,N/A,N/A,N/A
10.1109/ESEM.2007.13,N/A,N/A,N/A
10.1109/ESEM.2007.29,5,0,Journal
10.1109/ESEM.2007.26,N/A,N/A,N/A
10.1109/ESEM.2007.44,N/A,N/A,N/A
10.1109/ESEM.2007.83,2,5,Conference Proceeding
10.1109/ESEM.2007.63,N/A,N/A,N/A
10.1109/SEFM.2007.41,N/A,N/A,N/A
10.1109/SEFM.2007.23,N/A,N/A,N/A
10.1109/HIS.2007.8,N/A,N/A,N/A
10.1109/HIS.2007.56,N/A,N/A,N/A
10.1109/TAIC.PART.2007.16,N/A,N/A,N/A
10.1109/TAIC.PART.2007.10,N/A,N/A,N/A
10.1109/TAIC.PART.2007.12,N/A,N/A,N/A
10.1109/PICMET.2007.4349449,N/A,N/A,N/A
10.1109/PICMET.2007.4349581,N/A,N/A,N/A
10.1109/ICEMI.2007.4350620,N/A,N/A,N/A
10.1109/ICEMI.2007.4350736,N/A,N/A,N/A
10.1109/ICEMI.2007.4350761,N/A,N/A,N/A
10.1109/VLHCC.2007.58,N/A,N/A,N/A
10.1109/DASC.2007.22,N/A,N/A,N/A
10.1109/DASC.2007.28,N/A,N/A,N/A
10.1109/TCAD.2007.906479,2,2,Journal
10.1109/ICCP.2007.4352160,N/A,N/A,N/A
10.1109/IEMBS.2007.4352493,N/A,N/A,N/A
10.1109/IEMBS.2007.4352552,N/A,N/A,N/A
10.1109/IEMBS.2007.4352683,N/A,N/A,N/A
10.1109/IEMBS.2007.4352736,N/A,N/A,N/A
10.1109/IEMBS.2007.4352770,N/A,N/A,N/A
10.1109/IEMBS.2007.4352853,N/A,N/A,N/A
10.1109/IEMBS.2007.4352911,N/A,N/A,N/A
10.1109/IEMBS.2007.4353322,N/A,N/A,N/A
10.1109/IEMBS.2007.4353454,N/A,N/A,N/A
10.1109/IEMBS.2007.4353631,N/A,N/A,N/A
10.1109/PCICEUROPE.2007.4354006,N/A,N/A,N/A
10.1109/GRID.2007.4354113,N/A,N/A,N/A
10.1109/IISWC.2007.4362192,N/A,N/A,N/A
10.1109/ISTAS.2007.4362216,N/A,N/A,N/A
10.1109/ICSM.2007.4362614,N/A,N/A,N/A
10.1109/ICSM.2007.4362620,N/A,N/A,N/A
10.1109/ICSM.2007.4362631,N/A,N/A,N/A
10.1109/ICSM.2007.4362638,N/A,N/A,N/A
10.1109/ICSM.2007.4362646,3,0,Journal
10.1109/ICPCA.2007.4365491,N/A,N/A,N/A
10.1109/SRDS.2007.16,N/A,N/A,N/A
10.1109/MSST.2007.4367973,N/A,N/A,N/A
10.1109/ICMLC.2007.4370345,N/A,N/A,N/A
10.1109/ICMLC.2007.4370659,N/A,N/A,N/A
10.1109/ICMLC.2007.4370702,N/A,N/A,N/A
10.1109/ICMLC.2007.4370804,2,4,Conference Proceeding
10.1109/IJCNN.2007.4371415,3,21,Conference Proceeding
10.1109/AUTEST.2007.4374223,1,2,Conference Proceeding
10.1109/EIT.2007.4374497,N/A,N/A,N/A
10.1109/MS.2007.158,N/A,N/A,N/A
10.1109/MS.2007.182,N/A,N/A,N/A
10.1109/TELSKS.2007.4375976,N/A,N/A,N/A
10.1109/TELSKS.2007.4376049,N/A,N/A,N/A
10.1109/ICDAR.2007.4376979,N/A,N/A,N/A
10.1109/ICDAR.2007.4377038,N/A,N/A,N/A
10.1109/TR.2007.909764,N/A,N/A,N/A
10.1109/TR.2007.909761,N/A,N/A,N/A
10.1109/ICIP.2007.4378974,N/A,N/A,N/A
10.1109/ICIP.2007.4378981,N/A,N/A,N/A
10.1109/3DTV.2007.4379439,N/A,N/A,N/A
10.1109/IPSN.2007.4379694,N/A,N/A,N/A
10.1109/POWERENG.2007.4380120,N/A,N/A,N/A
10.1109/WSE.2007.4380241,3,26,Conference Proceeding
10.1109/WSE.2007.4380242,N/A,N/A,N/A
10.1109/WSE.2007.4380245,N/A,N/A,N/A
10.1109/WSE.2007.4380250,N/A,N/A,N/A
10.1109/FPL.2007.4380631,N/A,N/A,N/A
10.1109/FPL.2007.4380679,N/A,N/A,N/A
10.1109/RTC.2007.4382779,N/A,N/A,N/A
10.1109/SE.2007.13,N/A,N/A,N/A
10.1109/SE.2007.15,N/A,N/A,N/A
10.1109/SE.2007.9,N/A,N/A,N/A
10.1109/LA-Web.2007.7,N/A,N/A,N/A
N/A,N/A,N/A,N/A
10.1109/ISPA.2007.4383738,2,1,Conference Proceeding
10.1109/EDOC.2007.55,N/A,N/A,N/A
10.1109/EDOC.2007.22,N/A,N/A,N/A
10.1109/SBAC-PAD.2007.32,N/A,N/A,N/A
10.1109/SwSTE.2007.12,N/A,N/A,N/A
10.1109/SwSTE.2007.18,N/A,N/A,N/A
10.1109/RE.2007.17,N/A,N/A,N/A
10.1109/DS-RT.2007.34,N/A,N/A,N/A
10.1109/INDIN.2007.4384788,N/A,N/A,N/A
10.1109/INDIN.2007.4384847,N/A,N/A,N/A
10.1109/INDIN.2007.4384863,N/A,N/A,N/A
10.1109/INDIN.2007.4384907,N/A,N/A,N/A
10.1109/CIT.2007.69,N/A,N/A,N/A
10.1109/CIT.2007.135,5,0,Journal
10.1109/QSIC.2007.4385480,N/A,N/A,N/A
10.1109/QSIC.2007.4385486,N/A,N/A,N/A
10.1109/QSIC.2007.4385487,3,8,Conference Proceeding
10.1109/QSIC.2007.4385494,N/A,N/A,N/A
10.1109/QSIC.2007.4385497,N/A,N/A,N/A
10.1109/QSIC.2007.4385500,2,38,Conference Proceeding
10.1109/QSIC.2007.4385501,N/A,N/A,N/A
10.1109/QSIC.2007.4385508,N/A,N/A,N/A
10.1109/QSIC.2007.4385516,N/A,N/A,N/A
10.1109/QSIC.2007.4385527,N/A,N/A,N/A
10.1109/QSIC.2007.4385528,N/A,N/A,N/A
10.1109/NFSI-ICFBI.2007.4387685,N/A,N/A,N/A
10.1109/TIM.2007.908350,N/A,N/A,N/A
10.1109/CCA.2007.4389334,N/A,N/A,N/A
10.1109/WIMOB.2007.4390875,N/A,N/A,N/A
10.1109/NWESP.2007.28,N/A,N/A,N/A
10.1109/PG.2007.55,N/A,N/A,N/A
10.1109/SENSORCOMM.2007.4394914,N/A,N/A,N/A
10.1109/SENSORCOMM.2007.4394936,1,14,Conference Proceeding
10.1109/IROS.2007.4399391,N/A,N/A,N/A
10.1049/cp:20070442,2,7,Conference Proceeding
10.1109/WCRE.2007.39,N/A,N/A,N/A
10.1109/AFRCON.2007.4401471,N/A,N/A,N/A
10.1109/ICEBE.2007.22,N/A,N/A,N/A
10.1109/ISSRE.2007.17,4,12,Journal
10.1109/ISSRE.2007.21,N/A,N/A,N/A
10.1109/ISSRE.2007.25,N/A,N/A,N/A
10.1109/ISSRE.2007.31,N/A,N/A,N/A
10.1109/ISSRE.2007.12,N/A,N/A,N/A
10.1109/ISSRE.2007.18,N/A,N/A,N/A
10.1109/ISSRE.2007.22,4,1,Conference Proceeding
10.1109/ISSRE.2007.19,N/A,N/A,N/A
10.1109/ISSRE.2007.24,N/A,N/A,N/A
10.1109/NAPS.2007.4402372,3,5,Conference Proceeding
10.1109/ISDPE.2007.127,N/A,N/A,N/A
10.1109/SEW.2007.102,N/A,N/A,N/A
10.1109/GrC.2007.83,N/A,N/A,N/A
10.1109/HASE.2007.74,N/A,N/A,N/A
10.1109/HASE.2007.48,N/A,N/A,N/A
10.1109/HASE.2007.9,N/A,N/A,N/A
10.1109/HASE.2007.58,1,0,Conference Proceeding
10.1109/HASE.2007.73,N/A,N/A,N/A
10.1109/HASE.2007.11,3,4,Conference Proceeding
10.1109/HASE.2007.62,5,0,Conference Proceeding
10.1109/HASE.2007.75,N/A,N/A,N/A
10.1109/MC.2007.419,N/A,N/A,N/A
10.1109/FSKD.2007.9,N/A,N/A,N/A
10.1109/WETICE.2007.4407158,N/A,N/A,N/A
10.1109/IAT.2007.20,N/A,N/A,N/A
10.1109/CADCG.2007.4407893,N/A,N/A,N/A
10.1109/MICRO.2007.34,4,81,Conference Proceeding
10.1109/ICCV.2007.4408886,N/A,N/A,N/A
10.1109/ISITAE.2007.4409339,N/A,N/A,N/A
10.1109/ULTSYM.2007.209,4,10,Conference Proceeding
10.1109/ACSAC.2007.18,N/A,N/A,N/A
10.1109/ICSMC.2007.4413993,N/A,N/A,N/A
10.1109/ICAT.2007.61,N/A,N/A,N/A
10.1109/EFTA.2007.4416901,N/A,N/A,N/A
10.1109/MDM.2007.31,N/A,N/A,N/A
10.1109/EPE.2007.4417587,N/A,N/A,N/A
10.1109/FIE.2007.4418030,2,0,Conference Proceeding
10.1109/FIE.2007.4418114,N/A,N/A,N/A
10.1109/ICIT.2007.26,N/A,N/A,N/A
10.1109/ICIT.2007.52,N/A,N/A,N/A
10.1109/IEEM.2007.4419524,N/A,N/A,N/A
10.1109/WSC.2007.4419815,N/A,N/A,N/A
10.1109/PDCAT.2007.42,N/A,N/A,N/A
10.1109/EPQU.2007.4424176,N/A,N/A,N/A
10.1109/EPQU.2007.4424183,N/A,N/A,N/A
10.1109/CEC.2007.4424504,N/A,N/A,N/A
10.1109/CEC.2007.4425034,N/A,N/A,N/A
10.1109/ASPEC.2007.36,N/A,N/A,N/A
10.1109/ASPEC.2007.34,N/A,N/A,N/A
10.1109/ASPEC.2007.81,N/A,N/A,N/A
10.1109/ASPEC.2007.19,N/A,N/A,N/A
10.1109/ASPEC.2007.62,N/A,N/A,N/A
10.1109/ADCOM.2007.68,N/A,N/A,N/A
10.1109/FGCN.2007.19,N/A,N/A,N/A
10.1109/FGCN.2007.44,N/A,N/A,N/A
10.1109/FGCN.2007.126,4,3,Conference Proceeding
10.1109/E-SCIENCE.2007.7,N/A,N/A,N/A
10.1109/ICICIC.2007.48,N/A,N/A,N/A
10.1109/ICICIC.2007.74,N/A,N/A,N/A
10.1109/MOBHOC.2007.4428636,N/A,N/A,N/A
10.1109/TENCON.2007.4429115,N/A,N/A,N/A
10.1109/NSSMIC.2007.4437031,N/A,N/A,N/A
10.1109/NSSMIC.2007.4437057,N/A,N/A,N/A
10.1109/IDT.2007.4437457,N/A,N/A,N/A
10.1109/TEST.2007.4437614,N/A,N/A,N/A
10.1109/TEST.2007.4437639,3,6,Journal
10.1109/TEST.2007.4437646,4,29,Conference Proceeding
10.1109/TEST.2007.4437663,N/A,N/A,N/A
10.1109/SYNASC.2007.9,N/A,N/A,N/A
10.1109/PAC.2007.4440280,N/A,N/A,N/A
10.1109/ISAP.2007.4441686,N/A,N/A,N/A
10.1109/GSIS.2007.4443285,N/A,N/A,N/A
10.1109/ISPACS.2007.4445834,4,6,Conference Proceeding
10.1109/SOFTCOM.2007.4446098,N/A,N/A,N/A
10.1109/SOFTCOM.2007.4446119,N/A,N/A,N/A
10.1109/ISSM.2007.4446790,7,7,Conference Proceeding
10.1109/ICICS.2007.4449845,N/A,N/A,N/A
10.1109/EDSSC.2007.4450131,N/A,N/A,N/A
10.1109/ISIC.2007.4450924,N/A,N/A,N/A
10.1109/SCORED.2007.4451390,N/A,N/A,N/A
10.1109/SCORED.2007.4451394,N/A,N/A,N/A
10.1109/CEIDP.2007.4451532,N/A,N/A,N/A
10.1109/ICVES.2007.4456390,N/A,N/A,N/A
10.1109/ICVES.2007.4456405,3,9,Conference Proceeding
10.1109/IIH-MSP.2007.246,N/A,N/A,N/A
10.1109/PRDC.2007.42,4,2,Conference Proceeding
10.1109/PRDC.2007.46,2,15,Journal
10.1109/PRDC.2007.28,N/A,N/A,N/A
10.1109/PRDC.2007.54,N/A,N/A,N/A
10.1109/UPEC.2007.4468934,4,0,Book Series
10.1109/UPEC.2007.4469125,N/A,N/A,N/A
10.1109/REV.2007.7,N/A,N/A,N/A
N/A,N/A,N/A,N/A
10.1109/NORCHP.2007.4481075,4,2,Conference Proceeding
10.1109/ACSSC.2007.4487264,N/A,N/A,N/A
10.1109/ACSSC.2007.4487323,N/A,N/A,N/A
N/A,N/A,N/A,N/A
10.1109/ICET.2007.4516328,5,2,Conference Proceeding
10.1109/ICIMW.2007.4516626,2,6,Conference Proceeding
10.1109/PCT.2007.4538286,2,59,Conference Proceeding
10.1109/APMC.2007.4554696,N/A,N/A,N/A
10.1109/ICCITECHN.2007.4579369,1,1,Conference Proceeding
10.1109/ICCD.2007.4601899,N/A,N/A,N/A
10.1109/MTV.2007.8,N/A,N/A,N/A
10.1109/CTS.2007.4621767,N/A,N/A,N/A
10.1109/IFOST.2007.4798570,N/A,N/A,N/A
10.1145/1362622.1362687,N/A,N/A,N/A
10.1145/1362622.1362690,N/A,N/A,N/A
10.1145/1362622.1362639,N/A,N/A,N/A
10.1147/sj.461.0095,N/A,N/A,N/A
10.1147/sj.461.0019,N/A,N/A,N/A
N/A,N/A,N/A,N/A
10.1016/S1007-0214(07)70077-9,N/A,N/A,N/A
10.1016/S1007-0214(07)70119-0,N/A,N/A,N/A
10.23919/ECC.2007.7069054,N/A,N/A,N/A
N/A,N/A,N/A,N/A
N/A,N/A,N/A,N/A
N/A,N/A,N/A,N/A
N/A,N/A,N/A,N/A
N/A,N/A,N/A,N/A
N/A,N/A,N/A,N/A
N/A,N/A,N/A,N/A
10.1109/TPDS.2007.70734,N/A,N/A,N/A
10.1109/TSE.2007.70742,N/A,N/A,N/A
10.1109/TSE.2007.70768,5,0,Conference Proceeding
10.1109/TR.2007.909777,N/A,N/A,N/A
10.1109/TSMCA.2007.909493,N/A,N/A,N/A
10.1109/TMM.2007.911223,5,87,Journal
10.1109/TSE.2007.70773,N/A,N/A,N/A
10.1109/TNS.2007.912884,N/A,N/A,N/A
10.1109/TPWRD.2008.916758,N/A,N/A,N/A
10.1109/MS.2008.31,N/A,N/A,N/A
10.1109/WICSA.2008.24,N/A,N/A,N/A
10.1109/WICSA.2008.42,N/A,N/A,N/A
10.1109/DELTA.2008.20,N/A,N/A,N/A
N/A,N/A,N/A,N/A
N/A,N/A,N/A,N/A
10.1109/JDT.2007.913963,N/A,N/A,N/A
10.1109/ICCBSS.2008.42,N/A,N/A,N/A
10.1109/ICCBSS.2008.32,N/A,N/A,N/A
10.1109/ICCBSS.2008.15,N/A,N/A,N/A
10.1109/SAMI.2008.4469179,N/A,N/A,N/A
10.1109/ICNS.2008.17,N/A,N/A,N/A
10.1109/ISQED.2008.4479718,N/A,N/A,N/A
10.1109/ISQED.2008.4479723,N/A,N/A,N/A
10.1109/ISQED.2008.4479839,N/A,N/A,N/A
10.1109/SSST.2008.4480245,N/A,N/A,N/A
10.1109/AINA.2008.18,N/A,N/A,N/A
10.1109/WAINA.2008.81,N/A,N/A,N/A
10.1109/ASWEC.2008.4483211,N/A,N/A,N/A
10.1109/ASWEC.2008.4483212,N/A,N/A,N/A
10.1109/ASWEC.2008.4483238,N/A,N/A,N/A
10.1109/ASWEC.2008.4483243,N/A,N/A,N/A
10.1109/ASWEC.2008.4483248,N/A,N/A,N/A
10.1109/DATE.2008.4484653,N/A,N/A,N/A
10.1109/DATE.2008.4484766,N/A,N/A,N/A
10.1109/DATE.2008.4484802,N/A,N/A,N/A
10.1109/WCNC.2008.525,N/A,N/A,N/A
10.1109/ECBS.2008.20,N/A,N/A,N/A
10.1109/ECBS.2008.53,N/A,N/A,N/A
10.1109/ITNG.2008.182,2,23,Conference Proceeding
10.1109/TCBB.2008.36,N/A,N/A,N/A
10.1109/TPDS.2008.58,3,2,Journal
10.1109/CSMR.2008.4493307,N/A,N/A,N/A
10.1109/CSMR.2008.4493308,N/A,N/A,N/A
10.1109/CSMR.2008.4493326,N/A,N/A,N/A
10.1109/CSMR.2008.4493330,N/A,N/A,N/A
N/A,N/A,N/A,N/A
10.1109/AICCSA.2008.4493558,N/A,N/A,N/A
10.1109/AICCSA.2008.4493569,N/A,N/A,N/A
10.1109/AICCSA.2008.4493613,N/A,N/A,N/A
10.1109/AICCSA.2008.4493639,N/A,N/A,N/A
10.1109/ICACT.2008.4494212,N/A,N/A,N/A
10.1109/SECON.2008.4494287,N/A,N/A,N/A
10.1109/ANSS-41.2008.26,3,9,Conference Proceeding
10.1049/cp:20080051,N/A,N/A,N/A
10.1109/TSE.2008.27,N/A,N/A,N/A
10.1109/ICDE.2008.4497600,N/A,N/A,N/A
10.1109/MUE.2008.89,N/A,N/A,N/A
10.1109/PERCOM.2008.17,N/A,N/A,N/A
10.1109/SYSTEMS.2008.4519001,N/A,N/A,N/A
10.1109/SYSTEMS.2008.4519031,N/A,N/A,N/A
10.1109/ISORC.2008.87,N/A,N/A,N/A
10.1109/APEC.2008.4522946,N/A,N/A,N/A
10.1109/DRPT.2008.4523667,N/A,N/A,N/A
10.1109/DRPT.2008.4523748,N/A,N/A,N/A
10.1109/ESIME.2008.4525044,N/A,N/A,N/A
10.1109/ICNSC.2008.4525255,4,3,Conference Proceeding
10.1109/MITP.2008.54,N/A,N/A,N/A
10.1109/AERO.2008.4526471,4,46,Journal
10.1109/AERO.2008.4526484,N/A,N/A,N/A
10.1109/AERO.2008.4526571,N/A,N/A,N/A
10.1109/TMAG.2007.916572,N/A,N/A,N/A
10.1109/TSE.2008.35,6,0,Conference Proceeding
10.1109/ASMC.2008.4529002,N/A,N/A,N/A
10.1109/TPWRS.2008.923811,3,10,Journal
10.1109/ARES.2008.20,N/A,N/A,N/A
10.1109/ARES.2008.199,3,6,Journal
10.1109/ICIS.2008.56,N/A,N/A,N/A
10.1109/ICIS.2008.36,2,2,Conference Proceeding
10.1109/ICTTA.2008.4529988,N/A,N/A,N/A
10.1109/ICTTA.2008.4530214,N/A,N/A,N/A
10.1109/ICC.2008.619,N/A,N/A,N/A
10.1109/CCGRID.2008.14,2,7,Conference Proceeding
10.1109/CCGRID.2008.79,3,54,Journal
10.1109/ICBBE.2008.740,N/A,N/A,N/A
10.1109/IPDPS.2008.4536137,4,0,Conference Proceeding
10.1109/IPDPS.2008.4536211,N/A,N/A,N/A
10.1109/IPDPS.2008.4536310,2,6,Conference Proceeding
10.1109/IPDPS.2008.4536340,N/A,N/A,N/A
10.1109/IPDPS.2008.4536384,N/A,N/A,N/A
10.1109/IPDPS.2008.4536486,N/A,N/A,N/A
10.1109/ISCCSP.2008.4537346,N/A,N/A,N/A
10.1109/ICST.2008.26,2,17,Conference Proceeding
10.1109/ICST.2008.20,N/A,N/A,N/A
10.1109/ICST.2008.7,N/A,N/A,N/A
10.1109/ICST.2008.64,N/A,N/A,N/A
10.1109/ICST.2008.11,N/A,N/A,N/A
10.1109/ICST.2008.63,5,36,Conference Proceeding
10.1109/ICST.2008.57,N/A,N/A,N/A
10.1109/ICST.2008.69,N/A,N/A,N/A
10.1109/ICST.2008.41,N/A,N/A,N/A
10.1109/IWQOS.2008.23,N/A,N/A,N/A
10.1109/DTIS.2008.4540254,N/A,N/A,N/A
10.1109/CTS.2008.4543910,N/A,N/A,N/A
10.1109/CTS.2008.4543979,N/A,N/A,N/A
10.1109/INFOCOM.2008.4544581,N/A,N/A,N/A
10.1109/TCAD.2008.923410,N/A,N/A,N/A
10.1109/TNS.2008.922814,N/A,N/A,N/A
10.1109/ICIW.2008.121,N/A,N/A,N/A
10.1109/ICIW.2008.14,N/A,N/A,N/A
10.1109/IMTC.2008.4547342,N/A,N/A,N/A
10.1109/TBC.2008.2000422,N/A,N/A,N/A
10.1109/BMEI.2008.264,N/A,N/A,N/A
10.1109/TASE.2008.40,N/A,N/A,N/A
10.1109/ECTC.2008.4550096,N/A,N/A,N/A
10.1109/ICAC.2008.30,N/A,N/A,N/A
10.1109/ICAC.2008.22,N/A,N/A,N/A
10.1109/TSE.2008.45,N/A,N/A,N/A
10.1109/ISIP.2008.43,N/A,N/A,N/A
10.1109/COMSWA.2008.4554404,N/A,N/A,N/A
10.1109/COMSWA.2008.4554415,N/A,N/A,N/A
10.1109/COMSWA.2008.4554510,N/A,N/A,N/A
N/A,N/A,N/A,N/A
10.1109/ICPC.2008.20,N/A,N/A,N/A
10.1109/ICPC.2008.11,N/A,N/A,N/A
10.1109/ISCA.2008.4,N/A,N/A,N/A
10.1109/CSEET.2008.41,N/A,N/A,N/A
10.1109/CSEET.2008.12,N/A,N/A,N/A
10.1109/SAHCN.2008.46,5,32,Conference Proceeding
10.1109/MEMSTECH.2008.4558757,N/A,N/A,N/A
10.1109/BSC.2008.4563280,N/A,N/A,N/A
10.1109/ICSTW.2008.18,N/A,N/A,N/A
10.1109/ICSTW.2008.43,N/A,N/A,N/A
10.1109/ICSTW.2008.12,N/A,N/A,N/A
10.1109/ICSTW.2008.24,N/A,N/A,N/A
10.1109/ICSTW.2008.42,N/A,N/A,N/A
10.1109/ICSTW.2008.28,N/A,N/A,N/A
10.1109/IOLTS.2008.33,3,1,Conference Proceeding
10.1109/IOLTS.2008.11,3,8,Conference Proceeding
10.1109/ICICDT.2008.4567283,7,2,Conference Proceeding
10.1109/CIT.2008.Workshops.36,N/A,N/A,N/A
10.1109/PLANS.2008.4570015,N/A,N/A,N/A
10.1109/ELINSL.2008.4570294,N/A,N/A,N/A
10.1109/SASP.2008.4570792,N/A,N/A,N/A
10.1109/WSCS.2008.23,N/A,N/A,N/A
10.1109/DepCoS-RELCOMEX.2008.39,N/A,N/A,N/A
10.1109/DepCoS-RELCOMEX.2008.43,N/A,N/A,N/A
10.1109/DepCoS-RELCOMEX.2008.51,N/A,N/A,N/A
10.1109/IWSCA.2008.21,N/A,N/A,N/A
10.1109/NOMS.2008.4575188,N/A,N/A,N/A
10.1109/NOMS.2008.4575216,N/A,N/A,N/A
10.1109/SIES.2008.4577699,N/A,N/A,N/A
10.1109/ICWE.2008.21,N/A,N/A,N/A
10.1109/ICWE.2008.38,N/A,N/A,N/A
10.1109/SERVICES-1.2008.88,N/A,N/A,N/A
10.1109/SERVICES-1.2008.9,N/A,N/A,N/A
10.1109/SCC.2008.96,N/A,N/A,N/A
10.1109/SCC.2008.123,N/A,N/A,N/A
10.1109/SCC.2008.160,N/A,N/A,N/A
10.1109/NAS.2008.37,N/A,N/A,N/A
10.1109/NAS.2008.13,N/A,N/A,N/A
10.1109/NCA.2008.52,N/A,N/A,N/A
10.1109/NCA.2008.38,2,7,Conference Proceeding
10.1109/SSIRI.2008.18,N/A,N/A,N/A
10.1109/SSIRI.2008.52,N/A,N/A,N/A
10.1109/SSIRI.2008.15,N/A,N/A,N/A
10.1109/SSIRI.2008.24,2,1,Conference Proceeding
10.1109/SSIRI.2008.22,N/A,N/A,N/A
10.1109/SSIRI.2008.12,N/A,N/A,N/A
10.1109/SSIRI.2008.46,N/A,N/A,N/A
10.1109/CMD.2008.4580397,N/A,N/A,N/A
10.1109/TIE.2008.922575,N/A,N/A,N/A
10.1109/ICIEA.2008.4582827,3,16,Conference Proceeding
10.1109/IRI.2008.4583042,N/A,N/A,N/A
10.1109/AHS.2008.29,N/A,N/A,N/A
10.1109/AHS.2008.77,N/A,N/A,N/A
10.1109/IRS.2008.4585767,N/A,N/A,N/A
10.1109/PAPCON.2008.4585806,N/A,N/A,N/A
10.1109/ACC.2008.4586461,2,1,Conference Proceeding
10.1109/ACC.2008.4586813,4,1,Conference Proceeding
10.1109/AQTR.2008.4588720,4,0,Conference Proceeding
10.1109/AQTR.2008.4588724,N/A,N/A,N/A
10.1109/AQTR.2008.4588756,N/A,N/A,N/A
10.1109/AQTR.2008.4588771,N/A,N/A,N/A
10.1109/AQTR.2008.4588913,N/A,N/A,N/A
10.1109/AQTR.2008.4588927,N/A,N/A,N/A
10.1109/COMPSAC.2008.80,N/A,N/A,N/A
10.1109/COMPSAC.2008.73,N/A,N/A,N/A
10.1109/COMPSAC.2008.19,5,7,Conference Proceeding
10.1109/COMPSAC.2008.162,4,16,Conference Proceeding
10.1109/COMPSAC.2008.44,N/A,N/A,N/A
10.1109/COMPSAC.2008.60,3,7,Conference Proceeding
10.1109/COMPSAC.2008.24,N/A,N/A,N/A
10.1109/COMPSAC.2008.47,N/A,N/A,N/A
10.1109/COMPSAC.2008.226,N/A,N/A,N/A
10.1109/COMPSAC.2008.99,3,5,Conference Proceeding
10.1109/WCICA.2008.4593134,N/A,N/A,N/A
10.1109/WCICA.2008.4594176,N/A,N/A,N/A
10.1109/WCICA.2008.4594474,N/A,N/A,N/A
10.1109/CIT.2008.4594775,N/A,N/A,N/A
10.1109/WOWMOM.2008.4594816,N/A,N/A,N/A
10.1109/WOWMOM.2008.4594884,N/A,N/A,N/A
10.1109/WOWMOM.2008.4594902,N/A,N/A,N/A
10.1109/ICESS.2008.80,N/A,N/A,N/A
10.1109/ICESS.2008.77,N/A,N/A,N/A
10.1109/ICESS.2008.21,N/A,N/A,N/A
10.1109/BLISS.2008.13,N/A,N/A,N/A
10.1109/PES.2008.4595984,2,2,Conference Proceeding
10.1109/CCDC.2008.4598236,N/A,N/A,N/A
10.1109/ICSSSM.2008.4598537,N/A,N/A,N/A
10.1109/PICMET.2008.4599774,N/A,N/A,N/A
10.1109/IWCMC.2008.20,N/A,N/A,N/A
10.1109/ECTICON.2008.4600394,2,6,Conference Proceeding
10.1109/ECTICON.2008.4600402,N/A,N/A,N/A
10.1109/ECTICON.2008.4600472,N/A,N/A,N/A
10.1109/QSIC.2008.28,N/A,N/A,N/A
10.1109/QSIC.2008.33,N/A,N/A,N/A
10.1109/QSIC.2008.8,N/A,N/A,N/A
10.1109/QSIC.2008.23,N/A,N/A,N/A
10.1109/QSIC.2008.30,N/A,N/A,N/A
10.1109/QSIC.2008.49,N/A,N/A,N/A
10.1109/QSIC.2008.24,N/A,N/A,N/A
10.1109/QSIC.2008.9,N/A,N/A,N/A
10.1109/QSIC.2008.45,N/A,N/A,N/A
10.1109/QSIC.2008.12,N/A,N/A,N/A
10.1109/QSIC.2008.22,N/A,N/A,N/A
10.1109/QSIC.2008.57,N/A,N/A,N/A
10.1109/MS.2008.138,N/A,N/A,N/A
10.1109/MS.2008.130,4,0,Journal
10.1109/ICICIC.2008.78,N/A,N/A,N/A
10.1109/IIH-MSP.2008.143,N/A,N/A,N/A
10.1109/TSMCA.2008.2001071,4,10,Journal
10.1109/CHICC.2008.4605486,N/A,N/A,N/A
10.1109/CHICC.2008.4605762,2,0,Conference Proceeding
10.1109/ISECS.2008.59,N/A,N/A,N/A
10.1109/CISIS.2008.119,N/A,N/A,N/A
10.1109/ICME.2008.4607741,N/A,N/A,N/A
10.1109/ICIT.2008.4608338,N/A,N/A,N/A
10.1109/SERA.2008.25,1,1,Conference Proceeding
10.1109/SERA.2008.42,N/A,N/A,N/A
10.1109/INSS.2008.4610885,N/A,N/A,N/A
10.1109/MWSCAS.2008.4616765,N/A,N/A,N/A
10.1109/SNPD.2008.110,N/A,N/A,N/A
10.1109/SNPD.2008.139,N/A,N/A,N/A
10.1109/SNPD.2008.84,N/A,N/A,N/A
10.1109/SNPD.2008.15,N/A,N/A,N/A
10.1109/SNPD.2008.133,N/A,N/A,N/A
10.1109/INDIN.2008.4618104,N/A,N/A,N/A
10.1109/INDIN.2008.4618163,1,4,Conference Proceeding
10.1109/INDIN.2008.4618273,N/A,N/A,N/A
10.1109/INDIN.2008.4618319,N/A,N/A,N/A
10.1109/ICMLC.2008.4620432,N/A,N/A,N/A
10.1109/PCI.2008.12,N/A,N/A,N/A
10.1109/PCI.2008.39,N/A,N/A,N/A
10.1109/SECURWARE.2008.33,N/A,N/A,N/A
10.1109/SENSORCOMM.2008.136,N/A,N/A,N/A
10.1109/ICHIT.2008.269,5,2,Conference Proceeding
10.1109/ICHIT.2008.235,N/A,N/A,N/A
10.1109/NCM.2008.226,N/A,N/A,N/A
10.1109/ChinaGrid.2008.46,N/A,N/A,N/A
10.1109/TII.2008.2002919,N/A,N/A,N/A
10.1109/ICPP-W.2008.7,2,10,Conference Proceeding
10.1109/ICPP-W.2008.19,N/A,N/A,N/A
10.1109/IAS.2008.39,N/A,N/A,N/A
10.1109/ICESS.Symposia.2008.77,N/A,N/A,N/A
10.1109/ICESS.Symposia.2008.18,N/A,N/A,N/A
10.1109/ICESS.Symposia.2008.50,N/A,N/A,N/A
10.1109/ICESS.Symposia.2008.81,N/A,N/A,N/A
10.1109/ICESS.Symposia.2008.19,N/A,N/A,N/A
10.1109/TSC.2008.1,N/A,N/A,N/A
10.1109/DSN.2008.4630070,3,0,Book Series
10.1109/DSN.2008.4630072,6,101,Conference Proceeding
10.1109/DSN.2008.4630079,N/A,N/A,N/A
10.1109/DSN.2008.4630084,8,0,Conference Proceeding
10.1109/DSN.2008.4630092,N/A,N/A,N/A
10.1109/DSN.2008.4630101,N/A,N/A,N/A
10.1109/DSN.2008.4630103,N/A,N/A,N/A
10.1109/DSN.2008.4630124,N/A,N/A,N/A
10.1109/FUZZY.2008.4630652,N/A,N/A,N/A
10.1109/CEC.2008.4631119,N/A,N/A,N/A
10.1109/CEC.2008.4631142,N/A,N/A,N/A
10.1109/CEC.2008.4631199,N/A,N/A,N/A
10.1109/ITSIM.2008.4631651,N/A,N/A,N/A
10.1109/ITSIM.2008.4631933,N/A,N/A,N/A
10.1109/IJCNN.2008.4634056,N/A,N/A,N/A
10.1109/IJCNN.2008.4634075,N/A,N/A,N/A
10.1109/IJCNN.2008.4634336,N/A,N/A,N/A
10.1109/RT.2008.4634632,N/A,N/A,N/A
10.1109/QEST.2008.51,N/A,N/A,N/A
10.1109/QEST.2008.53,N/A,N/A,N/A
10.1109/ISIC.2008.4635929,N/A,N/A,N/A
10.1109/ICAL.2008.4636452,3,9,Conference Proceeding
10.1109/ICAL.2008.4636545,N/A,N/A,N/A
10.1109/TNS.2008.2000839,3,8,Conference Proceeding
10.1109/SCAM.2008.16,N/A,N/A,N/A
10.1109/HPCC.2008.79,N/A,N/A,N/A
10.1109/WFCS.2008.4638724,2,4,Conference Proceeding
10.1109/VLHCC.2008.4639052,N/A,N/A,N/A
10.1109/VLHCC.2008.4639088,N/A,N/A,N/A
10.1109/ASE.2008.23,N/A,N/A,N/A
10.1109/ASE.2008.32,N/A,N/A,N/A
10.1109/ASE.2008.71,N/A,N/A,N/A
10.1109/ADVCOMP.2008.21,N/A,N/A,N/A
10.1109/CERMA.2008.51,N/A,N/A,N/A
10.1109/DFT.2008.41,2,1,Conference Proceeding
10.1109/TDC-LA.2008.4641721,N/A,N/A,N/A
10.1109/TDC-LA.2008.4641818,N/A,N/A,N/A
10.1109/TDC-LA.2008.4641871,N/A,N/A,N/A
10.1109/IEMBS.2008.4649803,N/A,N/A,N/A
10.1109/IEMBS.2008.4649835,N/A,N/A,N/A
10.1109/UPEC.2008.4651474,N/A,N/A,N/A
10.1109/TLA.2008.4653857,N/A,N/A,N/A
10.1109/TLA.2008.4653860,N/A,N/A,N/A
10.1109/ICMIT.2008.4654377,N/A,N/A,N/A
10.1109/WCRE.2008.50,N/A,N/A,N/A
10.1109/VETECF.2008.437,N/A,N/A,N/A
10.1109/BEC.2008.4657513,N/A,N/A,N/A
10.1109/ICCCAS.2008.4657879,N/A,N/A,N/A
10.1109/ICSM.2008.4658048,N/A,N/A,N/A
10.1109/ICSM.2008.4658073,N/A,N/A,N/A
10.1109/ICSM.2008.4658075,N/A,N/A,N/A
10.1109/ICSM.2008.4658076,N/A,N/A,N/A
10.1109/ICSM.2008.4658077,N/A,N/A,N/A
10.1109/ICSM.2008.4658092,1,13,Conference Proceeding
10.1109/ICSM.2008.4658098,1,2,Conference Proceeding
10.1109/ICICTA.2008.251,4,2,Conference Proceeding
10.1109/ICICTA.2008.395,N/A,N/A,N/A
10.1109/ICICTA.2008.249,N/A,N/A,N/A
10.1109/IST.2008.4659972,N/A,N/A,N/A
10.1109/IST.2008.4659988,N/A,N/A,N/A
10.1109/INETMW.2008.4660329,N/A,N/A,N/A
10.1109/AUTEST.2008.4662635,4,1,Conference Proceeding
10.1109/AUTEST.2008.4662648,N/A,N/A,N/A
10.1109/AUTEST.2008.4662676,N/A,N/A,N/A
10.1109/GRID.2008.4662791,N/A,N/A,N/A
10.1109/GRID.2008.4662798,N/A,N/A,N/A
10.1109/GCC.2008.22,N/A,N/A,N/A
10.1109/GCC.2008.19,N/A,N/A,N/A
10.1109/CCPR.2008.75,N/A,N/A,N/A
10.1109/TSC.2008.2,N/A,N/A,N/A
10.1109/ICADIWT.2008.4664333,N/A,N/A,N/A
10.1109/FSKD.2008.243,N/A,N/A,N/A
10.1109/ICNC.2008.273,4,9,Conference Proceeding
10.1109/ICNC.2008.874,N/A,N/A,N/A
10.1109/ICSEA.2008.56,N/A,N/A,N/A
10.1109/ICSEA.2008.57,N/A,N/A,N/A
10.1109/ICSEA.2008.9,3,19,Conference Proceeding
10.1109/ICHQP.2008.4668775,N/A,N/A,N/A
10.1109/DSD.2008.11,N/A,N/A,N/A
10.1109/SOFTCOM.2008.4669461,N/A,N/A,N/A
10.1109/SOFTCOM.2008.4669472,N/A,N/A,N/A
10.1109/SOFTCOM.2008.4669484,N/A,N/A,N/A
10.1109/ICTAI.2008.76,4,24,Conference Proceeding
10.1109/DAS.2008.70,N/A,N/A,N/A
10.1109/ICWS.2008.43,N/A,N/A,N/A
10.1109/ICWS.2008.87,N/A,N/A,N/A
10.1109/TAIC-PART.2008.21,N/A,N/A,N/A
10.1109/TAIC-PART.2008.16,2,5,Conference Proceeding
10.1109/TAIC-PART.2008.15,2,3,Conference Proceeding
10.1109/TAIC-PART.2008.19,N/A,N/A,N/A
10.1109/IS.2008.4670403,N/A,N/A,N/A
10.1109/IS.2008.4670508,N/A,N/A,N/A
10.1109/MS.2008.141,N/A,N/A,N/A
10.1109/ICCIS.2008.4670773,N/A,N/A,N/A
10.1109/ICCIS.2008.4670925,N/A,N/A,N/A
10.1109/ICCCN.2008.ECP.107,N/A,N/A,N/A
10.1109/ICECS.2008.4674804,N/A,N/A,N/A
10.1109/ASC-ICSC.2008.4675457,N/A,N/A,N/A
10.1109/ISIE.2008.4677290,5,11,Conference Proceeding
10.1109/VPPC.2008.4677687,N/A,N/A,N/A
10.1109/WiCom.2008.1276,N/A,N/A,N/A
10.1109/WiCom.2008.1358,1,1,Conference Proceeding
10.1109/WiCom.2008.1672,N/A,N/A,N/A
10.1109/ICCIT.2008.173,N/A,N/A,N/A
10.1109/ICCIT.2008.254,3,0,Conference Proceeding
10.1109/FTDCS.2008.14,N/A,N/A,N/A
10.1109/FTDCS.2008.40,N/A,N/A,N/A
10.1109/ICINIS.2008.132,2,3,Conference Proceeding
10.1109/CHINACOM.2008.4685145,6,0,Conference Proceeding
10.1109/RE.2008.18,N/A,N/A,N/A
10.1109/RE.2008.24,N/A,N/A,N/A
10.1109/RE.2008.44,N/A,N/A,N/A
10.1109/RE.2008.41,N/A,N/A,N/A
10.1109/RE.2008.29,N/A,N/A,N/A
10.1109/SEFM.2008.31,3,2,Conference Proceeding
10.1109/ASEW.2008.4686297,N/A,N/A,N/A
10.1109/ASEW.2008.4686323,N/A,N/A,N/A
10.1109/IWASID.2008.4688408,N/A,N/A,N/A
10.1109/ICEBE.2008.117,2,1,Conference Proceeding
10.1109/SRDS.2008.34,N/A,N/A,N/A
10.1109/SRDS.2008.14,2,7,Conference Proceeding
10.1109/ICCAS.2008.4694425,N/A,N/A,N/A
10.1109/ICCIS.2008.4694806,N/A,N/A,N/A
10.1109/HLDVT.2008.4695895,N/A,N/A,N/A
10.1109/DCAS.2008.4695928,N/A,N/A,N/A
10.1109/BROADCOM.2008.73,N/A,N/A,N/A
10.1109/ISDA.2008.324,5,2,Conference Proceeding
10.1109/ESTMED.2008.4697008,N/A,N/A,N/A
10.1109/ICOSP.2008.4697199,2,0,Conference Proceeding
10.1109/ICOSP.2008.4697271,N/A,N/A,N/A
10.1109/ICOSP.2008.4697439,N/A,N/A,N/A
10.1109/GLOCOM.2008.ECP.292,N/A,N/A,N/A
10.1109/GLOCOM.2008.ECP.345,N/A,N/A,N/A
10.1109/DICTA.2008.41,N/A,N/A,N/A
10.1109/ISSRE.2008.43,4,8,Conference Proceeding
10.1109/ISSRE.2008.37,N/A,N/A,N/A
10.1109/ISSRE.2008.48,N/A,N/A,N/A
10.1109/ISSRE.2008.18,5,0,Conference Proceeding
10.1109/ISSRE.2008.46,N/A,N/A,N/A
10.1109/ISSRE.2008.54,2,2,Journal
10.1109/ISSRE.2008.21,N/A,N/A,N/A
10.1109/ISSRE.2008.60,N/A,N/A,N/A
10.1109/ISSRE.2008.27,N/A,N/A,N/A
10.1109/ISSRE.2008.50,N/A,N/A,N/A
10.1109/ISSRE.2008.49,3,1,Conference Proceeding
10.1109/ISSRE.2008.53,N/A,N/A,N/A
10.1109/NWeSP.2008.32,N/A,N/A,N/A
10.1109/SERVICES-2.2008.5,N/A,N/A,N/A
10.1109/TEST.2008.4700679,N/A,N/A,N/A
10.1109/DASC.2008.4702765,N/A,N/A,N/A
10.1109/HASE.2008.19,N/A,N/A,N/A
10.1109/HASE.2008.59,N/A,N/A,N/A
10.1109/HASE.2008.53,N/A,N/A,N/A
10.1109/HASE.2008.16,4,9,Conference Proceeding
10.1109/HASE.2008.28,N/A,N/A,N/A
10.1109/ICYCS.2008.478,N/A,N/A,N/A
10.1109/ICYCS.2008.224,N/A,N/A,N/A
10.1109/ICYCS.2008.453,N/A,N/A,N/A
10.1109/ICYCS.2008.322,N/A,N/A,N/A
10.1109/TMAG.2008.2001751,3,38,Journal
10.1109/PHM.2008.4711431,N/A,N/A,N/A
10.1109/ICIP.2008.4711927,N/A,N/A,N/A
10.1109/ICIP.2008.4712209,3,10,Conference Proceeding
10.1109/TDEI.2008.4712675,N/A,N/A,N/A
10.1109/ISCIS.2008.4717939,N/A,N/A,N/A
10.1109/FIE.2008.4720643,N/A,N/A,N/A
10.1109/ASEA.2008.21,3,2,Conference Proceeding
10.1109/ASEA.2008.22,N/A,N/A,N/A
10.1109/ASEA.2008.36,5,1,Conference Proceeding
10.1109/ASEA.2008.9,N/A,N/A,N/A
10.1109/ACSAC.2008.48,N/A,N/A,N/A
10.1109/CSSE.2008.1179,N/A,N/A,N/A
10.1109/CSSE.2008.946,3,7,Conference Proceeding
10.1109/CSSE.2008.1154,N/A,N/A,N/A
10.1109/CSSE.2008.679,N/A,N/A,N/A
10.1109/CSSE.2008.1136,4,2,Conference Proceeding
10.1109/CSSE.2008.1557,N/A,N/A,N/A
10.1109/CSSE.2008.802,N/A,N/A,N/A
10.1109/CSSE.2008.684,N/A,N/A,N/A
10.1109/CSSE.2008.1522,N/A,N/A,N/A
10.1109/CSSE.2008.500,N/A,N/A,N/A
10.1109/CSSE.2008.1325,4,1,Conference Proceeding
10.1109/CSSE.2008.975,2,1,Conference Proceeding
10.1109/CSSE.2008.865,3,1,Conference Proceeding
10.1109/CSSE.2008.1253,N/A,N/A,N/A
10.1109/CSSE.2008.1491,4,0,Conference Proceeding
10.1109/CSSE.2008.1276,N/A,N/A,N/A
10.1109/CSSE.2008.382,3,1,Conference Proceeding
10.1109/CSSE.2008.675,N/A,N/A,N/A
10.1109/CSSE.2008.1039,N/A,N/A,N/A
10.1109/CSSE.2008.959,4,0,Conference Proceeding
10.1109/CSSE.2008.852,N/A,N/A,N/A
10.1109/CSSE.2008.384,N/A,N/A,N/A
10.1109/CSSE.2008.120,N/A,N/A,N/A
10.1109/CSSE.2008.977,N/A,N/A,N/A
10.1109/CSSE.2008.870,N/A,N/A,N/A
10.1109/ICPADS.2008.117,N/A,N/A,N/A
10.1109/APSEC.2008.15,N/A,N/A,N/A
10.1109/APSEC.2008.32,N/A,N/A,N/A
10.1109/APSEC.2008.41,N/A,N/A,N/A
10.1109/APSEC.2008.43,N/A,N/A,N/A
10.1109/CIS.2008.172,2,3,Conference Proceeding
10.1109/ICMLA.2008.46,N/A,N/A,N/A
10.1109/PRDC.2008.14,3,0,Conference Proceeding
10.1109/PRDC.2008.7,N/A,N/A,N/A
10.1109/PRDC.2008.34,3,3,Conference Proceeding
10.1109/PRDC.2008.21,N/A,N/A,N/A
10.1109/PRDC.2008.30,3,10,Conference Proceeding
10.1109/PRDC.2008.43,N/A,N/A,N/A
10.1109/PRDC.2008.47,4,0,Conference Proceeding
10.1109/SEAA.2008.21,N/A,N/A,N/A
10.1109/SEAA.2008.52,3,1,Book Series
10.1109/SEAA.2008.33,N/A,N/A,N/A
10.1109/SKG.2008.44,N/A,N/A,N/A
10.1109/SOSE.2008.46,2,0,Conference Proceeding
10.1109/CAIDCD.2008.4730634,N/A,N/A,N/A
10.1109/ICIT.2008.63,N/A,N/A,N/A
10.1109/ISCSCT.2008.233,N/A,N/A,N/A
10.1109/ISCSCT.2008.342,N/A,N/A,N/A
10.1109/ISCSCT.2008.311,N/A,N/A,N/A
10.1109/IITA.Workshops.2008.119,3,17,Conference Proceeding
10.1109/ISISE.2008.138,N/A,N/A,N/A
10.1109/ISISE.2008.100,N/A,N/A,N/A
10.1109/ICDMW.2008.55,N/A,N/A,N/A
10.1109/FGCN.2008.76,N/A,N/A,N/A
10.1109/EDAPS.2008.4736019,N/A,N/A,N/A
10.1109/WSC.2008.4736130,N/A,N/A,N/A
10.1109/WSC.2008.4736356,N/A,N/A,N/A
10.1109/EEEI.2008.4736610,N/A,N/A,N/A
10.1109/eScience.2008.113,N/A,N/A,N/A
10.1109/ICACTE.2008.204,3,9,Journal
10.1109/IEEM.2008.4738110,N/A,N/A,N/A
10.1109/IITA.2008.348,3,7,Conference Proceeding
10.1109/IITA.2008.211,N/A,N/A,N/A
10.1109/ITME.2008.4744018,3,8,Conference Proceeding
10.1109/APCCAS.2008.4746074,N/A,N/A,N/A
10.1109/APCCAS.2008.4746266,N/A,N/A,N/A
10.1109/ICDIM.2008.4746795,N/A,N/A,N/A
10.1109/MITP.2008.115,N/A,N/A,N/A
10.1109/EUMC.2008.4751672,N/A,N/A,N/A
10.1109/ICCD.2008.4751878,N/A,N/A,N/A
10.1109/MILCOM.2008.4753134,N/A,N/A,N/A
10.1109/MILCOM.2008.4753139,N/A,N/A,N/A
10.1109/MILCOM.2008.4753207,N/A,N/A,N/A
10.1109/MILCOM.2008.4753375,N/A,N/A,N/A
10.1109/LA-WEB.2008.10,N/A,N/A,N/A
10.1109/PACIIA.2008.104,N/A,N/A,N/A
10.1109/PACIIA.2008.401,N/A,N/A,N/A
10.1109/PACIIA.2008.264,N/A,N/A,N/A
10.1109/ADCOM.2008.4760417,N/A,N/A,N/A
10.1109/ADCOM.2008.4760473,N/A,N/A,N/A
10.1109/ICPR.2008.4761808,N/A,N/A,N/A
10.1109/IVCNZ.2008.4762145,N/A,N/A,N/A
10.1109/TENCON.2008.4766459,N/A,N/A,N/A
10.1109/TENCON.2008.4766490,N/A,N/A,N/A
10.1109/INDCON.2008.4768827,3,29,Conference Proceeding
10.1109/ICACIA.2008.4770033,5,2,Conference Proceeding
10.1109/ICACIA.2008.4770047,N/A,N/A,N/A
10.1109/MASCOT.2008.4770577,N/A,N/A,N/A
10.1109/NSSMIC.2008.4774304,N/A,N/A,N/A
10.1109/NSSMIC.2008.4774651,N/A,N/A,N/A
10.1109/NSSMIC.2008.4774959,N/A,N/A,N/A
10.1109/SPAWDA.2008.4775854,N/A,N/A,N/A
10.1109/ICET.2008.4777508,N/A,N/A,N/A
10.1109/INMIC.2008.4777759,N/A,N/A,N/A
10.1109/IGARSS.2008.4779531,N/A,N/A,N/A
10.1109/APSCC.2008.163,N/A,N/A,N/A
10.1109/APSCC.2008.124,N/A,N/A,N/A
10.1109/ICDM.2008.69,1,11,Conference Proceeding
10.1109/ICDM.2008.155,N/A,N/A,N/A
10.1109/ICPCA.2008.4783614,N/A,N/A,N/A
10.1109/EMAP.2008.4784241,N/A,N/A,N/A
10.1109/ICDFMA.2008.4784416,N/A,N/A,N/A
10.1109/CIBEC.2008.4786058,N/A,N/A,N/A
10.1109/ICED.2008.4786752,N/A,N/A,N/A
10.1109/ICCCNET.2008.4787662,N/A,N/A,N/A
10.1109/ICARCV.2008.4795545,N/A,N/A,N/A
10.1109/MARK.2008.4,N/A,N/A,N/A
10.1109/ULTSYM.2008.0204,N/A,N/A,N/A
10.1109/ULTSYM.2008.0411,N/A,N/A,N/A
10.1109/ULTSYM.2008.0011,N/A,N/A,N/A
10.1109/ULTSYM.2008.0179,N/A,N/A,N/A
10.1109/WETICE.2008.28,N/A,N/A,N/A
10.1109/KAMW.2008.4810462,N/A,N/A,N/A
10.1109/ICSMC.2008.4811468,N/A,N/A,N/A
10.1109/FGCNS.2008.15,N/A,N/A,N/A
10.1109/FGCNS.2008.156,3,4,Conference Proceeding
10.1145/1368088.1368099,N/A,N/A,N/A
10.1145/1368088.1368104,N/A,N/A,N/A
10.1145/1368088.1368135,N/A,N/A,N/A
10.1145/1368088.1368144,N/A,N/A,N/A
10.1145/1368088.1368151,2,0,Conference Proceeding
10.1145/1368088.1368153,N/A,N/A,N/A
10.1145/1368088.1368160,N/A,N/A,N/A
10.1145/1368088.1368161,4,0,Book Series
10.1145/1368088.1368175,N/A,N/A,N/A
10.1145/1368088.1368190,N/A,N/A,N/A
10.1145/1368088.1368227,N/A,N/A,N/A
10.1109/EDOCW.2008.45,N/A,N/A,N/A
10.1109/EDOCW.2008.5,N/A,N/A,N/A
10.1109/EDOCW.2008.36,N/A,N/A,N/A
10.1109/ISITA.2008.4895570,N/A,N/A,N/A
10.1109/RAMS.2008.4925771,N/A,N/A,N/A
10.1109/RAMS.2008.4925775,N/A,N/A,N/A
10.1109/RAMS.2008.4925786,N/A,N/A,N/A
10.1109/RAMS.2008.4925824,5,4,Journal
10.1109/RAMS.2008.4925829,N/A,N/A,N/A
10.1109/MTV.2008.14,N/A,N/A,N/A
10.1109/MTV.2008.9,4,5,Conference Proceeding
10.1109/CIMCA.2008.147,N/A,N/A,N/A
10.1109/CIMCA.2008.10,N/A,N/A,N/A
10.1109/CIMCA.2008.225,N/A,N/A,N/A
10.1109/SC.2008.5214891,N/A,N/A,N/A
10.1109/SC.2008.5215726,N/A,N/A,N/A
10.1109/AUV.2008.5290532,N/A,N/A,N/A
10.1109/SEW.2008.17,N/A,N/A,N/A
10.1109/SEW.2008.16,N/A,N/A,N/A
10.1109/AUV.2008.5347598,N/A,N/A,N/A
10.1109/INFRA.2008.5439663,N/A,N/A,N/A
10.1109/EWDTS.2008.5580145,N/A,N/A,N/A
N/A,N/A,N/A,N/A
N/A,N/A,N/A,N/A
N/A,N/A,N/A,N/A
N/A,N/A,N/A,N/A
N/A,N/A,N/A,N/A
10.1109/TCBB.2007.70266,N/A,N/A,N/A
10.1109/TVT.2008.925319,N/A,N/A,N/A
10.1109/TKDE.2008.137,N/A,N/A,N/A
10.1109/TDSC.2008.39,N/A,N/A,N/A
10.1109/TSE.2008.71,1,0,Conference Proceeding
10.1109/TDSC.2008.50,N/A,N/A,N/A
10.1109/TSE.2008.79,N/A,N/A,N/A
10.1109/TSE.2008.87,N/A,N/A,N/A
10.1109/TSMCA.2008.2007982,3,0,Journal
10.1109/TSE.2008.102,N/A,N/A,N/A
10.1109/TSE.2008.103,N/A,N/A,N/A
10.1109/TSE.2008.105,N/A,N/A,N/A
10.1109/MCSE.2009.15,N/A,N/A,N/A
10.1109/MS.2009.15,N/A,N/A,N/A
10.1109/MS.2009.4,N/A,N/A,N/A
10.1109/TPWRD.2008.2002657,N/A,N/A,N/A
10.1109/VLSI.Design.2009.22,N/A,N/A,N/A
10.1109/TEM.2008.2009792,N/A,N/A,N/A
10.1109/ICCET.2009.221,N/A,N/A,N/A
10.1109/WKDD.2009.10,4,2,Conference Proceeding
10.1109/WKDD.2009.15,2,0,Conference Proceeding
10.1109/TEVC.2008.2008797,N/A,N/A,N/A
10.1109/ICAPR.2009.17,N/A,N/A,N/A
10.1109/CCNC.2009.4784695,N/A,N/A,N/A
10.1109/ICECT.2009.138,N/A,N/A,N/A
10.1109/CMC.2009.63,N/A,N/A,N/A
10.1109/ICCMS.2009.76,N/A,N/A,N/A
10.1109/TIM.2009.2013925,N/A,N/A,N/A
10.1109/MIC.2009.32,N/A,N/A,N/A
10.1109/HPCA.2009.4798243,N/A,N/A,N/A
10.1109/STFSSD.2009.41,N/A,N/A,N/A
10.1109/STFSSD.2009.47,N/A,N/A,N/A
10.1109/ISPACS.2009.4806716,N/A,N/A,N/A
10.1109/SSST.2009.4806853,N/A,N/A,N/A
10.1109/UKSIM.2009.83,2,1,Conference Proceeding
N/A,N/A,N/A,N/A
10.1109/ISQED.2009.4810269,N/A,N/A,N/A
10.1109/VR.2009.4811035,N/A,N/A,N/A
10.1109/ICDE.2009.105,N/A,N/A,N/A
10.1109/ICDE.2009.160,N/A,N/A,N/A
10.1109/ICDE.2009.153,N/A,N/A,N/A
10.1109/CSEET.2009.12,N/A,N/A,N/A
10.1109/CSMR.2009.15,N/A,N/A,N/A
10.1109/CSMR.2009.58,N/A,N/A,N/A
10.1109/CSMR.2009.44,N/A,N/A,N/A
10.1109/TMI.2009.2019755,N/A,N/A,N/A
10.1109/LATW.2009.4813809,2,0,Conference Proceeding
10.1109/LATW.2009.4813813,4,0,Conference Proceeding
10.1109/LATW.2009.4813816,N/A,N/A,N/A
10.1109/TC.2009.52,5,0,Journal
10.1109/ICST.2009.11,N/A,N/A,N/A
10.1109/ICST.2009.34,N/A,N/A,N/A
10.1109/ICST.2009.18,N/A,N/A,N/A
10.1109/ICST.2009.21,2,0,Conference Proceeding
10.1109/ICST.2009.49,N/A,N/A,N/A
10.1109/ICST.2009.36,N/A,N/A,N/A
10.1109/ICST.2009.42,N/A,N/A,N/A
10.1109/ICST.2009.51,N/A,N/A,N/A
10.1109/ICST.2009.14,2,17,Conference Proceeding
10.1109/ICST.2009.24,2,9,Conference Proceeding
10.1109/ICST.2009.41,N/A,N/A,N/A
10.1109/ICST.2009.13,2,22,Conference Proceeding
10.1109/ICST.2009.50,N/A,N/A,N/A
10.1109/ICST.2009.19,N/A,N/A,N/A
10.1109/TIT.2009.2015993,3,43,Journal
10.1109/AERO.2009.4839372,N/A,N/A,N/A
10.1109/AERO.2009.4839393,N/A,N/A,N/A
10.1109/AERO.2009.4839682,N/A,N/A,N/A
N/A,N/A,N/A,N/A
10.1109/TIM.2009.2015695,N/A,N/A,N/A
10.1109/ICNM.2009.4907195,1,1,Conference Proceeding
10.1109/CGO.2009.14,3,25,Conference Proceeding
10.1109/NSWCTC.2009.149,3,1,Conference Proceeding
10.1109/IC4.2009.4909211,N/A,N/A,N/A
10.1109/TSM.2009.2017624,N/A,N/A,N/A
10.1109/PERCOM.2009.4912766,3,4,Conference Proceeding
10.1109/PDP.2009.61,N/A,N/A,N/A
10.1109/ROBIO.2009.4913256,N/A,N/A,N/A
10.1109/RAMS.2009.4914632,N/A,N/A,N/A
10.1109/RAMS.2009.4914730,4,1,Conference Proceeding
10.1109/APPEEC.2009.4918040,N/A,N/A,N/A
10.1109/APPEEC.2009.4918142,N/A,N/A,N/A
10.1109/CIB.2009.4925679,N/A,N/A,N/A
10.1109/SIS.2009.4937853,N/A,N/A,N/A
10.1109/CIDM.2009.4938620,N/A,N/A,N/A
10.1109/MAP.2009.4939017,N/A,N/A,N/A
10.1109/TMAG.2009.2020537,4,6,Journal
10.1109/ETCS.2009.48,N/A,N/A,N/A
10.1109/ICASSP.2009.4959987,N/A,N/A,N/A
10.1109/ICASSP.2009.4960657,N/A,N/A,N/A
10.1109/CAS-ICTD.2009.4960753,3,6,Conference Proceeding
10.1109/CAS-ICTD.2009.4960853,N/A,N/A,N/A
10.1109/TSE.2009.33,N/A,N/A,N/A
10.1109/TR.2009.2019669,N/A,N/A,N/A
10.1109/TSMCA.2009.2020804,N/A,N/A,N/A
10.1109/CSCWD.2009.4968096,N/A,N/A,N/A
10.1109/TRIDENTCOM.2009.4976208,N/A,N/A,N/A
10.1109/TRIDENTCOM.2009.4976261,N/A,N/A,N/A
10.1109/ICONS.2009.31,N/A,N/A,N/A
10.1109/ICONS.2009.22,3,2,Journal
10.1109/ICSTW.2009.15,N/A,N/A,N/A
10.1109/ICSTW.2009.45,N/A,N/A,N/A
10.1109/ICSTW.2009.16,N/A,N/A,N/A
10.1109/ICSTW.2009.27,N/A,N/A,N/A
10.1109/ICSTW.2009.17,N/A,N/A,N/A
10.1109/ICSTW.2009.13,2,7,Conference Proceeding
10.1109/ICSTW.2009.43,N/A,N/A,N/A
10.1109/ICSTW.2009.40,N/A,N/A,N/A
10.1109/ICSTW.2009.30,N/A,N/A,N/A
10.1109/ICSTW.2009.23,N/A,N/A,N/A
10.1109/GPC.2009.28,N/A,N/A,N/A
10.1109/ICAS.2009.53,N/A,N/A,N/A
10.1109/TOH.2009.23,N/A,N/A,N/A
10.1109/ICCE.2009.5012193,N/A,N/A,N/A
10.1109/ICCE.2009.5012296,2,3,Conference Proceeding
10.1109/SSBSE.2009.24,2,1,Journal
10.1109/CISS.2009.5054832,N/A,N/A,N/A
10.1109/INFCOM.2009.5061978,N/A,N/A,N/A
10.1109/INFCOM.2009.5061988,N/A,N/A,N/A
10.1109/ARES.2009.121,N/A,N/A,N/A
10.1109/ARES.2009.27,N/A,N/A,N/A
10.1109/ARES.2009.163,N/A,N/A,N/A
10.1109/ICESS.2009.98,N/A,N/A,N/A
10.1109/ICESS.2009.36,N/A,N/A,N/A
10.1109/ICESS.2009.34,N/A,N/A,N/A
10.1109/CISIS.2009.90,N/A,N/A,N/A
10.1109/CISIS.2009.27,N/A,N/A,N/A
10.1109/CISIS.2009.192,N/A,N/A,N/A
10.1109/CISIS.2009.101,N/A,N/A,N/A
10.1109/CISIS.2009.67,N/A,N/A,N/A
10.1109/CISIS.2009.204,N/A,N/A,N/A
10.1109/MCAS.2008.931739,N/A,N/A,N/A
10.1109/IWSESS.2009.5068456,N/A,N/A,N/A
10.1109/PESOS.2009.5068822,N/A,N/A,N/A
10.1109/IWAST.2009.5069037,N/A,N/A,N/A
10.1109/IWAST.2009.5069048,N/A,N/A,N/A
10.1109/IWAST.2009.5069049,N/A,N/A,N/A
10.1109/IWAST.2009.5069051,N/A,N/A,N/A
10.1109/SEAMS.2009.5069082,N/A,N/A,N/A
10.1109/SECSE.2009.5069163,N/A,N/A,N/A
10.1109/AICCSA.2009.5069339,N/A,N/A,N/A
10.1109/AICCSA.2009.5069416,4,13,Conference Proceeding
10.1109/MSR.2009.5069478,N/A,N/A,N/A
10.1109/MSR.2009.5069479,N/A,N/A,N/A
10.1109/MSR.2009.5069481,4,23,Conference Proceeding
10.1109/MSR.2009.5069493,N/A,N/A,N/A
10.1109/MISE.2009.5069890,N/A,N/A,N/A
10.1109/MISE.2009.5069891,N/A,N/A,N/A
10.1109/ICSE.2009.5070503,N/A,N/A,N/A
10.1109/ICSE.2009.5070507,4,1,Conference Proceeding
10.1109/ICSE.2009.5070510,4,0,Journal
10.1109/ICSE.2009.5070512,N/A,N/A,N/A
10.1109/ICSE.2009.5070514,N/A,N/A,N/A
10.1109/ICSE.2009.5070515,N/A,N/A,N/A
10.1109/ICSE.2009.5070522,N/A,N/A,N/A
10.1109/ICSE.2009.5070539,N/A,N/A,N/A
10.1109/ICSE.2009.5070547,N/A,N/A,N/A
10.1109/ICSE.2009.5070548,N/A,N/A,N/A
10.1109/ICSE.2009.5070560,N/A,N/A,N/A
10.1109/ITNG.2009.12,3,58,Conference Proceeding
10.1109/ITNG.2009.104,N/A,N/A,N/A
10.1109/ITNG.2009.230,N/A,N/A,N/A
10.1109/ICSE-COMPANION.2009.5070966,N/A,N/A,N/A
10.1109/ICSE-COMPANION.2009.5070975,6,24,Conference Proceeding
10.1109/ICSE-COMPANION.2009.5070982,N/A,N/A,N/A
10.1109/ICSE-COMPANION.2009.5071009,N/A,N/A,N/A
10.1109/ICSE-COMPANION.2009.5071011,N/A,N/A,N/A
10.1109/ICSE-COMPANION.2009.5071030,N/A,N/A,N/A
10.1109/ICSE-COMPANION.2009.5071031,N/A,N/A,N/A
10.1109/ICSE-COMPANION.2009.5071037,N/A,N/A,N/A
10.1109/ICSE-COMPANION.2009.5071045,N/A,N/A,N/A
10.1109/IWMSE.2009.5071379,N/A,N/A,N/A
10.1109/IWMSE.2009.5071380,N/A,N/A,N/A
10.1109/CHASE.2009.5071416,N/A,N/A,N/A
10.1109/WOSQ.2009.5071552,N/A,N/A,N/A
10.1109/WOSQ.2009.5071554,N/A,N/A,N/A
10.1109/WOSQ.2009.5071555,N/A,N/A,N/A
10.1109/CVSM.2009.5071722,N/A,N/A,N/A
10.1109/DBKDA.2009.10,N/A,N/A,N/A
10.1109/CCGRID.2009.28,7,3,Conference Proceeding
10.1109/AMS.2009.63,3,3,Conference Proceeding
10.1109/AMS.2009.113,N/A,N/A,N/A
10.1109/ICIW.2009.60,N/A,N/A,N/A
10.1109/IWISA.2009.5072608,5,0,Conference Proceeding
10.1109/IWISA.2009.5072677,N/A,N/A,N/A
10.1109/MIAS.2009.932603,N/A,N/A,N/A
10.1109/AINA.2009.78,N/A,N/A,N/A
10.1109/AINA.2009.48,N/A,N/A,N/A
10.1109/AINA.2009.15,N/A,N/A,N/A
10.1109/ASWEC.2009.17,N/A,N/A,N/A
10.1109/ICCSN.2009.35,N/A,N/A,N/A
10.1109/ICCSN.2009.106,N/A,N/A,N/A
10.1109/ICIME.2009.78,N/A,N/A,N/A
10.1109/TMAG.2009.2015942,3,1,Journal
10.1109/ICPC.2009.5090024,N/A,N/A,N/A
10.1109/ICPC.2009.5090043,N/A,N/A,N/A
10.1109/CCECE.2009.5090106,N/A,N/A,N/A
10.1109/ICECCS.2009.18,N/A,N/A,N/A
10.1109/DATE.2009.5090664,N/A,N/A,N/A
10.1109/DATE.2009.5090713,3,11,Conference Proceeding
10.1109/DATE.2009.5090752,4,5,Journal
10.1109/DATE.2009.5090812,N/A,N/A,N/A
10.1109/DATE.2009.5090833,2,11,Conference Proceeding
10.1109/DATE.2009.5090849,5,11,Conference Proceeding
10.1109/ISCAS.2009.5117980,5,7,Conference Proceeding
10.1109/ISCAS.2009.5118449,N/A,N/A,N/A
10.1109/WAINA.2009.72,N/A,N/A,N/A
10.1109/WAINA.2009.67,N/A,N/A,N/A
10.1109/WAINA.2009.40,N/A,N/A,N/A
10.1109/CQR.2009.5137352,N/A,N/A,N/A
10.1109/CQR.2009.5137356,N/A,N/A,N/A
10.1109/EBISS.2009.5138078,N/A,N/A,N/A
10.1109/ICIEA.2009.5138604,N/A,N/A,N/A
10.1109/ICIEA.2009.5138962,4,40,Conference Proceeding
10.1109/ROBOT.2009.5152282,N/A,N/A,N/A
10.1109/IPEMC.2009.5157542,N/A,N/A,N/A
10.1109/VDAT.2009.5158159,3,3,Conference Proceeding
10.1109/JCAI.2009.42,N/A,N/A,N/A
10.1109/JCAI.2009.110,N/A,N/A,N/A
10.1109/JCAI.2009.218,N/A,N/A,N/A
10.1109/JCAI.2009.10,3,3,Conference Proceeding
10.1109/IPDPS.2009.5160867,N/A,N/A,N/A
10.1109/IPDPS.2009.5160988,N/A,N/A,N/A
10.1109/IPDPS.2009.5161134,N/A,N/A,N/A
10.1109/IPDPS.2009.5161233,N/A,N/A,N/A
10.1109/ECRTS.2009.24,N/A,N/A,N/A
10.1109/ICSAP.2009.27,N/A,N/A,N/A
10.1109/TITS.2009.2026443,N/A,N/A,N/A
10.1109/ICSPS.2009.143,N/A,N/A,N/A
10.1109/ICSPS.2009.104,N/A,N/A,N/A
10.1109/ICSPS.2009.163,4,0,Conference Proceeding
10.1109/HPCC.2009.29,N/A,N/A,N/A
10.1109/HPCC.2009.95,N/A,N/A,N/A
10.1109/IMTC.2009.5168459,N/A,N/A,N/A
10.1109/IMTC.2009.5168491,N/A,N/A,N/A
10.1109/ICETC.2009.57,N/A,N/A,N/A
10.1109/CSIE.2009.464,2,0,Conference Proceeding
10.1109/CSIE.2009.460,N/A,N/A,N/A
10.1109/CSIE.2009.349,2,3,Conference Proceeding
10.1109/CSIE.2009.297,N/A,N/A,N/A
10.1109/CSIE.2009.914,N/A,N/A,N/A
10.1109/CSIE.2009.227,N/A,N/A,N/A
10.1109/SAHCNW.2009.5172939,N/A,N/A,N/A
10.1109/IEEC.2009.39,N/A,N/A,N/A
10.1109/ICWS.2009.27,N/A,N/A,N/A
10.1109/ICWS.2009.14,N/A,N/A,N/A
10.1109/CTRQ.2009.26,N/A,N/A,N/A
10.1109/TC.2009.119,N/A,N/A,N/A
10.1109/INM.2009.5188804,5,15,Conference Proceeding
10.1109/INM.2009.5188838,N/A,N/A,N/A
10.1109/INM.2009.5188851,N/A,N/A,N/A
10.1109/INM.2009.5188881,N/A,N/A,N/A
10.1109/CROWNCOM.2009.5189371,N/A,N/A,N/A
10.1109/ICFN.2009.48,2,1,Conference Proceeding
10.1109/NCA.2009.53,N/A,N/A,N/A
10.1109/NCA.2009.42,N/A,N/A,N/A
10.1109/SERVICES-I.2009.85,N/A,N/A,N/A
10.1109/SERVICES-I.2009.73,N/A,N/A,N/A
10.1109/SERVICES-I.2009.59,N/A,N/A,N/A
10.1109/SERVICES-I.2009.132,N/A,N/A,N/A
10.1109/SERVICES-I.2009.137,N/A,N/A,N/A
10.1109/SERVICES-I.2009.103,N/A,N/A,N/A
10.1109/CCDC.2009.5191650,N/A,N/A,N/A
10.1109/CCDC.2009.5192431,N/A,N/A,N/A
10.1109/HPCSIM.2009.5192494,N/A,N/A,N/A
10.1109/CSO.2009.325,2,1,Conference Proceeding
10.1109/CSO.2009.22,N/A,N/A,N/A
10.1109/CSO.2009.133,N/A,N/A,N/A
10.1109/CASE.2009.95,2,0,Conference Proceeding
10.1109/HPCSIM.2009.5194712,2,3,Conference Proceeding
10.1109/CCDC.2009.5195113,3,7,Conference Proceeding
10.1109/IOLTS.2009.5195980,4,2,Conference Proceeding
10.1109/IOLTS.2009.5195995,4,3,Conference Proceeding
10.1109/ICGSE.2009.8,N/A,N/A,N/A
10.1109/ICGSE.2009.61,N/A,N/A,N/A
10.1109/APCIP.2009.91,N/A,N/A,N/A
10.1109/APCIP.2009.187,N/A,N/A,N/A
10.1109/APCIP.2009.243,N/A,N/A,N/A
10.1109/MC.2009.253,N/A,N/A,N/A
10.1109/TASE.2009.26,N/A,N/A,N/A
10.1109/TASE.2009.52,N/A,N/A,N/A
10.1109/TASE.2009.41,4,11,Conference Proceeding
10.1109/ESIAT.2009.435,N/A,N/A,N/A
10.1109/IWQoS.2009.5201394,N/A,N/A,N/A
10.1109/IWQoS.2009.5201404,N/A,N/A,N/A
10.1109/IWQoS.2009.5201409,N/A,N/A,N/A
10.1109/ISCC.2009.5202358,N/A,N/A,N/A
10.1109/ISCC.2009.5202399,N/A,N/A,N/A
10.1109/ICMTMA.2009.588,N/A,N/A,N/A
10.1109/CVPRW.2009.5204309,N/A,N/A,N/A
10.1109/CVPRW.2009.5204310,N/A,N/A,N/A
10.1109/ASQED.2009.5206296,N/A,N/A,N/A
N/A,N/A,N/A,N/A
10.1109/CVPR.2009.5206601,N/A,N/A,N/A
10.1109/DBTA.2009.10,N/A,N/A,N/A
10.1109/DBTA.2009.133,N/A,N/A,N/A
10.1109/ISPA.2009.28,N/A,N/A,N/A
10.1109/ISPA.2009.17,3,1,Conference Proceeding
10.1109/ISPA.2009.45,N/A,N/A,N/A
10.1109/ISPA.2009.11,N/A,N/A,N/A
10.1109/ISPA.2009.104,N/A,N/A,N/A
10.1109/ISPA.2009.53,6,1,Conference Proceeding
10.1109/GCIS.2009.26,N/A,N/A,N/A
10.1109/GCIS.2009.304,2,0,Conference Proceeding
10.1109/ISECS.2009.59,N/A,N/A,N/A
10.1109/ISECS.2009.158,N/A,N/A,N/A
10.1109/CEC.2009.53,N/A,N/A,N/A
10.1109/CEC.2009.11,N/A,N/A,N/A
10.1109/SENSORCOMM.2009.95,N/A,N/A,N/A
10.1109/SENSORCOMM.2009.60,N/A,N/A,N/A
10.1109/DEPEND.2009.12,N/A,N/A,N/A
10.1109/DEPEND.2009.10,2,0,Conference Proceeding
10.1109/ICIE.2009.60,N/A,N/A,N/A
10.1109/BIBE.2009.59,N/A,N/A,N/A
10.1109/BIBE.2009.60,N/A,N/A,N/A
10.1109/ICIE.2009.169,N/A,N/A,N/A
10.1109/ICIE.2009.41,N/A,N/A,N/A
10.1109/ICMLC.2009.5212106,3,3,Conference Proceeding
10.1109/ICIS.2009.209,N/A,N/A,N/A
10.1109/ICIS.2009.83,N/A,N/A,N/A
10.1109/ICIS.2009.185,N/A,N/A,N/A
10.1109/CITISIA.2009.5224193,N/A,N/A,N/A
10.1109/SMC-IT.2009.21,N/A,N/A,N/A
10.1109/SMC-IT.2009.22,5,3,Conference Proceeding
10.1145/1629911.1630074,N/A,N/A,N/A
10.1145/1629911.1630079,N/A,N/A,N/A
10.1109/IAMA.2009.5228069,N/A,N/A,N/A
10.1109/VIZ.2009.21,N/A,N/A,N/A
10.1109/CINC.2009.153,N/A,N/A,N/A
10.1109/AT-EQUAL.2009.14,N/A,N/A,N/A
10.1109/IFITA.2009.67,N/A,N/A,N/A
10.1109/CICSYN.2009.22,N/A,N/A,N/A
10.1109/ASONAM.2009.43,N/A,N/A,N/A
10.1109/ISORC.2009.19,N/A,N/A,N/A
10.1109/ISORC.2009.45,N/A,N/A,N/A
10.1109/ISORC.2009.39,N/A,N/A,N/A
10.1109/ISORC.2009.31,N/A,N/A,N/A
10.1109/IPFA.2009.5232600,N/A,N/A,N/A
10.1109/TSMCA.2009.2027131,N/A,N/A,N/A
10.1109/COASE.2009.5234094,5,47,Conference Proceeding
10.1109/LADC.2009.12,N/A,N/A,N/A
10.1109/ICCSIT.2009.5234497,N/A,N/A,N/A
10.1109/ICCSIT.2009.5234703,N/A,N/A,N/A
10.1109/ITIME.2009.5236282,N/A,N/A,N/A
10.1109/ICMA.2009.5246333,6,4,Conference Proceeding
10.1109/ICMA.2009.5246349,N/A,N/A,N/A
10.1109/ICMA.2009.5246703,N/A,N/A,N/A
10.1109/QOMEX.2009.5246963,N/A,N/A,N/A
10.1109/QOMEX.2009.5246964,N/A,N/A,N/A
10.1109/ISRCS.2009.5251353,N/A,N/A,N/A
10.1109/COMPSAC.2009.170,N/A,N/A,N/A
10.1109/COMPSAC.2009.207,N/A,N/A,N/A
10.1109/COMPSAC.2009.180,N/A,N/A,N/A
10.1109/COMPSAC.2009.133,N/A,N/A,N/A
10.1109/COMPSAC.2009.117,N/A,N/A,N/A
10.1109/COMPSAC.2009.52,N/A,N/A,N/A
10.1109/COMPSAC.2009.38,N/A,N/A,N/A
10.1109/COMPSAC.2009.195,N/A,N/A,N/A
10.1109/HIS.2009.180,N/A,N/A,N/A
10.1109/CBMS.2009.5255418,N/A,N/A,N/A
10.1109/CBMS.2009.5255451,N/A,N/A,N/A
10.1049/cp.2009.1095,N/A,N/A,N/A
10.1109/NISS.2009.18,N/A,N/A,N/A
10.1109/DepCoS-RELCOMEX.2009.14,N/A,N/A,N/A
10.1109/DepCoS-RELCOMEX.2009.41,3,1,Journal
10.1109/DepCoS-RELCOMEX.2009.20,N/A,N/A,N/A
10.1109/DepCoS-RELCOMEX.2009.13,N/A,N/A,N/A
10.1109/ICAL.2009.5262597,N/A,N/A,N/A
10.1109/CCCM.2009.5267972,4,3,Conference Proceeding
10.1109/ICRMS.2009.5270081,N/A,N/A,N/A
10.1109/ICRMS.2009.5270089,3,0,Conference Proceeding
10.1109/ICRMS.2009.5270097,N/A,N/A,N/A
N/A,N/A,N/A,N/A
10.1109/DSN.2009.5270291,5,15,Conference Proceeding
10.1109/DSN.2009.5270324,4,28,Conference Proceeding
10.1109/DSN.2009.5270355,N/A,N/A,N/A
10.1109/MSE.2009.5270827,N/A,N/A,N/A
10.1109/MSE.2009.5270838,N/A,N/A,N/A
10.1109/NDT.2009.5272078,N/A,N/A,N/A
10.1109/TII.2009.2032067,N/A,N/A,N/A
10.1109/ICADIWT.2009.5273926,N/A,N/A,N/A
10.1109/ICADIWT.2009.5273928,N/A,N/A,N/A
10.1109/ICADIWT.2009.5273963,N/A,N/A,N/A
10.1109/ICEMI.2009.5274063,N/A,N/A,N/A
10.1109/ICEMI.2009.5274776,N/A,N/A,N/A
10.1109/PES.2009.5275496,N/A,N/A,N/A
10.1109/PES.2009.5275506,N/A,N/A,N/A
10.1109/PES.2009.5275507,N/A,N/A,N/A
10.1109/PES.2009.5275863,3,64,Conference Proceeding
10.1109/PES.2009.5275886,N/A,N/A,N/A
10.1109/PES.2009.5275941,4,18,Conference Proceeding
N/A,N/A,N/A,N/A
10.1109/DEST.2009.5276733,N/A,N/A,N/A
10.1109/DEST.2009.5276788,N/A,N/A,N/A
10.1109/ICASID.2009.5276982,N/A,N/A,N/A
10.1109/ICDAR.2009.276,N/A,N/A,N/A
10.1109/EDOC.2009.26,N/A,N/A,N/A
10.1109/OCEANSE.2009.5278182,N/A,N/A,N/A
10.1109/VALID.2009.12,N/A,N/A,N/A
10.1109/VALID.2009.28,N/A,N/A,N/A
10.1109/VALID.2009.30,N/A,N/A,N/A
10.1109/VALID.2009.25,N/A,N/A,N/A
10.1109/GCC.2009.21,N/A,N/A,N/A
10.1109/TNS.2009.2030194,N/A,N/A,N/A
10.1109/PTC.2009.5282036,N/A,N/A,N/A
10.1109/PTC.2009.5282183,N/A,N/A,N/A
10.1109/PTC.2009.5282195,N/A,N/A,N/A
10.1109/PTC.2009.5282268,N/A,N/A,N/A
10.1109/SRDS.2009.26,N/A,N/A,N/A
10.1109/CSE.2009.408,N/A,N/A,N/A
10.1109/CLOUD.2009.80,N/A,N/A,N/A
10.1109/SCC.2009.45,N/A,N/A,N/A
10.1109/IAS.2009.105,N/A,N/A,N/A
10.1109/P2P.2009.5284512,N/A,N/A,N/A
10.1109/ICCP.2009.5284773,N/A,N/A,N/A
10.1109/SNPD.2009.33,N/A,N/A,N/A
10.1109/SNPD.2009.53,1,0,Conference Proceeding
10.1109/SNPD.2009.49,N/A,N/A,N/A
10.1109/SNPD.2009.100,N/A,N/A,N/A
10.1109/ICICTA.2009.157,N/A,N/A,N/A
10.1109/ICICTA.2009.370,N/A,N/A,N/A
10.1109/ICICTA.2009.384,2,2,Conference Proceeding
10.1109/CLUSTR.2009.5289131,N/A,N/A,N/A
10.1109/CLUSTR.2009.5289177,N/A,N/A,N/A
10.1109/CLUSTR.2009.5289185,2,6,Conference Proceeding
10.1109/CLUSTR.2009.5289195,N/A,N/A,N/A
10.1109/TIFS.2009.2034885,N/A,N/A,N/A
10.1109/WICSA.2009.5290682,N/A,N/A,N/A
10.1109/QEST.2009.22,N/A,N/A,N/A
10.1109/ECBS-EERC.2009.9,N/A,N/A,N/A
10.1109/PACRIM.2009.5291368,N/A,N/A,N/A
10.1109/ISCIS.2009.5291844,N/A,N/A,N/A
10.1109/ISCIS.2009.5291850,N/A,N/A,N/A
10.1109/ISCIS.2009.5291869,N/A,N/A,N/A
10.1109/ISCIS.2009.5291898,N/A,N/A,N/A
10.1109/MMSP.2009.5293284,N/A,N/A,N/A
10.1109/ICSEA.2009.43,N/A,N/A,N/A
10.1109/ICSEA.2009.41,3,3,Conference Proceeding
10.1109/ICSEA.2009.12,N/A,N/A,N/A
10.1109/SASO.2009.36,N/A,N/A,N/A
10.1109/ICSEA.2009.28,N/A,N/A,N/A
10.1109/ICSC.2009.10,N/A,N/A,N/A
10.1109/ICSEA.2009.81,N/A,N/A,N/A
10.1109/ICSEA.2009.70,N/A,N/A,N/A
10.1109/CISP.2009.5300919,3,0,Conference Proceeding
10.1109/ICMSS.2009.5301677,3,0,Book Series
10.1109/WICOM.2009.5302613,N/A,N/A,N/A
10.1109/ICMSS.2009.5303906,3,2,Conference Proceeding
10.1109/ICMSS.2009.5304255,N/A,N/A,N/A
10.1109/ICMSS.2009.5305057,N/A,N/A,N/A
10.1109/BMEI.2009.5305257,N/A,N/A,N/A
10.1109/WICOM.2009.5305461,2,0,Conference Proceeding
10.1109/ICSM.2009.5306296,1,4,Conference Proceeding
10.1109/ICSM.2009.5306304,1,94,Conference Proceeding
10.1109/ICSM.2009.5306307,7,4,Conference Proceeding
10.1109/ICSM.2009.5306318,N/A,N/A,N/A
10.1109/ICSM.2009.5306323,N/A,N/A,N/A
10.1109/ICSM.2009.5306337,2,6,Conference Proceeding
10.1109/ICSM.2009.5306350,N/A,N/A,N/A
10.1109/ICSM.2009.5306381,N/A,N/A,N/A
10.1109/ICSM.2009.5306390,N/A,N/A,N/A
10.1109/TUFFC.2009.1313,N/A,N/A,N/A
N/A,N/A,N/A,N/A
N/A,N/A,N/A,N/A
10.1109/AFRCON.2009.5308360,N/A,N/A,N/A
10.1109/AUTEST.2009.5314091,N/A,N/A,N/A
10.1109/ESEM.2009.5314228,N/A,N/A,N/A
10.1109/ESEM.2009.5314233,N/A,N/A,N/A
10.1109/ESEM.2009.5314238,N/A,N/A,N/A
10.1109/ESEM.2009.5315983,N/A,N/A,N/A
10.1109/ESEM.2009.5316002,2,1,Journal
10.1109/ESEM.2009.5316006,2,45,Conference Proceeding
10.1109/ESEM.2009.5316020,3,0,Conference Proceeding
10.1109/ESEM.2009.5316024,2,45,Conference Proceeding
10.1109/ESEM.2009.5316047,N/A,N/A,N/A
10.1109/ESEM.2009.5316048,N/A,N/A,N/A
10.1109/ECCE.2009.5316387,N/A,N/A,N/A
10.1109/ICMSE.2009.5318098,N/A,N/A,N/A
10.1109/EPQU.2009.5318851,N/A,N/A,N/A
10.1109/MUE.2009.71,N/A,N/A,N/A
10.1109/WCSE.2009.409,N/A,N/A,N/A
10.1109/WCSE.2009.131,N/A,N/A,N/A
10.1109/WCSE.2009.92,3,8,Conference Proceeding
10.1109/WCSE.2009.243,N/A,N/A,N/A
10.1109/WCSE.2009.192,N/A,N/A,N/A
10.1109/WCSE.2009.230,N/A,N/A,N/A
10.1109/WCSE.2009.172,4,3,Conference Proceeding
10.1109/WCSE.2009.328,N/A,N/A,N/A
10.1109/WCSE.2009.157,N/A,N/A,N/A
10.1109/WCSE.2009.174,N/A,N/A,N/A
10.1109/WCSE.2009.207,N/A,N/A,N/A
10.1109/WCSE.2009.156,N/A,N/A,N/A
10.1109/WCSE.2009.148,N/A,N/A,N/A
10.1109/WCSE.2009.248,N/A,N/A,N/A
10.1109/SSIRI.2009.56,N/A,N/A,N/A
10.1109/SSIRI.2009.36,N/A,N/A,N/A
10.1109/SSIRI.2009.11,N/A,N/A,N/A
10.1109/SSIRI.2009.12,N/A,N/A,N/A
10.1109/SSIRI.2009.10,N/A,N/A,N/A
10.1109/ARTCom.2009.32,N/A,N/A,N/A
10.1109/RE.2009.57,4,2,Conference Proceeding
10.1109/RE.2009.33,N/A,N/A,N/A
10.1109/ChinaGrid.2009.22,3,4,Conference Proceeding
10.1109/RE.2009.34,N/A,N/A,N/A
10.1109/WCRE.2009.28,N/A,N/A,N/A
10.1109/WCRE.2009.47,N/A,N/A,N/A
10.1109/WCRE.2009.22,N/A,N/A,N/A
10.1109/WCRE.2009.39,N/A,N/A,N/A
10.1109/WCRE.2009.23,N/A,N/A,N/A
10.1109/CIT.2009.35,N/A,N/A,N/A
10.1109/BIBMW.2009.5332142,N/A,N/A,N/A
10.1109/IEMBS.2009.5332403,N/A,N/A,N/A
10.1109/IEMBS.2009.5332582,N/A,N/A,N/A
10.1109/IEMBS.2009.5332909,N/A,N/A,N/A
10.1109/IEMBS.2009.5333517,N/A,N/A,N/A
10.1109/IEMBS.2009.5333711,N/A,N/A,N/A
10.1109/IEMBS.2009.5333725,N/A,N/A,N/A
N/A,N/A,N/A,N/A
10.1109/IEMBS.2009.5334529,N/A,N/A,N/A
10.1109/IEMBS.2009.5334714,N/A,N/A,N/A
10.1109/IEMBS.2009.5334723,N/A,N/A,N/A
10.1109/IEMBS.2009.5334754,N/A,N/A,N/A
10.1109/CCST.2009.5335565,N/A,N/A,N/A
10.1109/SOCC.2009.5335685,2,7,Conference Proceeding
10.1109/SBES.2009.35,N/A,N/A,N/A
10.1109/SBES.2009.33,N/A,N/A,N/A
10.1109/SBES.2009.11,N/A,N/A,N/A
10.1109/TLA.2009.5336637,N/A,N/A,N/A
10.1109/TLA.2009.5336638,N/A,N/A,N/A
10.1109/MOBHOC.2009.5337030,N/A,N/A,N/A
10.1109/DEXA.2009.23,N/A,N/A,N/A
10.1109/DEXA.2009.42,N/A,N/A,N/A
10.1109/MCSE.2009.200,N/A,N/A,N/A
10.1109/ICNP.2009.5339690,N/A,N/A,N/A
10.1109/ICNP.2009.5339696,N/A,N/A,N/A
10.1109/ICEBE.2009.49,N/A,N/A,N/A
10.1109/ICIEEM.2009.5344269,N/A,N/A,N/A
10.1109/ICIEEM.2009.5344417,N/A,N/A,N/A
10.1109/ICIEEM.2009.5344433,N/A,N/A,N/A
10.1109/ICSMC.2009.5346368,N/A,N/A,N/A
10.1109/ICSMC.2009.5346593,N/A,N/A,N/A
10.1109/ICSMC.2009.5346789,N/A,N/A,N/A
10.1109/ICSMC.2009.5346817,N/A,N/A,N/A
10.1109/ETFA.2009.5347121,N/A,N/A,N/A
10.1109/ETFA.2009.5347134,N/A,N/A,N/A
10.1109/ETFA.2009.5347167,2,13,Conference Proceeding
10.1109/COBEP.2009.5347635,N/A,N/A,N/A
10.1109/ICBNMT.2009.5347877,N/A,N/A,N/A
10.1109/ICAT.2009.5348444,N/A,N/A,N/A
10.1109/SEAA.2009.59,N/A,N/A,N/A
10.1109/SEAA.2009.65,3,4,Conference Proceeding
10.1109/SEAA.2009.84,N/A,N/A,N/A
10.1109/SEAA.2009.19,N/A,N/A,N/A
10.1109/SEAA.2009.42,N/A,N/A,N/A
10.1109/SEAA.2009.94,4,13,Conference Proceeding
10.1109/SEAA.2009.95,N/A,N/A,N/A
10.1109/NBiS.2009.16,N/A,N/A,N/A
10.1109/SEAA.2009.71,N/A,N/A,N/A
10.1109/DSD.2009.224,3,12,Conference Proceeding
10.1109/CSSim.2009.13,N/A,N/A,N/A
10.1109/NBiS.2009.12,N/A,N/A,N/A
10.1109/DSD.2009.209,3,1,Conference Proceeding
10.1109/C5.2009.12,N/A,N/A,N/A
10.1109/ASICON.2009.5351202,5,2,Conference Proceeding
10.1109/INTLEC.2009.5351957,N/A,N/A,N/A
10.1109/GRID.2009.5353083,N/A,N/A,N/A
10.1109/TEST.2009.5355813,N/A,N/A,N/A
10.1109/ISIEA.2009.5356419,N/A,N/A,N/A
10.1109/APSEC.2009.20,N/A,N/A,N/A
10.1109/APSEC.2009.40,N/A,N/A,N/A
10.1109/APSEC.2009.68,N/A,N/A,N/A
10.1109/EMS.2009.78,N/A,N/A,N/A
10.1109/APSEC.2009.48,N/A,N/A,N/A
10.1109/APSEC.2009.60,N/A,N/A,N/A
10.1109/FSKD.2009.841,N/A,N/A,N/A
10.1109/ComputationWorld.2009.93,N/A,N/A,N/A
10.1109/ADVCOMP.2009.11,N/A,N/A,N/A
10.1109/ICCTD.2009.79,N/A,N/A,N/A
10.1109/ICCTD.2009.165,N/A,N/A,N/A
10.1109/ICCTD.2009.171,4,14,Conference Proceeding
10.1109/ICCTD.2009.143,N/A,N/A,N/A
10.1109/ICCTD.2009.226,N/A,N/A,N/A
10.1109/ICCTD.2009.221,N/A,N/A,N/A
10.1109/ICDMW.2009.80,N/A,N/A,N/A
10.1109/FSKD.2009.17,N/A,N/A,N/A
10.1109/ISSRE.2009.10,N/A,N/A,N/A
10.1109/ISSRE.2009.18,N/A,N/A,N/A
10.1109/ISSRE.2009.16,3,4,Conference Proceeding
10.1109/ISSRE.2009.17,N/A,N/A,N/A
10.1109/ISSRE.2009.30,N/A,N/A,N/A
10.1109/ISSRE.2009.22,2,18,Conference Proceeding
10.1109/ISVD.2009.30,N/A,N/A,N/A
10.1109/KAM.2009.138,1,0,Conference Proceeding
10.1109/KAM.2009.11,2,0,Conference Proceeding
10.1109/CISE.2009.5362739,N/A,N/A,N/A
10.1109/ICIECS.2009.5362767,N/A,N/A,N/A
10.1109/CISE.2009.5362897,N/A,N/A,N/A
10.1109/ICPPW.2009.42,N/A,N/A,N/A
10.1109/CISE.2009.5363106,N/A,N/A,N/A
10.1109/ICNC.2009.501,3,2,Conference Proceeding
10.1109/CISE.2009.5363777,N/A,N/A,N/A
10.1109/ICNC.2009.652,N/A,N/A,N/A
10.1109/CISE.2009.5364099,N/A,N/A,N/A
10.1109/CISE.2009.5364452,N/A,N/A,N/A
10.1109/CISE.2009.5364584,N/A,N/A,N/A
10.1109/ICTAI.2009.24,N/A,N/A,N/A
10.1109/ICPPW.2009.41,N/A,N/A,N/A
10.1109/ICNC.2009.24,N/A,N/A,N/A
10.1109/CISE.2009.5365587,3,0,Conference Proceeding
10.1109/CISE.2009.5365808,2,0,Conference Proceeding
10.1109/CISE.2009.5365938,N/A,N/A,N/A
10.1109/ICIECS.2009.5366273,N/A,N/A,N/A
10.1109/ICIECS.2009.5366512,N/A,N/A,N/A
10.1109/CISE.2009.5366664,5,1,Conference Proceeding
10.1109/CISE.2009.5366715,N/A,N/A,N/A
10.1109/ICNC.2009.559,N/A,N/A,N/A
10.1109/ICNC.2009.245,N/A,N/A,N/A
10.1109/CISE.2009.5366930,N/A,N/A,N/A
10.1109/ICNC.2009.239,N/A,N/A,N/A
10.1109/WISA.2009.24,N/A,N/A,N/A
10.1109/WISA.2009.32,N/A,N/A,N/A
10.1109/SEFM.2009.10,N/A,N/A,N/A
10.1109/SEFM.2009.28,N/A,N/A,N/A
10.1109/PRDC.2009.28,2,10,Conference Proceeding
10.1109/PRDC.2009.24,N/A,N/A,N/A
10.1109/ICIII.2009.590,N/A,N/A,N/A
10.1109/WISM.2009.131,N/A,N/A,N/A
10.1109/PRDC.2009.44,3,4,Conference Proceeding
10.1109/ISCID.2009.144,N/A,N/A,N/A
10.1109/IITA.2009.192,2,0,Conference Proceeding
10.1109/WISM.2009.139,N/A,N/A,N/A
10.1109/IITA.2009.342,3,1,Conference Proceeding
10.1109/IITA.2009.451,3,5,Conference Proceeding
10.1109/INCOS.2009.73,N/A,N/A,N/A
10.1109/DFT.2009.15,N/A,N/A,N/A
10.1109/MICAI.2009.24,N/A,N/A,N/A
10.1109/CNMT.2009.5374543,N/A,N/A,N/A
10.1109/CNMT.2009.5374754,N/A,N/A,N/A
10.1109/CNMT.2009.5374794,N/A,N/A,N/A
10.1109/CAIDCD.2009.5375149,N/A,N/A,N/A
N/A,N/A,N/A,N/A
10.1109/ACT.2009.212,2,13,Conference Proceeding
10.1109/AICI.2009.63,N/A,N/A,N/A
10.1109/AICI.2009.345,4,2,Conference Proceeding
10.1109/FPT.2009.5377603,N/A,N/A,N/A
10.1109/MILCOM.2009.5379776,N/A,N/A,N/A
10.1109/DASC.2009.138,N/A,N/A,N/A
10.1109/e-Science.2009.52,N/A,N/A,N/A
10.1109/e-Science.2009.51,3,25,Conference Proceeding
10.1109/ICMV.2009.54,3,25,Conference Proceeding
10.1109/ICIMT.2009.53,N/A,N/A,N/A
10.1109/QSIC.2009.69,N/A,N/A,N/A
10.1109/QSIC.2009.66,N/A,N/A,N/A
10.1109/QSIC.2009.57,N/A,N/A,N/A
10.1109/QSIC.2009.55,3,17,Conference Proceeding
10.1109/QSIC.2009.47,N/A,N/A,N/A
10.1109/QSIC.2009.40,N/A,N/A,N/A
10.1109/QSIC.2009.41,N/A,N/A,N/A
10.1109/QSIC.2009.38,2,2,Conference Proceeding
10.1109/QSIC.2009.17,N/A,N/A,N/A
10.1109/QSIC.2009.12,N/A,N/A,N/A
10.1109/QSIC.2009.13,N/A,N/A,N/A
10.1109/QSIC.2009.10,5,4,Conference Proceeding
10.1109/QSIC.2009.67,N/A,N/A,N/A
10.1109/WNIS.2009.100,6,1,Journal
10.1109/TAICPART.2009.12,N/A,N/A,N/A
10.1109/TAICPART.2009.14,N/A,N/A,N/A
10.1109/SERA.2009.18,N/A,N/A,N/A
10.1109/ICMLA.2009.64,N/A,N/A,N/A
10.1109/I-SPAN.2009.36,N/A,N/A,N/A
10.1109/I-SPAN.2009.123,N/A,N/A,N/A
10.1109/ICCES.2009.5383321,N/A,N/A,N/A
10.1109/ISPACS.2009.5383889,4,0,Conference Proceeding
10.1109/ICBPE.2009.5384083,N/A,N/A,N/A
10.1109/IFCSTA.2009.172,4,2,Conference Proceeding
10.1109/IFCSTA.2009.168,N/A,N/A,N/A
10.1109/NTMS.2009.5384713,N/A,N/A,N/A
10.1109/IFCSTA.2009.90,N/A,N/A,N/A
10.1109/IFCSTA.2009.73,N/A,N/A,N/A
10.1109/IFCSTA.2009.59,N/A,N/A,N/A
10.1109/IFCSTA.2009.20,N/A,N/A,N/A
10.1109/FCST.2009.112,N/A,N/A,N/A
10.1109/FCST.2009.44,N/A,N/A,N/A
10.1109/NABIC.2009.5393880,N/A,N/A,N/A
10.1109/APSCC.2009.5394101,2,0,Conference Proceeding
10.1109/ITAB.2009.5394468,N/A,N/A,N/A
10.1109/ALLERTON.2009.5394516,N/A,N/A,N/A
10.1109/ICPADS.2009.60,N/A,N/A,N/A
10.1109/ICPADS.2009.106,N/A,N/A,N/A
10.1109/TENCON.2009.5395821,N/A,N/A,N/A
10.1109/TENCON.2009.5395989,N/A,N/A,N/A
10.1109/TENCON.2009.5396241,2,2,Conference Proceeding
10.1109/ICICS.2009.5397689,N/A,N/A,N/A
10.1109/ICICS.2009.5397692,N/A,N/A,N/A
10.1109/ICM2CS.2009.5397967,N/A,N/A,N/A
10.1109/ICSENS.2009.5398535,N/A,N/A,N/A
10.1109/CDC.2009.5400797,N/A,N/A,N/A
10.1109/ICRCCS.2009.1,N/A,N/A,N/A
10.1109/ICRCCS.2009.19,2,0,Conference Proceeding
10.1109/NSSMIC.2009.5401712,N/A,N/A,N/A
10.1109/NSSMIC.2009.5401862,N/A,N/A,N/A
10.1109/WCSE.2009.853,N/A,N/A,N/A
N/A,N/A,N/A,N/A
10.1109/PACIIA.2009.5406613,N/A,N/A,N/A
10.1109/PEITS.2009.5406941,N/A,N/A,N/A
10.1109/PEITS.2009.5406998,N/A,N/A,N/A
10.1109/ICCIT.2009.5407288,N/A,N/A,N/A
10.1109/ICCIT.2009.5407289,N/A,N/A,N/A
10.1109/ESCIW.2009.5407989,N/A,N/A,N/A
10.1109/GSIS.2009.5408130,N/A,N/A,N/A
10.1109/ICCA.2009.5410158,N/A,N/A,N/A
10.1109/SOCA.2009.5410268,N/A,N/A,N/A
10.1109/ICCA.2009.5410347,2,0,Conference Proceeding
10.1109/FDTC.2009.37,3,34,Conference Proceeding
10.1109/ICTM.2009.5412894,4,0,Conference Proceeding
10.1109/ICTM.2009.5412927,N/A,N/A,N/A
10.1109/ICCD.2009.5413132,5,0,Journal
10.1109/ICIP.2009.5413432,N/A,N/A,N/A
10.1109/ICIP.2009.5413545,N/A,N/A,N/A
10.1109/IIT.2009.5413780,N/A,N/A,N/A
10.1109/ICIP.2009.5413854,N/A,N/A,N/A
10.1109/ICIP.2009.5414222,N/A,N/A,N/A
10.1109/ICIP.2009.5414569,N/A,N/A,N/A
10.1109/IECON.2009.5414911,2,6,Conference Proceeding
10.1109/IECON.2009.5415142,N/A,N/A,N/A
10.1109/IITAW.2009.10,N/A,N/A,N/A
10.1109/JCPC.2009.5420114,N/A,N/A,N/A
10.23919/OCEANS.2009.5422152,N/A,N/A,N/A
10.23919/OCEANS.2009.5422184,N/A,N/A,N/A
10.23919/OCEANS.2009.5422232,N/A,N/A,N/A
10.23919/OCEANS.2009.5422370,N/A,N/A,N/A
10.1109/CTIT.2009.5423144,N/A,N/A,N/A
10.1109/SOCDC.2009.5423808,N/A,N/A,N/A
10.1109/GLOCOM.2009.5425474,2,0,Conference Proceeding
10.1109/GLOCOM.2009.5425840,N/A,N/A,N/A
N/A,N/A,N/A,N/A
10.1109/ICIINFS.2009.5429859,N/A,N/A,N/A
10.1109/ASE.2009.18,N/A,N/A,N/A
10.1109/ASE.2009.27,2,0,Conference Proceeding
10.1109/ASE.2009.92,N/A,N/A,N/A
10.1109/ASE.2009.57,N/A,N/A,N/A
10.1109/ASE.2009.31,N/A,N/A,N/A
10.1109/ASE.2009.65,N/A,N/A,N/A
10.1109/ASE.2009.60,N/A,N/A,N/A
10.1109/ASE.2009.72,N/A,N/A,N/A
10.1109/ASE.2009.13,N/A,N/A,N/A
10.1109/ASE.2009.77,N/A,N/A,N/A
10.1109/ASE.2009.62,N/A,N/A,N/A
10.1109/ASE.2009.25,3,0,Journal
10.1109/ASE.2009.61,2,0,Conference Proceeding
10.1109/IMSAA.2009.5439483,N/A,N/A,N/A
10.1109/SCORED.2009.5443151,N/A,N/A,N/A
10.1109/TIC-STH.2009.5444528,N/A,N/A,N/A
N/A,N/A,N/A,N/A
10.1109/NETGAMES.2009.5446227,N/A,N/A,N/A
10.1109/ENC.2009.11,N/A,N/A,N/A
10.1109/ICISE.2009.384,N/A,N/A,N/A
10.1109/ICISE.2009.493,N/A,N/A,N/A
10.1109/ICISE.2009.268,N/A,N/A,N/A
10.1109/ICISE.2009.845,N/A,N/A,N/A
10.1109/ICCVW.2009.5457457,N/A,N/A,N/A
10.1109/SBSC.2009.12,N/A,N/A,N/A
10.1109/MTV.2009.13,N/A,N/A,N/A
10.1109/ATNAC.2009.5464717,N/A,N/A,N/A
10.1109/ICSIPA.2009.5478629,N/A,N/A,N/A
10.1109/EC2ND.2009.13,N/A,N/A,N/A
10.1109/CEE-SECR.2009.5501175,N/A,N/A,N/A
10.1049/cp.2009.1541,N/A,N/A,N/A
10.1049/cp.2009.1748,N/A,N/A,N/A
10.1109/WSE.2009.5631245,3,1,Conference Proceeding
10.1109/VLSISOC.2009.6041364,N/A,N/A,N/A
10.23919/ECC.2009.7074785,N/A,N/A,N/A
10.5594/M001332,N/A,N/A,N/A
10.1109/ITMC.2009.7461371,N/A,N/A,N/A
10.1109/ITMC.2009.7461392,N/A,N/A,N/A
N/A,N/A,N/A,N/A
N/A,N/A,N/A,N/A
N/A,N/A,N/A,N/A
N/A,N/A,N/A,N/A
N/A,N/A,N/A,N/A
N/A,N/A,N/A,N/A
N/A,N/A,N/A,N/A
N/A,N/A,N/A,N/A
N/A,N/A,N/A,N/A
10.1109/TDSC.2008.74,N/A,N/A,N/A
10.1109/TDSC.2009.14,1,7,Journal
10.1109/TPDS.2009.83,N/A,N/A,N/A
10.1109/TDSC.2009.35,N/A,N/A,N/A
10.1109/TMI.2009.2029098,N/A,N/A,N/A
10.1109/TSE.2009.56,N/A,N/A,N/A
10.1109/TVLSI.2009.2031300,N/A,N/A,N/A
10.1109/TSE.2009.68,N/A,N/A,N/A
10.1109/TSMCA.2009.2030161,N/A,N/A,N/A
10.1109/TSE.2009.70,N/A,N/A,N/A
10.1109/TVLSI.2009.2025765,N/A,N/A,N/A
10.1109/JPROC.2009.2032356,N/A,N/A,N/A
10.1109/TIP.2009.2036716,N/A,N/A,N/A
10.1109/TIM.2009.2034577,N/A,N/A,N/A
10.1109/TSMCB.2009.2036753,N/A,N/A,N/A
10.1109/TC.2009.184,N/A,N/A,N/A
10.1109/TSE.2009.87,4,0,Journal
10.1109/TSE.2009.91,N/A,N/A,N/A
10.1109/TSE.2009.92,N/A,N/A,N/A
10.1109/TSE.2010.2,N/A,N/A,N/A
10.1109/TSE.2010.8,N/A,N/A,N/A
10.1109/TCAD.2009.2035483,N/A,N/A,N/A
10.1109/TPWRD.2009.2037819,N/A,N/A,N/A
10.1109/TSE.2010.24,N/A,N/A,N/A
10.1109/PHM.2010.5413340,N/A,N/A,N/A
10.1109/PHM.2010.5413485,N/A,N/A,N/A
N/A,N/A,N/A,N/A
10.1109/ASPDAC.2010.5419796,N/A,N/A,N/A
10.1109/MS.2010.58,N/A,N/A,N/A
10.1109/ICCMS.2010.275,N/A,N/A,N/A
10.1109/MSPEC.2010.5421901,N/A,N/A,N/A
10.1109/TEC.2010.2040083,N/A,N/A,N/A
10.1109/IADCC.2010.5422923,2,7,Conference Proceeding
10.1109/eLmL.2010.25,N/A,N/A,N/A
10.1109/TC.2010.61,5,14,Journal
10.1109/TSE.2010.35,4,18,Conference Proceeding
10.1109/WKDD.2010.135,N/A,N/A,N/A
10.1109/ICSAP.2010.65,N/A,N/A,N/A
10.1109/ICDS.2010.28,N/A,N/A,N/A
10.1109/ICCSN.2010.44,N/A,N/A,N/A
10.1109/ICCSN.2010.62,N/A,N/A,N/A
10.1109/ICCSN.2010.68,N/A,N/A,N/A
10.1109/ICCSN.2010.102,N/A,N/A,N/A
10.1109/ICCSN.2010.37,N/A,N/A,N/A
10.1109/ARES.2010.24,N/A,N/A,N/A
10.1109/ARES.2010.108,N/A,N/A,N/A
10.1109/DELTA.2010.25,4,6,Conference Proceeding
10.1109/DELTA.2010.36,N/A,N/A,N/A
10.1109/TEVC.2010.2040183,N/A,N/A,N/A
N/A,N/A,N/A,N/A
10.1109/MIC.2010.29,1,56,Journal
N/A,N/A,N/A,N/A
N/A,N/A,N/A,N/A
10.1109/ICAS.2010.9,N/A,N/A,N/A
10.1109/JSEN.2009.2035711,N/A,N/A,N/A
10.1109/ICCEA.2010.189,N/A,N/A,N/A
10.1109/ICCEA.2010.208,N/A,N/A,N/A
10.1109/ICCEA.2010.88,3,12,Conference Proceeding
10.1109/AERO.2010.5446809,N/A,N/A,N/A
10.1109/AERO.2010.5446830,3,2,Conference Proceeding
10.1109/AERO.2010.5446838,N/A,N/A,N/A
10.1109/AERO.2010.5446845,1,4,Conference Proceeding
10.1109/CISIS.2010.103,N/A,N/A,N/A
10.1109/CISIS.2010.144,N/A,N/A,N/A
10.1109/CISIS.2010.234,6,6,Conference Proceeding
10.1109/CISIS.2010.153,N/A,N/A,N/A
10.1109/CISIS.2010.187,N/A,N/A,N/A
10.1109/CISIS.2010.113,4,3,Journal
10.1109/CISIS.2010.29,N/A,N/A,N/A
10.1109/CISIS.2010.135,N/A,N/A,N/A
10.1109/CISIS.2010.12,4,12,Conference Proceeding
10.1109/ICDE.2010.5447821,N/A,N/A,N/A
10.1109/ICDE.2010.5447933,N/A,N/A,N/A
10.1109/RAMS.2010.5447989,3,0,Book
10.1109/RAMS.2010.5447994,N/A,N/A,N/A
10.1109/RAMS.2010.5448022,N/A,N/A,N/A
10.1109/APPEEC.2010.5448346,5,3,Conference Proceeding
10.1109/APPEEC.2010.5448732,N/A,N/A,N/A
10.1109/APPEEC.2010.5448767,N/A,N/A,N/A
10.1109/APPEEC.2010.5448921,N/A,N/A,N/A
10.1109/APPEEC.2010.5449036,2,6,Conference Proceeding
10.1109/APPEEC.2010.5449116,N/A,N/A,N/A
10.1109/ICCAE.2010.5451251,N/A,N/A,N/A
10.1109/ICCAE.2010.5451695,5,25,Conference Proceeding
10.1109/ICCAE.2010.5451880,N/A,N/A,N/A
10.1109/ISPASS.2010.5452017,N/A,N/A,N/A
10.1109/DATE.2010.5456933,3,57,Conference Proceeding
10.1109/DATE.2010.5456957,1,12,Conference Proceeding
10.1109/DATE.2010.5457059,5,4,Journal
10.1109/ECBS.2010.24,N/A,N/A,N/A
10.1109/ECBS.2010.14,N/A,N/A,N/A
10.1109/EASe.2010.12,N/A,N/A,N/A
10.1109/TPWRD.2010.2046342,3,17,Journal
10.1109/NEBC.2010.5458148,N/A,N/A,N/A
10.1109/ETCS.2010.11,N/A,N/A,N/A
10.1109/ICMTMA.2010.166,3,5,Conference Proceeding
10.1109/ETCS.2010.179,N/A,N/A,N/A
10.1109/ETCS.2010.602,N/A,N/A,N/A
10.1109/ICMTMA.2010.707,N/A,N/A,N/A
10.1109/ITC.2010.56,2,28,Journal
10.1109/ICNSC.2010.5461495,N/A,N/A,N/A
N/A,N/A,N/A,N/A
N/A,N/A,N/A,N/A
N/A,N/A,N/A,N/A
10.1109/INFCOM.2010.5462124,N/A,N/A,N/A
10.1109/MSR.2010.5463279,2,0,Journal
10.1109/MSR.2010.5463283,N/A,N/A,N/A
10.1109/MSR.2010.5463285,3,17,Conference Proceeding
10.1109/MSR.2010.5463292,N/A,N/A,N/A
10.1109/MSR.2010.5463342,N/A,N/A,N/A
10.1109/MSR.2010.5463343,N/A,N/A,N/A
10.1109/MSR.2010.5463349,N/A,N/A,N/A
10.1109/ICSTW.2010.6,N/A,N/A,N/A
10.1109/ICSTW.2010.60,N/A,N/A,N/A
10.1109/ICSTW.2010.40,N/A,N/A,N/A
10.1109/ICSTW.2010.7,N/A,N/A,N/A
10.1109/ICSTW.2010.49,N/A,N/A,N/A
10.1109/ICSTW.2010.23,N/A,N/A,N/A
10.1109/ICSTW.2010.65,N/A,N/A,N/A
10.1109/ICSTW.2010.48,N/A,N/A,N/A
10.1109/ICSTW.2010.51,2,17,Conference Proceeding
10.1109/ESIME.2010.5464525,N/A,N/A,N/A
10.1109/INFCOMW.2010.5466673,N/A,N/A,N/A
10.1109/TSE.2010.51,N/A,N/A,N/A
10.1109/TFUZZ.2010.2050891,N/A,N/A,N/A
10.1109/VTS.2010.5469590,N/A,N/A,N/A
10.1109/VTS.2010.5469602,N/A,N/A,N/A
10.1109/SIEDS.2010.5469654,N/A,N/A,N/A
10.1109/IPDPS.2010.5470473,3,30,Conference Proceeding
10.1109/PERCOMW.2010.5470568,N/A,N/A,N/A
10.1109/PERCOMW.2010.5470604,N/A,N/A,N/A
10.1109/PERCOMW.2010.5470671,N/A,N/A,N/A
10.1109/IPDPSW.2010.5470861,N/A,N/A,N/A
10.1109/IPDPSW.2010.5470870,N/A,N/A,N/A
10.1109/CSCWD.2010.5471948,N/A,N/A,N/A
10.1109/IWISA.2010.5473256,N/A,N/A,N/A
10.1109/IWISA.2010.5473578,3,9,Conference Proceeding
10.1109/ICN.2010.23,N/A,N/A,N/A
10.1109/FCCM.2010.28,N/A,N/A,N/A
10.1109/EDCC.2010.34,3,26,Conference Proceeding
10.1109/EDCC.2010.22,N/A,N/A,N/A
10.1109/EDCC.2010.20,N/A,N/A,N/A
10.1109/EDCC.2010.13,2,14,Conference Proceeding
10.1109/MMIT.2010.11,3,8,Conference Proceeding
10.1109/MMIT.2010.10,N/A,N/A,N/A
10.1109/ICCNT.2010.26,N/A,N/A,N/A
10.1109/AINA.2010.53,N/A,N/A,N/A
10.1109/AINA.2010.36,3,4,Journal
10.1109/AINA.2010.63,N/A,N/A,N/A
10.1109/ASWEC.2010.18,N/A,N/A,N/A
10.1109/ASWEC.2010.12,N/A,N/A,N/A
10.1109/ICIW.2010.36,N/A,N/A,N/A
10.1109/ICST.2010.58,N/A,N/A,N/A
10.1109/ICST.2010.32,N/A,N/A,N/A
10.1109/ICST.2010.51,4,3,Conference Proceeding
10.1109/ICST.2010.27,N/A,N/A,N/A
10.1109/ICST.2010.34,N/A,N/A,N/A
10.1109/ICST.2010.18,3,14,Conference Proceeding
10.1109/ICST.2010.23,N/A,N/A,N/A
10.1109/ICST.2010.40,N/A,N/A,N/A
10.1109/ICST.2010.30,N/A,N/A,N/A
10.1109/ICST.2010.33,N/A,N/A,N/A
10.1109/ICST.2010.20,N/A,N/A,N/A
10.1109/ICIME.2010.5477762,N/A,N/A,N/A
10.1109/ICIME.2010.5478245,N/A,N/A,N/A
10.1109/ICBBT.2010.5478972,N/A,N/A,N/A
10.1109/ICISA.2010.5480315,N/A,N/A,N/A
10.1109/ICISA.2010.5480420,N/A,N/A,N/A
10.1109/WAINA.2010.153,N/A,N/A,N/A
10.1109/WAINA.2010.29,N/A,N/A,N/A
10.1109/WAINA.2010.21,3,2,Conference Proceeding
10.1109/WAINA.2010.105,5,0,Conference Proceeding
10.1109/CEFC.2010.5481490,N/A,N/A,N/A
10.1109/CEFC.2010.5481845,N/A,N/A,N/A
10.1109/SYSTEMS.2010.5482470,N/A,N/A,N/A
10.1109/TSE.2010.58,N/A,N/A,N/A
10.1109/FUTURETECH.2010.5482675,4,1,Conference Proceeding
10.1109/TDC.2010.5484544,6,4,Conference Proceeding
10.1109/ICCET.2010.5485442,N/A,N/A,N/A
10.1109/ICCET.2010.5485469,N/A,N/A,N/A
10.1109/ICCET.2010.5485608,2,5,Conference Proceeding
10.1109/ICCET.2010.5485677,N/A,N/A,N/A
10.1109/ICCET.2010.5486001,4,0,Conference Proceeding
10.1109/ICCET.2010.5486198,N/A,N/A,N/A
10.1109/MAES.2010.5486539,N/A,N/A,N/A
10.1109/ICACC.2010.5486697,N/A,N/A,N/A
10.1109/ICACC.2010.5486747,N/A,N/A,N/A
10.1109/IMTC.2010.5488077,N/A,N/A,N/A
N/A,N/A,N/A,N/A
N/A,N/A,N/A,N/A
N/A,N/A,N/A,N/A
10.1109/AMS.2010.15,N/A,N/A,N/A
10.1109/ICCRD.2010.144,N/A,N/A,N/A
10.1109/ICCRD.2010.165,4,1,Conference Proceeding
10.1109/ICCRD.2010.77,N/A,N/A,N/A
10.1109/MDM.2010.48,N/A,N/A,N/A
10.1109/ICCCYB.2010.5491288,N/A,N/A,N/A
N/A,N/A,N/A,N/A
10.1109/DDECS.2010.5491761,N/A,N/A,N/A
10.1109/CCGRID.2010.59,N/A,N/A,N/A
10.1109/CCGRID.2010.16,N/A,N/A,N/A
10.1109/ICASSP.2010.5495343,N/A,N/A,N/A
10.1109/ICASSP.2010.5495849,N/A,N/A,N/A
10.1109/HLDVT.2010.5496652,N/A,N/A,N/A
10.1109/ICFCC.2010.5497450,N/A,N/A,N/A
10.1109/ICFCC.2010.5497625,N/A,N/A,N/A
10.1109/CCDC.2010.5498125,5,0,Conference Proceeding
10.1109/CCDC.2010.5498245,N/A,N/A,N/A
10.1109/CCDC.2010.5498474,4,6,Conference Proceeding
10.1109/ITNG.2010.122,N/A,N/A,N/A
10.1109/ITNG.2010.222,N/A,N/A,N/A
10.1109/ITNG.2010.100,N/A,N/A,N/A
10.1109/SSIRI.2010.14,N/A,N/A,N/A
10.1109/SSIRI.2010.25,N/A,N/A,N/A
10.1109/SSIRI.2010.13,N/A,N/A,N/A
10.1109/SSIRI.2010.24,N/A,N/A,N/A
10.1109/SOPO.2010.5504485,N/A,N/A,N/A
10.1109/3DTV.2010.5506511,N/A,N/A,N/A
10.1109/PLANS.2010.5507224,N/A,N/A,N/A
10.1109/RCIS.2010.5507317,N/A,N/A,N/A
10.1109/RCIS.2010.5507323,N/A,N/A,N/A
10.1109/OPEE.2010.5508127,N/A,N/A,N/A
10.1109/ICCOMM.2010.5509006,N/A,N/A,N/A
10.1109/OPTIM.2010.5510404,N/A,N/A,N/A
10.1109/ETSYM.2010.5512738,2,11,Conference Proceeding
10.1109/TMAG.2010.2045748,N/A,N/A,N/A
10.1109/ICIC.2010.57,N/A,N/A,N/A
10.1109/ICBBE.2010.5514673,N/A,N/A,N/A
10.1109/AQTR.2010.5520665,N/A,N/A,N/A
10.1109/AQTR.2010.5520815,N/A,N/A,N/A
10.1109/AQTR.2010.5520880,N/A,N/A,N/A
10.1109/SNPD.2010.18,N/A,N/A,N/A
10.1109/SSIRI-C.2010.11,N/A,N/A,N/A
10.1109/SSIRI-C.2010.13,N/A,N/A,N/A
10.1109/SSIRI-C.2010.26,N/A,N/A,N/A
10.1109/SSIRI-C.2010.30,N/A,N/A,N/A
10.1109/ICPC.2010.46,N/A,N/A,N/A
10.1109/ICPC.2010.13,N/A,N/A,N/A
10.1049/cp.2010.0357,2,3,Conference Proceeding
10.1109/ICICTA.2010.482,N/A,N/A,N/A
10.1109/ICICTA.2010.567,N/A,N/A,N/A
10.1109/ICICTA.2010.577,N/A,N/A,N/A
10.1145/1837274.1837421,N/A,N/A,N/A
10.1109/ISCE.2010.5523719,N/A,N/A,N/A
10.1109/ISCE.2010.5523722,N/A,N/A,N/A
10.1109/ICCA.2010.5524110,N/A,N/A,N/A
10.1109/MIACA.2010.5528509,N/A,N/A,N/A
10.1109/PMAPS.2010.5528993,N/A,N/A,N/A
10.1109/ACC.2010.5530532,N/A,N/A,N/A
N/A,N/A,N/A,N/A
10.1109/MVHI.2010.115,3,4,Conference Proceeding
10.1109/CTRQ.2010.20,2,0,Conference Proceeding
10.1109/ACE.2010.45,N/A,N/A,N/A
N/A,N/A,N/A,N/A
N/A,N/A,N/A,N/A
10.1109/MACE.2010.5535529,N/A,N/A,N/A
10.1109/MACE.2010.5535568,N/A,N/A,N/A
10.1109/MACE.2010.5535701,N/A,N/A,N/A
10.1109/MACE.2010.5536248,N/A,N/A,N/A
10.1109/MACE.2010.5536470,2,2,Journal
10.1109/ISCAS.2010.5537685,N/A,N/A,N/A
10.1109/ICINDMA.2010.5538377,N/A,N/A,N/A
10.1109/ICCDA.2010.5540711,N/A,N/A,N/A
10.1109/ICCDA.2010.5540755,N/A,N/A,N/A
10.1109/ICCDA.2010.5540920,N/A,N/A,N/A
10.1109/ICCDA.2010.5541086,N/A,N/A,N/A
10.1109/ICCDA.2010.5541345,N/A,N/A,N/A
10.1109/DSNW.2010.5542602,3,0,Book Series
N/A,N/A,N/A,N/A
N/A,N/A,N/A,N/A
N/A,N/A,N/A,N/A
N/A,N/A,N/A,N/A
N/A,N/A,N/A,N/A
N/A,N/A,N/A,N/A
10.1109/CVPRW.2010.5543575,N/A,N/A,N/A
N/A,N/A,N/A,N/A
10.1109/DSN.2010.5544279,4,23,Conference Proceeding
10.1109/DSN.2010.5544284,3,10,Journal
10.1109/DSN.2010.5544285,9,8,Conference Proceeding
10.1109/DSN.2010.5544315,4,0,Conference Proceeding
10.1109/WCINS.2010.5544679,N/A,N/A,N/A
10.1109/DSN.2010.5545012,N/A,N/A,N/A
10.1109/CSPA.2010.5545252,N/A,N/A,N/A
N/A,N/A,N/A,N/A
10.1109/ISCC.2010.5546705,N/A,N/A,N/A
10.1109/ISCC.2010.5546809,N/A,N/A,N/A
10.1109/HPCS.2010.5547153,N/A,N/A,N/A
10.1109/ASQED.2010.5548241,N/A,N/A,N/A
10.1109/WISES.2010.5548427,3,2,Conference Proceeding
10.1109/INDIN.2010.5549392,5,0,Conference Proceeding
10.1109/INDIN.2010.5549594,N/A,N/A,N/A
10.1109/PQ.2010.5549994,2,29,Journal
10.1109/PQ.2010.5550004,N/A,N/A,N/A
10.1109/LATW.2010.5550346,4,15,Conference Proceeding
10.1109/LATW.2010.5550371,5,0,Conference Proceeding
10.1109/ICVES.2010.5550938,N/A,N/A,N/A
10.1109/TDSC.2010.33,4,15,Journal
N/A,N/A,N/A,N/A
10.1109/SIES.2010.5551378,N/A,N/A,N/A
10.1109/ASMC.2010.5551412,1,1,Conference Proceeding
10.1109/SOLI.2010.5551623,N/A,N/A,N/A
10.1109/SOLI.2010.5551624,N/A,N/A,N/A
10.1109/ICSESS.2010.5552340,N/A,N/A,N/A
10.1109/ICSESS.2010.5552434,N/A,N/A,N/A
10.1109/ICSESS.2010.5552447,N/A,N/A,N/A
10.1109/ICWS.2010.25,N/A,N/A,N/A
10.1109/ICWS.2010.29,N/A,N/A,N/A
10.1109/ICAMS.2010.5552847,N/A,N/A,N/A
10.1109/WCICA.2010.5553985,N/A,N/A,N/A
10.1109/WCICA.2010.5554056,3,2,Conference Proceeding
10.1109/TII.2010.2062191,N/A,N/A,N/A
10.1109/HEALTH.2010.5556577,N/A,N/A,N/A
N/A,N/A,N/A,N/A
10.1109/ICCCE.2010.5556777,1,3,Conference Proceeding
10.1109/TITB.2010.2058813,N/A,N/A,N/A
10.1109/CLOUD.2010.12,N/A,N/A,N/A
10.1109/MEMCOD.2010.5558643,N/A,N/A,N/A
10.1109/ICEIE.2010.5559743,3,10,Conference Proceeding
10.1109/ICEIE.2010.5559753,3,6,Conference Proceeding
10.1109/ICEIE.2010.5559766,6,5,Conference Proceeding
10.1109/ICEIE.2010.5559768,N/A,N/A,N/A
10.1109/IOLTS.2010.5560233,5,0,Conference Proceeding
10.1109/ITSIM.2010.5561479,N/A,N/A,N/A
10.1109/ITSIM.2010.5561503,N/A,N/A,N/A
10.1109/ITSIM.2010.5561516,N/A,N/A,N/A
10.1109/ITSIM.2010.5561621,N/A,N/A,N/A
10.1109/DEPEND.2010.16,4,15,Conference Proceeding
10.1109/DEPEND.2010.13,2,1,Conference Proceeding
10.1109/DEPEND.2010.12,N/A,N/A,N/A
10.1109/QSIC.2010.79,N/A,N/A,N/A
10.1109/QSIC.2010.80,4,35,Conference Proceeding
10.1109/QSIC.2010.35,N/A,N/A,N/A
10.1109/QSIC.2010.43,N/A,N/A,N/A
10.1109/QSIC.2010.61,N/A,N/A,N/A
10.1109/QSIC.2010.51,1,17,Conference Proceeding
10.1109/QSIC.2010.52,N/A,N/A,N/A
10.1109/QSIC.2010.24,N/A,N/A,N/A
10.1109/QSIC.2010.29,4,2,Conference Proceeding
10.1109/QSIC.2010.82,N/A,N/A,N/A
10.1109/QSIC.2010.19,N/A,N/A,N/A
10.1109/QSIC.2010.33,N/A,N/A,N/A
10.1109/QSIC.2010.36,4,26,Conference Proceeding
10.1109/ICCSIT.2010.5563592,N/A,N/A,N/A
10.1109/ICCSIT.2010.5563667,N/A,N/A,N/A
10.1109/ICCSIT.2010.5564763,N/A,N/A,N/A
10.1109/ICCSIT.2010.5564803,N/A,N/A,N/A
10.1109/ICCSIT.2010.5564993,N/A,N/A,N/A
10.1109/ICICIP.2010.5565229,4,2,Conference Proceeding
10.1109/GEOINFORMATICS.2010.5567793,5,0,Conference Proceeding
10.1109/GEOINFORMATICS.2010.5567860,N/A,N/A,N/A
N/A,N/A,N/A,N/A
10.1109/FSKD.2010.5569384,N/A,N/A,N/A
10.1109/FSKD.2010.5569691,4,0,Conference Proceeding
10.1109/SOSE.2010.53,N/A,N/A,N/A
10.1109/SOSE.2010.43,N/A,N/A,N/A
10.1109/SOSE.2010.47,N/A,N/A,N/A
N/A,N/A,N/A,N/A
N/A,N/A,N/A,N/A
N/A,N/A,N/A,N/A
N/A,N/A,N/A,N/A
N/A,N/A,N/A,N/A
10.1109/CCECE.2010.5575155,N/A,N/A,N/A
10.1109/CCECE.2010.5575249,5,8,Conference Proceeding
10.1109/FCST.2010.48,N/A,N/A,N/A
10.1109/SERVICES.2010.93,5,3,Conference Proceeding
10.1109/CIT.2010.246,N/A,N/A,N/A
10.1109/CIT.2010.409,N/A,N/A,N/A
10.1109/CIT.2010.460,N/A,N/A,N/A
10.1109/ICIINFS.2010.5578698,3,10,Conference Proceeding
10.1109/ICACTE.2010.5579101,N/A,N/A,N/A
10.1109/MASCOTS.2010.71,N/A,N/A,N/A
10.1109/ICGSE.2010.30,N/A,N/A,N/A
10.1109/MASCOTS.2010.17,N/A,N/A,N/A
10.1109/ICNC.2010.5583524,N/A,N/A,N/A
10.1109/ICNC.2010.5583691,5,3,Conference Proceeding
10.1109/ICNC.2010.5584387,N/A,N/A,N/A
10.1109/COASE.2010.5584605,N/A,N/A,N/A
10.1109/CEC.2010.5586127,N/A,N/A,N/A
10.1109/CEC.2010.5586354,N/A,N/A,N/A
10.1109/AICCSA.2010.5586965,N/A,N/A,N/A
10.1109/AICCSA.2010.5587032,N/A,N/A,N/A
10.1109/TASE.2010.16,N/A,N/A,N/A
10.1109/TASE.2010.15,N/A,N/A,N/A
10.1109/ICCSNA.2010.5588927,N/A,N/A,N/A
N/A,N/A,N/A,N/A
10.1109/PES.2010.5589923,N/A,N/A,N/A
10.1109/PES.2010.5590028,2,1,Conference Proceeding
10.1109/ICEE.2010.1120,N/A,N/A,N/A
10.1109/ICIS.2010.102,N/A,N/A,N/A
10.1109/ICIS.2010.11,2,0,Journal
10.1109/ICPR.2010.401,N/A,N/A,N/A
10.1109/IJCNN.2010.5596650,1,0,Journal
10.1109/SEAA.2010.23,N/A,N/A,N/A
10.1109/SEAA.2010.17,N/A,N/A,N/A
10.1109/SEAA.2010.19,N/A,N/A,N/A
10.1109/ICMET.2010.5598376,N/A,N/A,N/A
10.1109/ICPP.2010.26,N/A,N/A,N/A
10.1109/COGINF.2010.5599754,N/A,N/A,N/A
10.1109/COGINF.2010.5599810,N/A,N/A,N/A
10.1109/MEI.2010.5599977,3,12,Journal
10.1109/WICOM.2010.5600194,4,0,Conference Proceeding
10.1109/WICOM.2010.5600654,N/A,N/A,N/A
10.1109/WICOM.2010.5601288,N/A,N/A,N/A
10.1109/SCAM.2010.14,N/A,N/A,N/A
N/A,N/A,N/A,N/A
10.1109/ISIAS.2010.5604040,N/A,N/A,N/A
10.1109/ISIAS.2010.5604041,N/A,N/A,N/A
10.1109/PRIMEASIA.2010.5604963,N/A,N/A,N/A
N/A,N/A,N/A,N/A
N/A,N/A,N/A,N/A
10.1109/ICEIT.2010.5607683,N/A,N/A,N/A
10.1109/ICSTE.2010.5608808,N/A,N/A,N/A
10.1109/ICSTE.2010.5608846,N/A,N/A,N/A
10.1109/ICSTE.2010.5608864,N/A,N/A,N/A
10.1109/ICSTE.2010.5608874,N/A,N/A,N/A
10.1109/ICSTE.2010.5608887,N/A,N/A,N/A
10.1109/ICSTE.2010.5608898,N/A,N/A,N/A
10.1109/ICSM.2010.5609529,2,4,Conference Proceeding
10.1109/ICSM.2010.5609653,N/A,N/A,N/A
10.1109/ICSM.2010.5609672,N/A,N/A,N/A
10.1109/ICSM.2010.5609699,N/A,N/A,N/A
10.1109/ICSM.2010.5609700,N/A,N/A,N/A
10.1109/ICSM.2010.5609716,N/A,N/A,N/A
10.1109/ICSM.2010.5609736,7,0,Conference Proceeding
10.1109/ICSM.2010.5609740,N/A,N/A,N/A
10.1109/ICSM.2010.5609748,5,22,Conference Proceeding
10.1109/ICSM.2010.5609752,N/A,N/A,N/A
10.1109/CMCE.2010.5610253,2,3,Conference Proceeding
10.1109/CMCE.2010.5610368,N/A,N/A,N/A
10.1109/DEST.2010.5610609,N/A,N/A,N/A
10.1109/AUTEST.2010.5613572,N/A,N/A,N/A
10.1109/COMPSACW.2010.72,N/A,N/A,N/A
10.1109/DSD.2010.44,N/A,N/A,N/A
10.1109/ICSEA.2010.47,N/A,N/A,N/A
10.1109/ICSEA.2010.34,1,3,Conference Proceeding
10.1109/COMPSACW.2010.19,3,6,Conference Proceeding
10.1109/COMPSACW.2010.20,2,0,Conference Proceeding
10.1109/COMPSACW.2010.22,N/A,N/A,N/A
10.1109/COMPSACW.2010.25,N/A,N/A,N/A
10.1109/COMPSACW.2010.43,N/A,N/A,N/A
10.1109/COMPSACW.2010.45,4,5,Journal
10.1109/WI-IAT.2010.224,N/A,N/A,N/A
10.1109/WI-IAT.2010.51,5,12,Conference Proceeding
10.1109/VALID.2010.15,N/A,N/A,N/A
10.1109/VALID.2010.31,N/A,N/A,N/A
10.1109/ICCASM.2010.5619350,4,4,Conference Proceeding
10.1109/ICCASM.2010.5619394,N/A,N/A,N/A
10.1109/HOLM.2010.5619564,N/A,N/A,N/A
10.1109/ICCASM.2010.5620138,N/A,N/A,N/A
10.1109/ICCASM.2010.5620562,N/A,N/A,N/A
10.1109/ICCASM.2010.5622152,N/A,N/A,N/A
10.1109/ICCASM.2010.5622222,N/A,N/A,N/A
10.1109/ICCASM.2010.5622393,N/A,N/A,N/A
10.1109/ICCASM.2010.5622594,5,0,Conference Proceeding
10.1109/SRDS.2010.46,N/A,N/A,N/A
10.1109/SRDS.2010.49,N/A,N/A,N/A
10.1109/CADS.2010.5623537,3,5,Conference Proceeding
10.1109/WSE.2010.5623568,N/A,N/A,N/A
10.1109/WSE.2010.5623573,N/A,N/A,N/A
10.1109/WSE.2010.5623580,N/A,N/A,N/A
10.1109/TR.2010.2085571,N/A,N/A,N/A
N/A,N/A,N/A,N/A
N/A,N/A,N/A,N/A
10.1109/IEMBS.2010.5626167,N/A,N/A,N/A
10.1109/IEMBS.2010.5626255,N/A,N/A,N/A
10.1109/IEMBS.2010.5626620,N/A,N/A,N/A
10.1109/IEMBS.2010.5627182,N/A,N/A,N/A
10.1109/IEMBS.2010.5627669,N/A,N/A,N/A
10.1109/IEMBS.2010.5627769,N/A,N/A,N/A
10.1109/ICDCSW.2010.30,N/A,N/A,N/A
10.1109/EDOC.2010.29,N/A,N/A,N/A
10.1109/DeSE.2010.14,N/A,N/A,N/A
10.1109/HASE.2010.29,4,10,Conference Proceeding
10.1109/HASE.2010.12,N/A,N/A,N/A
10.1109/HASE.2010.24,N/A,N/A,N/A
10.1109/ISPA.2010.70,3,1,Conference Proceeding
10.1109/ISPA.2010.30,N/A,N/A,N/A
10.1109/IFITA.2010.217,3,0,Conference Proceeding
10.1109/DFT.2010.12,3,10,Conference Proceeding
10.1109/ISSRE.2010.45,N/A,N/A,N/A
10.1109/ISSRE.2010.32,N/A,N/A,N/A
10.1109/ISSRE.2010.25,3,5,Conference Proceeding
10.1109/ISSRE.2010.33,5,21,Conference Proceeding
10.1109/ISSRE.2010.16,N/A,N/A,N/A
10.1109/ISSRE.2010.37,3,3,Conference Proceeding
10.1109/ISSRE.2010.10,2,5,Conference Proceeding
10.1109/ISSRE.2010.14,N/A,N/A,N/A
10.1109/ISSRE.2010.47,2,3,Conference Proceeding
10.1109/ISSRE.2010.48,2,3,Conference Proceeding
10.1109/ISSRE.2010.23,3,9,Conference Proceeding
10.1109/ISSRE.2010.17,N/A,N/A,N/A
10.1109/SSBSE.2010.23,5,4,Conference Proceeding
10.1109/IFITA.2010.294,N/A,N/A,N/A
10.1109/SSBSE.2010.19,4,19,Conference Proceeding
10.1109/IIHMSP.2010.34,3,0,Conference Proceeding
10.1109/NBiS.2010.66,N/A,N/A,N/A
10.1109/ISIE.2010.5636343,N/A,N/A,N/A
10.1109/RE.2010.34,N/A,N/A,N/A
10.1109/RE.2010.35,N/A,N/A,N/A
10.1109/RE.2010.13,N/A,N/A,N/A
10.1109/ICINA.2010.5636969,N/A,N/A,N/A
10.1109/SEFM.2010.17,N/A,N/A,N/A
10.1109/SEFM.2010.28,N/A,N/A,N/A
10.1109/ISIE.2010.5637493,N/A,N/A,N/A
N/A,N/A,N/A,N/A
10.1109/BMEI.2010.5639832,N/A,N/A,N/A
10.1109/ICSEM.2010.125,3,0,Conference Proceeding
10.1109/ICCCT.2010.5640474,5,0,Conference Proceeding
10.1109/ETFA.2010.5641297,N/A,N/A,N/A
10.1109/ICSMC.2010.5641802,N/A,N/A,N/A
10.1109/ICSMC.2010.5641839,N/A,N/A,N/A
10.1109/ICSMC.2010.5642479,N/A,N/A,N/A
10.1109/ESTC.2010.5642990,N/A,N/A,N/A
10.1109/WCRE.2010.23,N/A,N/A,N/A
10.1109/WCRE.2010.22,N/A,N/A,N/A
10.1109/SC.2010.18,N/A,N/A,N/A
10.1109/WCRE.2010.44,N/A,N/A,N/A
10.1109/WCRE.2010.36,7,0,Conference Proceeding
10.1109/SISY.2010.5647155,N/A,N/A,N/A
10.1109/CISP.2010.5647398,1,0,Conference Proceeding
10.1109/ICCD.2010.5647693,N/A,N/A,N/A
10.1109/CISP.2010.5647697,N/A,N/A,N/A
10.1109/CISP.2010.5648292,2,0,Conference Proceeding
N/A,N/A,N/A,N/A
N/A,N/A,N/A,N/A
10.1109/IROS.2010.5651061,N/A,N/A,N/A
10.1109/IGARSS.2010.5651636,N/A,N/A,N/A
10.1109/IGARSS.2010.5651718,N/A,N/A,N/A
10.1109/IGARSS.2010.5652831,N/A,N/A,N/A
10.1109/ICCAD.2010.5653788,2,11,Conference Proceeding
10.1109/ICCAD.2010.5654114,N/A,N/A,N/A
10.1109/QUATIC.2010.13,N/A,N/A,N/A
10.1109/QUATIC.2010.30,N/A,N/A,N/A
10.1109/QUATIC.2010.33,N/A,N/A,N/A
10.1109/DASC.2010.5655322,N/A,N/A,N/A
10.1109/QUATIC.2010.10,N/A,N/A,N/A
10.1109/DASC.2010.5655451,N/A,N/A,N/A
10.1109/QUATIC.2010.50,N/A,N/A,N/A
10.1109/QUATIC.2010.45,4,6,Conference Proceeding
10.1109/QUATIC.2010.79,N/A,N/A,N/A
10.1109/QUATIC.2010.78,N/A,N/A,N/A
10.1109/QUATIC.2010.71,N/A,N/A,N/A
10.1109/QUATIC.2010.68,N/A,N/A,N/A
10.1109/QUATIC.2010.66,N/A,N/A,N/A
10.1109/QUATIC.2010.60,N/A,N/A,N/A
10.1109/QUATIC.2010.61,N/A,N/A,N/A
10.1109/ISVC.2010.5656276,N/A,N/A,N/A
10.1109/RSP.2010.5656339,N/A,N/A,N/A
10.1109/QUATIC.2010.88,N/A,N/A,N/A
10.1109/ICNIDC.2010.5657934,N/A,N/A,N/A
10.1109/CCPR.2010.5659165,N/A,N/A,N/A
10.1109/CCPR.2010.5659217,3,1,Conference Proceeding
10.1109/ICEEE.2010.5660457,N/A,N/A,N/A
10.1109/EEEI.2010.5661962,N/A,N/A,N/A
10.1109/GCC.2010.66,N/A,N/A,N/A
10.1109/IPTC.2010.39,N/A,N/A,N/A
10.1109/ICDIM.2010.5664244,N/A,N/A,N/A
10.1109/ICDIM.2010.5664732,N/A,N/A,N/A
N/A,N/A,N/A,N/A
N/A,N/A,N/A,N/A
10.1109/POWERCON.2010.5666457,2,2,Conference Proceeding
10.1109/UIC-ATC.2010.112,N/A,N/A,N/A
10.1109/UIC-ATC.2010.11,N/A,N/A,N/A
10.1109/ICTAI.2010.18,3,4,Conference Proceeding
10.1109/ICCAS.2010.5670254,N/A,N/A,N/A
10.1109/ICCCCT.2010.5670728,N/A,N/A,N/A
10.1109/MINES.2010.202,4,0,Conference Proceeding
10.1109/IEEM.2010.5674273,N/A,N/A,N/A
10.1109/IEEM.2010.5674517,2,10,Conference Proceeding
10.1109/ICCES.2010.5674849,N/A,N/A,N/A
10.1109/IECON.2010.5674951,N/A,N/A,N/A
10.1109/IECON.2010.5675035,N/A,N/A,N/A
10.1109/ACT.2010.34,N/A,N/A,N/A
10.1109/SYSTOL.2010.5675940,N/A,N/A,N/A
10.1109/SYSTOL.2010.5675976,N/A,N/A,N/A
10.1109/SYSTOL.2010.5675985,2,16,Journal
10.1109/COMPSAC.2010.20,N/A,N/A,N/A
10.1109/COMPSAC.2010.79,N/A,N/A,N/A
10.1109/COMPSAC.2010.30,2,4,Conference Proceeding
10.1109/COMPSAC.2010.40,N/A,N/A,N/A
10.1109/COMPSAC.2010.47,N/A,N/A,N/A
10.1109/COMPSAC.2010.66,N/A,N/A,N/A
10.1109/COMPSAC.2010.59,N/A,N/A,N/A
10.1109/COMPSAC.2010.61,2,2,Conference Proceeding
10.1109/COMPSAC.2010.18,N/A,N/A,N/A
10.1109/CISE.2010.5676748,N/A,N/A,N/A
10.1109/CISE.2010.5676799,N/A,N/A,N/A
10.1109/CISE.2010.5676800,N/A,N/A,N/A
10.1109/CISE.2010.5676810,4,2,Conference Proceeding
10.1109/CISE.2010.5676825,N/A,N/A,N/A
10.1109/CISE.2010.5676862,N/A,N/A,N/A
10.1109/CISE.2010.5676884,N/A,N/A,N/A
10.1109/CISE.2010.5677217,N/A,N/A,N/A
10.1109/CISE.2010.5677220,N/A,N/A,N/A
10.1109/WSC.2010.5679102,N/A,N/A,N/A
10.1109/ISIEA.2010.5679441,N/A,N/A,N/A
10.1109/MILCOM.2010.5679584,N/A,N/A,N/A
10.1109/PDGC.2010.5679601,N/A,N/A,N/A
10.1109/IMCSIT.2010.5679726,N/A,N/A,N/A
10.1109/PDGC.2010.5679879,1,9,Conference Proceeding
10.1109/GLOCOM.2010.5683631,N/A,N/A,N/A
10.1109/GLOCOM.2010.5684011,N/A,N/A,N/A
10.1109/TENCON.2010.5686432,N/A,N/A,N/A
10.1109/ISDA.2010.5687069,N/A,N/A,N/A
10.1109/ISDA.2010.5687071,N/A,N/A,N/A
10.1109/PIC.2010.5688000,3,7,Conference Proceeding
10.1109/PIC.2010.5688006,N/A,N/A,N/A
10.1109/ICISE.2010.5689221,3,3,Conference Proceeding
10.1109/ICISE.2010.5689328,N/A,N/A,N/A
10.1109/ICISE.2010.5690372,N/A,N/A,N/A
10.1109/CNSM.2010.5691319,4,7,Conference Proceeding
10.1109/ICISE.2010.5691726,N/A,N/A,N/A
10.1109/ATS.2010.13,N/A,N/A,N/A
10.1109/ATS.2010.21,N/A,N/A,N/A
10.1109/CSE.2010.59,5,9,Conference Proceeding
10.1109/APSEC.2010.14,N/A,N/A,N/A
10.1109/APSEC.2010.25,N/A,N/A,N/A
10.1109/APSEC.2010.37,3,0,Conference Proceeding
10.1109/APSEC.2010.38,N/A,N/A,N/A
10.1109/APSEC.2010.39,N/A,N/A,N/A
10.1109/APSEC.2010.40,N/A,N/A,N/A
10.1109/APSEC.2010.42,N/A,N/A,N/A
10.1109/APSEC.2010.54,1,21,Conference Proceeding
10.1109/ICDMW.2010.17,N/A,N/A,N/A
10.1109/ICINIS.2010.21,N/A,N/A,N/A
10.1109/ICINIS.2010.155,N/A,N/A,N/A
10.1109/MEDIACOM.2010.48,N/A,N/A,N/A
10.1109/FPL.2010.92,N/A,N/A,N/A
10.1109/ICPADS.2010.125,4,17,Conference Proceeding
10.1109/ICPADS.2010.93,N/A,N/A,N/A
10.1109/AIM.2010.5695748,4,2,Conference Proceeding
10.1109/IPECON.2010.5697162,1,19,Conference Proceeding
10.1109/PECON.2010.5697666,N/A,N/A,N/A
10.1109/PECON.2010.5697701,N/A,N/A,N/A
10.1109/GRID.2010.5697957,N/A,N/A,N/A
10.1109/GRID.2010.5697961,N/A,N/A,N/A
10.1109/GRID.2010.5698017,N/A,N/A,N/A
10.1109/ICETET.2010.159,N/A,N/A,N/A
10.1109/ICDMA.2010.121,N/A,N/A,N/A
10.1109/ICDMA.2010.52,N/A,N/A,N/A
10.1109/CICN.2010.60,N/A,N/A,N/A
10.1109/INCOS.2010.99,N/A,N/A,N/A
10.1109/RTSS.2010.11,N/A,N/A,N/A
10.1109/PCS.2010.5702584,N/A,N/A,N/A
10.1109/PRDC.2010.51,4,23,Conference Proceeding
10.1109/PRDC.2010.50,N/A,N/A,N/A
10.1109/PRDC.2010.10,3,14,Conference Proceeding
10.1109/PRDC.2010.35,2,7,Conference Proceeding
10.1109/EUC.2010.129,N/A,N/A,N/A
10.1109/BIBMW.2010.5703785,N/A,N/A,N/A
10.1109/ISPACS.2010.5704637,N/A,N/A,N/A
10.1109/ICCIC.2010.5705779,N/A,N/A,N/A
10.1109/ICCIC.2010.5705784,N/A,N/A,N/A
10.1109/SOCA.2010.5707146,N/A,N/A,N/A
10.1109/NAVITEC.2010.5708016,N/A,N/A,N/A
10.1109/ICCIS.2010.156,N/A,N/A,N/A
10.1109/ICCIT.2010.5711149,N/A,N/A,N/A
10.1109/PEDES.2010.5712569,N/A,N/A,N/A
10.1109/YCICT.2010.5713081,N/A,N/A,N/A
10.1109/HIPC.2010.5713159,N/A,N/A,N/A
10.1109/CSMR.2010.21,N/A,N/A,N/A
10.1109/CSMR.2010.18,4,8,Conference Proceeding
10.1109/CSMR.2010.53,N/A,N/A,N/A
10.1109/CSMR.2010.44,N/A,N/A,N/A
10.1109/TISC.2010.5714621,N/A,N/A,N/A
10.1109/SYNASC.2010.52,N/A,N/A,N/A
10.1109/SYNASC.2010.84,N/A,N/A,N/A
10.1109/WCSE.2010.28,4,0,Conference Proceeding
10.1109/WCSE.2010.139,N/A,N/A,N/A
10.1109/WCSE.2010.62,N/A,N/A,N/A
10.1109/CEIDP.2010.5724026,N/A,N/A,N/A
10.1109/ICECS.2010.5724589,N/A,N/A,N/A
10.1109/GreenCom-CPSCom.2010.85,N/A,N/A,N/A
10.1109/ISTEL.2010.5734164,N/A,N/A,N/A
10.1109/ICCAIE.2010.5735101,N/A,N/A,N/A
N/A,N/A,N/A,N/A
N/A,N/A,N/A,N/A
N/A,N/A,N/A,N/A
10.1109/INDUSCON.2010.5739972,N/A,N/A,N/A
10.1109/INDUSCON.2010.5740045,3,2,Conference Proceeding
10.1109/EWDTS.2010.5742148,3,0,Conference Proceeding
10.1109/IEMT.2010.5746681,3,2,Conference Proceeding
N/A,N/A,N/A,N/A
10.1109/RTC.2010.5750364,N/A,N/A,N/A
10.1109/RTC.2010.5750480,N/A,N/A,N/A
N/A,N/A,N/A,N/A
10.1109/TDC-LA.2010.5762910,N/A,N/A,N/A
10.4108/icst.collaboratecom.2010.9,N/A,N/A,N/A
N/A,N/A,N/A,N/A
N/A,N/A,N/A,N/A
10.1109/CSSR.2010.5773856,N/A,N/A,N/A
10.1109/ICRESH.2010.5779531,2,9,Conference Proceeding
10.1109/ICRESH.2010.5779549,N/A,N/A,N/A
10.1109/ICRESH.2010.5779582,N/A,N/A,N/A
10.1109/ICRESH.2010.5779593,N/A,N/A,N/A
10.1109/ICRESH.2010.5779596,N/A,N/A,N/A
10.1109/ICRESH.2010.5779604,N/A,N/A,N/A
10.1109/CEE-SECR.2010.5783148,N/A,N/A,N/A
10.1109/CEE-SECR.2010.5783153,1,2,Conference Proceeding
10.1109/CEE-SECR.2010.5783158,N/A,N/A,N/A
10.1109/CEE-SECR.2010.5783159,N/A,N/A,N/A
10.1109/CEE-SECR.2010.5783173,N/A,N/A,N/A
10.1109/CEE-SECR.2010.5783177,N/A,N/A,N/A
10.1109/NSSMIC.2010.5873867,N/A,N/A,N/A
10.1109/NSSMIC.2010.5874491,N/A,N/A,N/A
10.1109/IPMHVC.2010.5958305,N/A,N/A,N/A
10.1109/i-Society16502.2010.6018745,N/A,N/A,N/A
10.1145/1806799.1806878,N/A,N/A,N/A
10.1145/1806799.1806811,4,1,Journal
10.1145/1806799.1806812,5,24,Journal
10.1145/1806799.1806831,N/A,N/A,N/A
10.1145/1806799.1806836,N/A,N/A,N/A
10.1145/1806799.1806838,2,0,Conference Proceeding
10.1145/1810295.1810456,N/A,N/A,N/A
10.1145/1810295.1810306,N/A,N/A,N/A
10.1145/1810295.1810308,N/A,N/A,N/A
10.1145/1810295.1810343,N/A,N/A,N/A
10.1145/1810295.1810368,5,18,Conference Proceeding
10.1145/1810295.1810382,N/A,N/A,N/A
10.1145/1810295.1810393,1,2,Conference Proceeding
10.1145/1810295.1810401,N/A,N/A,N/A
10.1145/1810295.1810402,N/A,N/A,N/A
N/A,N/A,N/A,N/A
N/A,N/A,N/A,N/A
N/A,N/A,N/A,N/A
N/A,N/A,N/A,N/A
N/A,N/A,N/A,N/A
N/A,N/A,N/A,N/A
10.1109/TDSC.2009.23,N/A,N/A,N/A
10.1109/TSE.2010.32,N/A,N/A,N/A
10.1109/TSE.2010.37,N/A,N/A,N/A
10.1109/TSE.2010.50,N/A,N/A,N/A
10.1109/TDSC.2010.12,N/A,N/A,N/A
10.1109/TPDS.2010.62,N/A,N/A,N/A
10.1109/TC.2010.128,N/A,N/A,N/A
10.1109/TSE.2010.67,N/A,N/A,N/A
10.1109/TPAMI.2010.135,N/A,N/A,N/A
10.1109/TIE.2010.2062471,N/A,N/A,N/A
10.1109/TPWRS.2010.2055899,N/A,N/A,N/A
10.1109/TSE.2010.81,N/A,N/A,N/A
10.1109/TIE.2010.2072895,N/A,N/A,N/A
10.1109/TPWRD.2010.2060214,N/A,N/A,N/A
10.1109/TDSC.2010.49,N/A,N/A,N/A
10.1109/TSC.2010.47,N/A,N/A,N/A
10.1109/TSE.2010.90,N/A,N/A,N/A
10.1109/TSE.2010.93,N/A,N/A,N/A
10.1109/TASC.2010.2084060,N/A,N/A,N/A
10.1109/TPDS.2010.205,N/A,N/A,N/A
10.1109/TSE.2010.99,N/A,N/A,N/A
10.1109/MS.2011.1,N/A,N/A,N/A
10.1109/TNN.2010.2096824,N/A,N/A,N/A
10.1109/TASC.2010.2093592,N/A,N/A,N/A
10.1109/TR.2011.2104472,N/A,N/A,N/A
10.1109/MITP.2011.11,N/A,N/A,N/A
10.1109/TSE.2011.20,N/A,N/A,N/A
10.1109/TNSRE.2011.2115255,N/A,N/A,N/A
10.1109/TDSC.2011.16,N/A,N/A,N/A
10.1109/TDSC.2011.19,N/A,N/A,N/A
10.1109/TVT.2011.2116051,N/A,N/A,N/A
N/A,N/A,N/A,N/A
N/A,N/A,N/A,N/A
N/A,N/A,N/A,N/A
N/A,N/A,N/A,N/A
10.1109/HICSS.2011.305,N/A,N/A,N/A
10.1109/HICSS.2011.354,N/A,N/A,N/A
10.1109/HICSS.2011.36,N/A,N/A,N/A
10.1109/HICSS.2011.399,N/A,N/A,N/A
10.1109/HICSS.2011.28,N/A,N/A,N/A
10.1109/MS.2011.25,N/A,N/A,N/A
10.1109/TNS.2011.2109398,N/A,N/A,N/A
10.1109/NTMS.2011.5720600,N/A,N/A,N/A
10.1109/ICMTMA.2011.208,N/A,N/A,N/A
10.1109/ICMTMA.2011.337,N/A,N/A,N/A
10.1109/ICMTMA.2011.474,N/A,N/A,N/A
10.1109/ICMTMA.2011.476,N/A,N/A,N/A
10.1109/ICMTMA.2011.606,N/A,N/A,N/A
10.1109/ICMTMA.2011.644,N/A,N/A,N/A
10.1109/TCBB.2011.39,N/A,N/A,N/A
10.1109/TSE.2011.29,N/A,N/A,N/A
10.1109/CSMR.2011.23,N/A,N/A,N/A
10.1109/CSMR.2011.16,N/A,N/A,N/A
10.1109/CSMR.2011.21,N/A,N/A,N/A
10.1109/CSMR.2011.42,N/A,N/A,N/A
10.1109/ISADS.2011.18,N/A,N/A,N/A
10.1109/CSMR.2011.32,N/A,N/A,N/A
10.1109/CSMR.2011.46,N/A,N/A,N/A
N/A,N/A,N/A,N/A
10.1109/TNN.2011.2120620,N/A,N/A,N/A
10.1109/AERO.2011.5747450,N/A,N/A,N/A
10.1109/AERO.2011.5747474,N/A,N/A,N/A
10.1109/AERO.2011.5747580,N/A,N/A,N/A
10.1109/NCETACS.2011.5751411,N/A,N/A,N/A
N/A,N/A,N/A,N/A
N/A,N/A,N/A,N/A
N/A,N/A,N/A,N/A
10.1109/NAFIPS.2011.5751946,N/A,N/A,N/A
10.1109/NAFIPS.2011.5752047,N/A,N/A,N/A
10.1109/JSAC.2011.110513,N/A,N/A,N/A
10.1109/ISORC.2011.41,N/A,N/A,N/A
10.1109/UKSIM.2011.39,N/A,N/A,N/A
10.1109/RAMS.2011.5754490,N/A,N/A,N/A
10.1109/TR.2011.2136490,N/A,N/A,N/A
10.1109/TIP.2011.2147325,N/A,N/A,N/A
10.1109/ICETECT.2011.5760084,N/A,N/A,N/A
10.1109/ICETECT.2011.5760182,N/A,N/A,N/A
10.1109/ICCCET.2011.5762480,N/A,N/A,N/A
10.1109/ISPASS.2011.5762735,N/A,N/A,N/A
10.1109/DATE.2011.5763096,N/A,N/A,N/A
10.1109/DATE.2011.5763192,N/A,N/A,N/A
10.1109/DATE.2011.5763307,N/A,N/A,N/A
10.1109/WAINA.2011.10,N/A,N/A,N/A
10.1109/WAINA.2011.43,N/A,N/A,N/A
10.1109/ICCRD.2011.5763845,N/A,N/A,N/A
10.1109/ICCRD.2011.5763878,N/A,N/A,N/A
10.1109/CGO.2011.5764670,N/A,N/A,N/A
10.1109/CCNC.2011.5766503,N/A,N/A,N/A
10.1109/ICDEW.2011.5767626,N/A,N/A,N/A
10.1109/CECNET.2011.5768285,N/A,N/A,N/A
10.1109/CECNET.2011.5768473,N/A,N/A,N/A
10.1109/CECNET.2011.5768662,N/A,N/A,N/A
10.1109/CECNET.2011.5768674,N/A,N/A,N/A
10.1109/ICST.2011.32,N/A,N/A,N/A
10.1109/ICST.2011.50,N/A,N/A,N/A
10.1109/ICST.2011.51,N/A,N/A,N/A
10.1109/ICST.2011.48,N/A,N/A,N/A
10.1109/ICST.2011.28,N/A,N/A,N/A
10.1109/ISQED.2011.5770722,N/A,N/A,N/A
10.1109/ISQED.2011.5770768,N/A,N/A,N/A
10.1109/ESTS.2011.5770897,N/A,N/A,N/A
10.1109/TPWRD.2011.2142404,N/A,N/A,N/A
10.1109/ICISA.2011.5772336,N/A,N/A,N/A
10.1109/ICISA.2011.5772438,N/A,N/A,N/A
10.1109/ICECCS.2011.15,N/A,N/A,N/A
10.1109/ICECCS.2011.23,N/A,N/A,N/A
10.1109/LADCW.2011.13,N/A,N/A,N/A
10.1109/LADCW.2011.26,N/A,N/A,N/A
10.1109/ICETCE.2011.5775143,N/A,N/A,N/A
10.1109/ICMSAO.2011.5775479,N/A,N/A,N/A
10.1109/ICEICE.2011.5777344,N/A,N/A,N/A
10.1109/ICEICE.2011.5777631,N/A,N/A,N/A
10.1109/ICEICE.2011.5777720,N/A,N/A,N/A
10.1109/ICEICE.2011.5777815,N/A,N/A,N/A
10.1109/TPWRD.2011.2141155,N/A,N/A,N/A
10.1109/icbbe.2011.5779972,N/A,N/A,N/A
10.1109/LADC.2011.27,N/A,N/A,N/A
10.1109/VTS.2011.5783737,N/A,N/A,N/A
10.1109/VTS.2011.5783781,N/A,N/A,N/A
N/A,N/A,N/A,N/A
10.1109/LISAT.2011.5784231,N/A,N/A,N/A
10.1109/TC.2011.101,N/A,N/A,N/A
10.1109/TPWRS.2011.2157180,N/A,N/A,N/A
N/A,N/A,N/A,N/A
10.1109/SACI.2011.5873026,N/A,N/A,N/A
10.1109/SACI.2011.5873055,N/A,N/A,N/A
10.1109/EEEIC.2011.5874569,N/A,N/A,N/A
10.1109/EEEIC.2011.5874769,N/A,N/A,N/A
10.1109/CSEET.2011.5876083,N/A,N/A,N/A
10.1109/ICEBEG.2011.5876677,N/A,N/A,N/A
10.1109/ICPS.2011.5890876,N/A,N/A,N/A
10.1109/INNOVATIONS.2011.5893843,N/A,N/A,N/A
10.1109/CTS.2011.5928674,N/A,N/A,N/A
10.1109/SYSCON.2011.5929092,N/A,N/A,N/A
10.1109/EUROCON.2011.5929183,N/A,N/A,N/A
10.1109/EUROCON.2011.5929241,N/A,N/A,N/A
10.1109/RSP.2011.5929986,N/A,N/A,N/A
10.1109/JCSSE.2011.5930100,N/A,N/A,N/A
10.1109/JCSSE.2011.5930110,N/A,N/A,N/A
10.1109/JCSSE.2011.5930142,N/A,N/A,N/A
10.1109/JCSSE.2011.5930143,N/A,N/A,N/A
10.1109/IMF.2011.10,N/A,N/A,N/A
10.1109/CMC.2011.61,N/A,N/A,N/A
10.1109/IWQOS.2011.5931313,N/A,N/A,N/A
10.1109/CITCON.2011.5934563,N/A,N/A,N/A
10.1109/ECBS.2011.14,N/A,N/A,N/A
10.1109/ICNSURV.2011.5935349,N/A,N/A,N/A
10.1109/DEST.2011.5936600,N/A,N/A,N/A
10.1109/ICECTECH.2011.5941585,N/A,N/A,N/A
10.1109/ICECTECH.2011.5941719,N/A,N/A,N/A
10.1109/ICECTECH.2011.5941919,N/A,N/A,N/A
10.1109/ICECTECH.2011.5941954,N/A,N/A,N/A
10.1109/ICECTECH.2011.5941989,N/A,N/A,N/A
10.1109/ICECTECH.2011.5942048,N/A,N/A,N/A
10.1109/ITNG.2011.14,N/A,N/A,N/A
10.1109/ITNG.2011.45,N/A,N/A,N/A
10.1109/EASe.2011.9,N/A,N/A,N/A
10.1109/ECTICON.2011.5947797,N/A,N/A,N/A
10.1109/ECTICON.2011.5947989,N/A,N/A,N/A
10.1109/CCGrid.2011.61,N/A,N/A,N/A
10.1109/NCIS.2011.66,N/A,N/A,N/A
10.1109/CICYBS.2011.5949403,N/A,N/A,N/A
10.1109/CEC.2011.5949650,N/A,N/A,N/A
10.1109/SVR.2011.34,N/A,N/A,N/A
10.1109/ISPAW.2011.45,N/A,N/A,N/A
N/A,N/A,N/A,N/A
10.1109/CSAE.2011.5952418,N/A,N/A,N/A
10.1109/CSAE.2011.5952753,N/A,N/A,N/A
10.1109/SIES.2011.5953653,N/A,N/A,N/A
10.1109/SIES.2011.5953678,N/A,N/A,N/A
10.1109/SIES.2011.5953679,N/A,N/A,N/A
10.1109/SIES.2011.5953691,N/A,N/A,N/A
10.1109/ICSTW.2011.28,N/A,N/A,N/A
10.1109/ICSTW.2011.36,N/A,N/A,N/A
10.1109/ICSTW.2011.73,N/A,N/A,N/A
10.1109/ICSTW.2011.59,N/A,N/A,N/A
10.1109/ICSTW.2011.50,N/A,N/A,N/A
10.1109/ICSTW.2011.51,N/A,N/A,N/A
10.1109/ICSTW.2011.55,N/A,N/A,N/A
10.1109/ICSTW.2011.12,N/A,N/A,N/A
10.1109/ICSTW.2011.69,N/A,N/A,N/A
10.1109/ICSTW.2011.14,N/A,N/A,N/A
10.1109/ICSTW.2011.17,N/A,N/A,N/A
10.1109/ICSTW.2011.15,N/A,N/A,N/A
10.1109/ICSTW.2011.32,N/A,N/A,N/A
10.1109/ICSTW.2011.31,N/A,N/A,N/A
10.1109/ICSTW.2011.75,N/A,N/A,N/A
10.1109/ICSTW.2011.43,N/A,N/A,N/A
10.1109/ICSTW.2011.40,N/A,N/A,N/A
10.1109/ICSTW.2011.22,N/A,N/A,N/A
10.1109/ICSTW.2011.19,N/A,N/A,N/A
10.1109/ICSTW.2011.21,N/A,N/A,N/A
10.1109/VETECS.2011.5956626,N/A,N/A,N/A
10.1109/SRII.2011.87,N/A,N/A,N/A
10.1109/DSN.2011.5958203,N/A,N/A,N/A
10.1109/DSN.2011.5958225,N/A,N/A,N/A
10.1109/DSN.2011.5958244,N/A,N/A,N/A
10.1109/DSN.2011.5958254,N/A,N/A,N/A
10.1109/ETNCC.2011.5958510,N/A,N/A,N/A
10.1109/DSNW.2011.5958811,N/A,N/A,N/A
10.1109/DSNW.2011.5958825,N/A,N/A,N/A
10.1109/ISCI.2011.5958972,N/A,N/A,N/A
10.1109/ISCI.2011.5958995,N/A,N/A,N/A
10.1109/WICSA.2011.34,N/A,N/A,N/A
10.1109/WICSA.2011.17,N/A,N/A,N/A
10.1109/WICSA.2011.21,N/A,N/A,N/A
10.1109/WICSA.2011.51,N/A,N/A,N/A
10.1109/TC.2011.85,N/A,N/A,N/A
10.1109/icc.2011.5962735,N/A,N/A,N/A
10.1109/TBME.2011.2163156,N/A,N/A,N/A
10.1109/RSETE.2011.5964478,N/A,N/A,N/A
N/A,N/A,N/A,N/A
N/A,N/A,N/A,N/A
N/A,N/A,N/A,N/A
10.1109/CCDC.2011.5968842,N/A,N/A,N/A
N/A,N/A,N/A,N/A
10.1109/ICPC.2011.30,N/A,N/A,N/A
10.1109/ICPC.2011.41,N/A,N/A,N/A
10.1109/ICPC.2011.22,N/A,N/A,N/A
10.1109/ICPC.2011.16,N/A,N/A,N/A
10.1109/ICPC.2011.37,N/A,N/A,N/A
10.1109/ICPC.2011.24,N/A,N/A,N/A
10.1109/DCDS.2011.5970318,N/A,N/A,N/A
10.1109/PEOCO.2011.5970431,N/A,N/A,N/A
10.1109/ICRTIT.2011.5972284,N/A,N/A,N/A
10.1109/ICRTIT.2011.5972354,N/A,N/A,N/A
10.1109/ICRTIT.2011.5972398,N/A,N/A,N/A
N/A,N/A,N/A,N/A
N/A,N/A,N/A,N/A
N/A,N/A,N/A,N/A
N/A,N/A,N/A,N/A
N/A,N/A,N/A,N/A
10.1109/CSSS.2011.5975041,N/A,N/A,N/A
10.1109/CSSS.2011.5975052,N/A,N/A,N/A
10.1109/ICIEA.2011.5975816,N/A,N/A,N/A
10.1109/IMIS.2011.92,N/A,N/A,N/A
10.1109/ICQR2MSE.2011.5976569,N/A,N/A,N/A
10.1109/ICQR2MSE.2011.5976636,N/A,N/A,N/A
10.1109/ICQR2MSE.2011.5976763,N/A,N/A,N/A
N/A,N/A,N/A,N/A
N/A,N/A,N/A,N/A
10.1109/ISSCS.2011.5978637,N/A,N/A,N/A
10.1109/ICRMS.2011.5979282,N/A,N/A,N/A
10.1109/ICRMS.2011.5979352,N/A,N/A,N/A
10.1109/ICRMS.2011.5979353,N/A,N/A,N/A
10.1109/ICRMS.2011.5979358,N/A,N/A,N/A
10.1109/ICRMS.2011.5979375,N/A,N/A,N/A
10.1109/ICRMS.2011.5979376,N/A,N/A,N/A
10.1109/ICRMS.2011.5979407,N/A,N/A,N/A
10.1109/MAES.2011.5980604,N/A,N/A,N/A
10.1109/ICSESS.2011.5982232,N/A,N/A,N/A
10.1109/ICSESS.2011.5982293,N/A,N/A,N/A
10.1109/ICSESS.2011.5982308,N/A,N/A,N/A
10.1109/ICSESS.2011.5982316,N/A,N/A,N/A
10.1109/ICSESS.2011.5982338,N/A,N/A,N/A
10.1109/ICSESS.2011.5982361,N/A,N/A,N/A
N/A,N/A,N/A,N/A
10.1109/NGI.2011.5985866,N/A,N/A,N/A
10.1109/LATW.2011.5985914,N/A,N/A,N/A
10.1109/LATW.2011.5985918,N/A,N/A,N/A
10.1109/LATW.2011.5985928,N/A,N/A,N/A
10.1109/LATW.2011.5985931,N/A,N/A,N/A
10.1109/SOLI.2011.5986575,N/A,N/A,N/A
10.1109/MACE.2011.5987082,N/A,N/A,N/A
10.1109/MACE.2011.5987244,N/A,N/A,N/A
10.1109/MACE.2011.5987948,N/A,N/A,N/A
10.1109/CISIS.2011.13,N/A,N/A,N/A
10.1109/CISIS.2011.54,N/A,N/A,N/A
10.1109/CISIS.2011.82,N/A,N/A,N/A
10.1109/CISIS.2011.92,N/A,N/A,N/A
10.1109/CISIS.2011.93,N/A,N/A,N/A
10.1109/WETICE.2011.53,N/A,N/A,N/A
10.1109/SSIRI.2011.13,N/A,N/A,N/A
10.1109/SSIRI.2011.14,N/A,N/A,N/A
10.1109/SSIRI.2011.32,N/A,N/A,N/A
10.1109/SSIRI.2011.20,N/A,N/A,N/A
10.1109/SSIRI.2011.23,N/A,N/A,N/A
10.1109/ARITH.2011.38,N/A,N/A,N/A
10.1109/RoEduNet.2011.5993714,N/A,N/A,N/A
10.1109/IOLTS.2011.5993805,N/A,N/A,N/A
10.1109/IOLTS.2011.5993806,N/A,N/A,N/A
10.1109/IOLTS.2011.5993847,N/A,N/A,N/A
10.1109/DRPT.2011.5993950,N/A,N/A,N/A
10.1109/IOLTS.2011.5994536,N/A,N/A,N/A
10.1109/CBMS.2011.5999030,N/A,N/A,N/A
10.1109/ICMSS.2011.5999219,N/A,N/A,N/A
10.1109/MS.2011.117,N/A,N/A,N/A
10.1109/HPCSim.2011.5999841,N/A,N/A,N/A
10.1109/HPCSim.2011.5999843,N/A,N/A,N/A
10.1109/ICMT.2011.6001848,N/A,N/A,N/A
10.1109/Oceans-Spain.2011.6003565,N/A,N/A,N/A
10.1109/QSIC.2011.32,N/A,N/A,N/A
10.1109/QSIC.2011.15,N/A,N/A,N/A
10.1109/QSIC.2011.25,N/A,N/A,N/A
10.1109/QSIC.2011.16,N/A,N/A,N/A
10.1109/QSIC.2011.38,N/A,N/A,N/A
10.1109/QSIC.2011.36,N/A,N/A,N/A
10.1109/QSIC.2011.31,N/A,N/A,N/A
10.1109/SSIRI-C.2011.38,N/A,N/A,N/A
10.1109/SSIRI-C.2011.18,N/A,N/A,N/A
10.1109/SSIRI-C.2011.22,N/A,N/A,N/A
10.1109/SSIRI-C.2011.23,N/A,N/A,N/A
10.1109/SSIRI-C.2011.24,N/A,N/A,N/A
10.1109/SSIRI-C.2011.28,N/A,N/A,N/A
10.1109/MASCOTS.2011.59,N/A,N/A,N/A
10.1109/CICSyN.2011.23,N/A,N/A,N/A
10.1109/ITAP.2011.6006140,N/A,N/A,N/A
10.1109/RCIS.2011.6006827,N/A,N/A,N/A
10.1109/SMC-IT.2011.14,N/A,N/A,N/A
10.1109/SMC-IT.2011.16,N/A,N/A,N/A
10.1109/SMC-IT.2011.25,N/A,N/A,N/A
10.1109/URKE.2011.6007820,N/A,N/A,N/A
10.1109/URKE.2011.6007846,N/A,N/A,N/A
10.1109/CCIENG.2011.6008033,N/A,N/A,N/A
10.1109/ICICIP.2011.6008224,N/A,N/A,N/A
10.1109/IPDPS.2011.269,N/A,N/A,N/A
10.1109/IPDPS.2011.379,N/A,N/A,N/A
10.1109/SCC.2011.103,N/A,N/A,N/A
10.1109/ICWS.2011.77,N/A,N/A,N/A
10.1109/ICWS.2011.103,N/A,N/A,N/A
10.1109/ICWS.2011.23,N/A,N/A,N/A
10.1109/IRI.2011.6009565,N/A,N/A,N/A
10.1109/AIMSEC.2011.6010596,N/A,N/A,N/A
10.1109/ICME.2011.6011846,N/A,N/A,N/A
10.1109/SERVICES.2011.82,N/A,N/A,N/A
10.1109/IPDPS.2011.33,N/A,N/A,N/A
10.1109/ICCSN.2011.6013575,N/A,N/A,N/A
10.1109/ICCSN.2011.6013581,N/A,N/A,N/A
10.1109/ICCSN.2011.6013601,N/A,N/A,N/A
10.1109/ICCSN.2011.6013606,N/A,N/A,N/A
10.1109/ICCSN.2011.6013623,N/A,N/A,N/A
10.1109/ICCSN.2011.6013644,N/A,N/A,N/A
10.1109/ICCSN.2011.6013675,N/A,N/A,N/A
10.1109/ICCSN.2011.6013763,N/A,N/A,N/A
10.1109/ICCSN.2011.6013887,N/A,N/A,N/A
10.1109/ICCSN.2011.6014049,N/A,N/A,N/A
10.1109/ICCSN.2011.6014090,N/A,N/A,N/A
10.1109/ICCSN.2011.6014187,N/A,N/A,N/A
10.1109/ICCSN.2011.6014189,N/A,N/A,N/A
10.1109/ICCSN.2011.6014212,N/A,N/A,N/A
10.1109/ICCSN.2011.6014273,N/A,N/A,N/A
10.1109/ICCSN.2011.6014364,N/A,N/A,N/A
10.1109/ICCSN.2011.6014762,N/A,N/A,N/A
10.1109/ICCSN.2011.6014767,N/A,N/A,N/A
10.1109/ICCSN.2011.6014960,N/A,N/A,N/A
10.1109/ICEMMS.2011.6015648,N/A,N/A,N/A
N/A,N/A,N/A,N/A
10.1109/ICACC.2011.6016391,N/A,N/A,N/A
N/A,N/A,N/A,N/A
N/A,N/A,N/A,N/A
10.1109/FSKD.2011.6019780,N/A,N/A,N/A
10.1109/FSKD.2011.6019877,N/A,N/A,N/A
N/A,N/A,N/A,N/A
10.1109/ICNC.2011.6022236,N/A,N/A,N/A
10.1109/ICNC.2011.6022397,N/A,N/A,N/A
10.1109/EMEIT.2011.6023505,N/A,N/A,N/A
10.1109/ICPHM.2011.6024322,N/A,N/A,N/A
10.1109/ICSCCN.2011.6024510,N/A,N/A,N/A
10.1109/MEC.2011.6026028,N/A,N/A,N/A
10.1109/ISSA.2011.6027533,N/A,N/A,N/A
10.1109/ISSA.2011.6027534,N/A,N/A,N/A
10.1109/ICCSE.2011.6028614,N/A,N/A,N/A
10.1109/ICCSE.2011.6028795,N/A,N/A,N/A
10.1109/TPWRD.2011.2132808,N/A,N/A,N/A
10.1109/RTCSA.2011.33,N/A,N/A,N/A
10.1109/SPLC.2011.47,N/A,N/A,N/A
10.1109/CCECE.2011.6030590,N/A,N/A,N/A
10.1109/CCCA.2011.6031205,N/A,N/A,N/A
10.1109/ICQR.2011.6031604,N/A,N/A,N/A
10.1109/ICQR.2011.6031745,N/A,N/A,N/A
10.1109/TNS.2011.2164557,N/A,N/A,N/A
10.1109/COMPSACW.2011.26,N/A,N/A,N/A
10.1109/COMPSACW.2011.36,N/A,N/A,N/A
10.1109/COMPSACW.2011.38,N/A,N/A,N/A
10.1109/COMPSACW.2011.39,N/A,N/A,N/A
10.1109/COMPSACW.2011.44,N/A,N/A,N/A
10.1109/COMPSACW.2011.92,N/A,N/A,N/A
10.1109/COMPSAC.2011.125,N/A,N/A,N/A
10.1109/COMPSAC.2011.53,N/A,N/A,N/A
10.1109/COMPSAC.2011.54,N/A,N/A,N/A
10.1109/COMPSAC.2011.55,N/A,N/A,N/A
10.1109/COMPSAC.2011.64,N/A,N/A,N/A
10.1109/COMPSAC.2011.79,N/A,N/A,N/A
10.1109/COMPSAC.2011.81,N/A,N/A,N/A
10.1109/COMPSAC.2011.123,N/A,N/A,N/A
10.1109/COMPSAC.2011.85,N/A,N/A,N/A
10.1109/COMPSAC.2011.87,N/A,N/A,N/A
10.1109/COMPSAC.2011.17,N/A,N/A,N/A
10.1109/COMPSAC.2011.89,N/A,N/A,N/A
10.1109/COMPSAC.2011.91,N/A,N/A,N/A
10.1145/1985793.1985801,N/A,N/A,N/A
10.1145/1985793.1985817,N/A,N/A,N/A
10.1145/1985793.1985832,N/A,N/A,N/A
10.1145/1985793.1985840,N/A,N/A,N/A
10.1145/1985793.1985850,N/A,N/A,N/A
10.1145/1985793.1985887,N/A,N/A,N/A
10.1145/1985793.1985889,N/A,N/A,N/A
10.1145/1985793.1985894,N/A,N/A,N/A
10.1145/1985793.1985902,N/A,N/A,N/A
10.1145/1985793.1985927,N/A,N/A,N/A
10.1145/1985793.1985951,N/A,N/A,N/A
10.1145/1985793.1985971,N/A,N/A,N/A
10.1145/1985793.1985977,N/A,N/A,N/A
10.1145/1985793.1986012,N/A,N/A,N/A
10.1145/1985793.1986022,N/A,N/A,N/A
10.1109/INDIN.2011.6035002,N/A,N/A,N/A
N/A,N/A,N/A,N/A
10.1109/DSD.2011.34,N/A,N/A,N/A
10.1109/DSD.2011.76,N/A,N/A,N/A
10.1109/DSD.2011.108,N/A,N/A,N/A
10.1109/ECBS-EERC.2011.43,N/A,N/A,N/A
10.1109/EDOCW.2011.9,N/A,N/A,N/A
10.1109/ICEMI.2011.6037965,N/A,N/A,N/A
10.1109/ICEMI.2011.6038005,N/A,N/A,N/A
10.1109/NCA.2011.33,N/A,N/A,N/A
10.1109/wicom.2011.6040059,N/A,N/A,N/A
10.1109/wicom.2011.6040328,N/A,N/A,N/A
10.1109/wicom.2011.6040617,N/A,N/A,N/A
10.1109/ICADIWT.2011.6041420,N/A,N/A,N/A
10.1109/ICSEng.2011.65,N/A,N/A,N/A
10.1109/NBiS.2011.89,N/A,N/A,N/A
10.1109/ASAP.2011.6043268,N/A,N/A,N/A
10.1109/ASAP.2011.6043278,N/A,N/A,N/A
10.1109/TSP.2011.6043659,N/A,N/A,N/A
10.1109/CCA.2011.6044434,N/A,N/A,N/A
10.1109/CCIS.2011.6045060,N/A,N/A,N/A
10.1109/MoDRE.2011.6045361,N/A,N/A,N/A
10.1109/MoDRE.2011.6045367,N/A,N/A,N/A
10.1109/ISIC.2011.6045395,N/A,N/A,N/A
10.1109/EmpiRE.2011.6046248,N/A,N/A,N/A
10.1109/EmpiRE.2011.6046249,N/A,N/A,N/A
10.1109/EmpiRE.2011.6046250,N/A,N/A,N/A
10.1109/EmpiRE.2011.6046257,N/A,N/A,N/A
10.1109/CEC.2011.11,N/A,N/A,N/A
10.1109/ICPPW.2011.26,N/A,N/A,N/A
10.1109/ICPP.2011.17,N/A,N/A,N/A
10.1109/IAMA.2011.6049007,N/A,N/A,N/A
10.1109/MESOCA.2011.6049034,N/A,N/A,N/A
N/A,N/A,N/A,N/A
10.1109/RE.2011.6051649,N/A,N/A,N/A
10.1109/RE.2011.6051653,N/A,N/A,N/A
10.1109/SOFE.2011.6052335,N/A,N/A,N/A
10.1109/ICECENG.2011.6057427,N/A,N/A,N/A
10.1109/ICECENG.2011.6057433,N/A,N/A,N/A
10.1109/AUTEST.2011.6058726,N/A,N/A,N/A
10.1109/AUTEST.2011.6058776,N/A,N/A,N/A
10.1109/AUTEST.2011.6058788,N/A,N/A,N/A
10.1109/ETFA.2011.6058987,N/A,N/A,N/A
10.1109/ETFA.2011.6059022,N/A,N/A,N/A
10.1109/CLUSTER.2011.15,N/A,N/A,N/A
10.1109/ECOWS.2011.33,N/A,N/A,N/A
10.1109/GreenCom.2011.18,N/A,N/A,N/A
10.1145/2039370.2039430,N/A,N/A,N/A
10.1109/SASO.2011.21,N/A,N/A,N/A
10.1109/SNPD.2011.44,N/A,N/A,N/A
10.1109/DEMPED.2011.6063609,N/A,N/A,N/A
N/A,N/A,N/A,N/A
N/A,N/A,N/A,N/A
N/A,N/A,N/A,N/A
10.1109/SBES.2011.23,N/A,N/A,N/A
10.1109/SBES.2011.42,N/A,N/A,N/A
10.1109/SBES.2011.39,N/A,N/A,N/A
10.1109/SBES.2011.21,N/A,N/A,N/A
10.1109/SBES.2011.27,N/A,N/A,N/A
10.1109/SCAM.2011.16,N/A,N/A,N/A
10.1109/SCAM.2011.9,N/A,N/A,N/A
10.1109/ICDAR.2011.66,N/A,N/A,N/A
10.1109/ICGSE-W.2011.35,N/A,N/A,N/A
10.1109/ICGSE-W.2011.32,N/A,N/A,N/A
10.1109/SERA.2011.38,N/A,N/A,N/A
10.1109/ICECC.2011.6066493,N/A,N/A,N/A
10.1109/SEAA.2011.19,N/A,N/A,N/A
10.1109/SEAA.2011.36,N/A,N/A,N/A
10.1109/VISSOF.2011.6069454,N/A,N/A,N/A
10.1109/EPEC.2011.6070187,N/A,N/A,N/A
10.1109/VLHCC.2011.6070407,N/A,N/A,N/A
10.1109/TCAD.2011.2166590,N/A,N/A,N/A
10.1109/IDAACS.2011.6072791,N/A,N/A,N/A
10.1109/IDAACS.2011.6072842,N/A,N/A,N/A
10.1109/ICCCT.2011.6075151,N/A,N/A,N/A
10.1109/CIMSim.2011.53,N/A,N/A,N/A
10.1109/FDTC.2011.20,N/A,N/A,N/A
10.1109/MASS.2011.92,N/A,N/A,N/A
10.1109/SRDS.2011.27,N/A,N/A,N/A
10.1109/SRDS.2011.31,N/A,N/A,N/A
N/A,N/A,N/A,N/A
N/A,N/A,N/A,N/A
N/A,N/A,N/A,N/A
10.1109/ICOS.2011.6079246,N/A,N/A,N/A
10.1109/IIHMSP.2011.46,N/A,N/A,N/A
10.1109/WCRE.2011.33,N/A,N/A,N/A
10.1109/WCRE.2011.36,N/A,N/A,N/A
10.1109/WCRE.2011.37,N/A,N/A,N/A
10.1109/WCRE.2011.55,N/A,N/A,N/A
10.1109/ICSM.2011.6080771,N/A,N/A,N/A
10.1109/ICSM.2011.6080774,N/A,N/A,N/A
10.1109/ICSM.2011.6080781,N/A,N/A,N/A
10.1109/ICSM.2011.6080785,N/A,N/A,N/A
10.1109/ICSM.2011.6080791,N/A,N/A,N/A
10.1109/ICSM.2011.6080792,N/A,N/A,N/A
10.1109/ICSM.2011.6080797,N/A,N/A,N/A
10.1109/ICSM.2011.6080803,N/A,N/A,N/A
10.1109/ICSM.2011.6080805,N/A,N/A,N/A
10.1109/ICSM.2011.6080806,N/A,N/A,N/A
10.1109/ICSM.2011.6080808,N/A,N/A,N/A
10.1109/ICSM.2011.6080812,N/A,N/A,N/A
10.1109/ICSM.2011.6080814,N/A,N/A,N/A
10.1109/ICSM.2011.6080831,N/A,N/A,N/A
10.1109/ICSM.2011.6080840,N/A,N/A,N/A
10.1109/ICCD.2011.6081441,N/A,N/A,N/A
10.1049/ic.2011.0013,N/A,N/A,N/A
10.1049/ic.2011.0018,N/A,N/A,N/A
10.1109/ICSMC.2011.6083658,N/A,N/A,N/A
10.1109/ICSMC.2011.6084038,N/A,N/A,N/A
10.1109/ICSMC.2011.6084055,N/A,N/A,N/A
10.1109/ICSMC.2011.6084089,N/A,N/A,N/A
10.1109/ICSDA.2011.6085978,N/A,N/A,N/A
10.1109/LARC.2011.6086852,N/A,N/A,N/A
10.1109/IWMN.2011.6088494,N/A,N/A,N/A
10.1109/SiPS.2011.6088951,N/A,N/A,N/A
10.1109/IEMBS.2011.6090284,N/A,N/A,N/A
10.1109/IEMBS.2011.6091522,N/A,N/A,N/A
10.1109/ICCPS.2011.6092258,N/A,N/A,N/A
10.1109/ICCPS.2011.6092260,N/A,N/A,N/A
10.1109/ESEM.2011.9,N/A,N/A,N/A
10.1109/ESEM.2011.11,N/A,N/A,N/A
10.1109/ESEM.2011.21,N/A,N/A,N/A
10.1109/ESEM.2011.30,N/A,N/A,N/A
10.1109/ESEM.2011.31,N/A,N/A,N/A
10.1109/ESEM.2011.33,N/A,N/A,N/A
10.1109/ESEM.2011.39,N/A,N/A,N/A
10.1109/ESEM.2011.52,N/A,N/A,N/A
10.1109/ESEM.2011.55,N/A,N/A,N/A
10.1109/ESEM.2011.64,N/A,N/A,N/A
10.1109/ICDIM.2011.6093330,N/A,N/A,N/A
10.1109/ASE.2011.6100052,N/A,N/A,N/A
10.1109/ASE.2011.6100058,N/A,N/A,N/A
10.1109/ASE.2011.6100084,N/A,N/A,N/A
10.1109/ASE.2011.6100087,N/A,N/A,N/A
10.1109/ASE.2011.6100094,N/A,N/A,N/A
10.1109/ASE.2011.6100126,N/A,N/A,N/A
10.1109/ASE.2011.6100129,N/A,N/A,N/A
10.1109/ASE.2011.6100144,N/A,N/A,N/A
10.1109/ASE.2011.6100152,N/A,N/A,N/A
10.1109/ASE.2011.6100153,N/A,N/A,N/A
10.1109/CISP.2011.6100553,N/A,N/A,N/A
10.1109/ICAT.2011.6102114,N/A,N/A,N/A
10.1109/MHS.2011.6102204,N/A,N/A,N/A
10.1109/TNSM.2011.120811.100033,N/A,N/A,N/A
10.1109/SIITME.2011.6102689,N/A,N/A,N/A
10.1109/ICTAI.2011.90,N/A,N/A,N/A
10.1109/ICTAI.2011.155,N/A,N/A,N/A
10.1109/ICTAI.2011.172,N/A,N/A,N/A
10.1109/ICEBE.2011.33,N/A,N/A,N/A
10.1109/SBAC-PAD.2011.22,N/A,N/A,N/A
N/A,N/A,N/A,N/A
10.23919/OCEANS.2011.6107095,N/A,N/A,N/A
10.1109/ICICI-BME.2011.6108592,N/A,N/A,N/A
10.1109/ICICI-BME.2011.6108603,N/A,N/A,N/A
10.1109/ISIEA.2011.6108767,N/A,N/A,N/A
10.1109/SafeConfig.2011.6111667,N/A,N/A,N/A
10.1109/SafeConfig.2011.6111669,N/A,N/A,N/A
10.1109/SafeConfig.2011.6111679,N/A,N/A,N/A
10.1109/IWSM-MENSURA.2011.30,N/A,N/A,N/A
10.1109/IWSM-MENSURA.2011.16,N/A,N/A,N/A
10.1109/IWSM-MENSURA.2011.12,N/A,N/A,N/A
10.1109/IWSM-MENSURA.2011.26,N/A,N/A,N/A
10.1109/IWSM-MENSURA.2011.44,N/A,N/A,N/A
10.1109/IWSM-MENSURA.2011.53,N/A,N/A,N/A
10.1109/IWSM-MENSURA.2011.34,N/A,N/A,N/A
10.1109/ICM.2011.244,N/A,N/A,N/A
10.1109/PACT.2011.25,N/A,N/A,N/A
10.1109/PACT.2011.60,N/A,N/A,N/A
10.1109/PACT.2011.68,N/A,N/A,N/A
10.1109/HASE.2011.58,N/A,N/A,N/A
10.1109/HASE.2011.11,N/A,N/A,N/A
10.1109/HASE.2011.20,N/A,N/A,N/A
10.1109/HASE.2011.64,N/A,N/A,N/A
10.1109/HLDVT.2011.6113983,N/A,N/A,N/A
10.1109/IISWC.2011.6114205,N/A,N/A,N/A
10.1145/2063384.2063443,N/A,N/A,N/A
10.1145/2063384.2063451,N/A,N/A,N/A
10.1109/SASOW.2011.8,N/A,N/A,N/A
10.1109/SBESC.2011.24,N/A,N/A,N/A
10.1109/LCN.2011.6115306,N/A,N/A,N/A
10.1109/VCIP.2011.6115954,N/A,N/A,N/A
10.1109/ICIP.2011.6116080,N/A,N/A,N/A
10.1109/ICIP.2011.6116204,N/A,N/A,N/A
10.1109/EWDTS.2011.6116420,N/A,N/A,N/A
10.1109/EWDTS.2011.6116425,N/A,N/A,N/A
10.1109/EWDTS.2011.6116429,N/A,N/A,N/A
10.1109/IEEM.2011.6117894,N/A,N/A,N/A
10.1109/DASC.2011.44,N/A,N/A,N/A
10.1109/WoSoCER.2011.9,N/A,N/A,N/A
10.1109/DASC.2011.120,N/A,N/A,N/A
10.1109/PDCAT.2011.9,N/A,N/A,N/A
10.1109/IECON.2011.6119572,N/A,N/A,N/A
10.1109/IECON.2011.6119750,N/A,N/A,N/A
10.1109/TAAI.2011.47,N/A,N/A,N/A
10.1109/TrustCom.2011.215,N/A,N/A,N/A
10.1109/GRC.2011.6122657,N/A,N/A,N/A
10.1109/ICIMU.2011.6122740,N/A,N/A,N/A
10.1109/ICIMU.2011.6122742,N/A,N/A,N/A
10.1109/ICEPE-ST.2011.6122986,N/A,N/A,N/A
10.1109/ICEPE-ST.2011.6123055,N/A,N/A,N/A
10.1109/WIFS.2011.6123124,N/A,N/A,N/A
10.1109/ISM.2011.21,N/A,N/A,N/A
10.1109/ISM.2011.30,N/A,N/A,N/A
10.1109/NCCA.2011.22,N/A,N/A,N/A
10.1109/UCC.2011.58,N/A,N/A,N/A
N/A,N/A,N/A,N/A
N/A,N/A,N/A,N/A
10.1109/AICCSA.2011.6126605,N/A,N/A,N/A
10.1109/MILCOM.2011.6127482,N/A,N/A,N/A
10.1109/MILCOM.2011.6127514,N/A,N/A,N/A
10.1109/MILCOM.2011.6127528,N/A,N/A,N/A
10.1109/APSCC.2011.46,N/A,N/A,N/A
10.1109/CIS.2011.80,N/A,N/A,N/A
10.1109/EPQU.2011.6128821,N/A,N/A,N/A
10.1109/EPQU.2011.6128831,N/A,N/A,N/A
10.1109/TENCON.2011.6129116,N/A,N/A,N/A
10.1109/ICA.2011.6130154,N/A,N/A,N/A
10.1109/APSEC.2011.22,N/A,N/A,N/A
10.1109/APSEC.2011.25,N/A,N/A,N/A
10.1109/APSEC.2011.58,N/A,N/A,N/A
10.1109/APSEC.2011.34,N/A,N/A,N/A
10.1109/eScienceW.2011.31,N/A,N/A,N/A
10.1109/EMS.2011.77,N/A,N/A,N/A
10.1109/RADECS.2011.6131362,N/A,N/A,N/A
10.1109/RADECS.2011.6131417,N/A,N/A,N/A
10.1109/ISICir.2011.6131959,N/A,N/A,N/A
10.1109/FPT.2011.6132716,N/A,N/A,N/A
10.1109/INCoS.2011.148,N/A,N/A,N/A
10.1109/ISSRE.2011.35,N/A,N/A,N/A
10.1109/ISSRE.2011.34,N/A,N/A,N/A
10.1109/ISSRE.2011.14,N/A,N/A,N/A
10.1109/ISSRE.2011.25,N/A,N/A,N/A
10.1109/ISSRE.2011.29,N/A,N/A,N/A
10.1109/PRDC.2011.10,N/A,N/A,N/A
10.1109/PRDC.2011.13,N/A,N/A,N/A
10.1109/PRDC.2011.20,N/A,N/A,N/A
10.1109/PRDC.2011.51,N/A,N/A,N/A
10.1109/CloudCom.2011.28,N/A,N/A,N/A
10.1109/CloudCom.2011.30,N/A,N/A,N/A
10.1109/CloudCom.2011.84,N/A,N/A,N/A
10.1109/FITCE.2011.6133422,N/A,N/A,N/A
10.1109/FITCE.2011.6133444,N/A,N/A,N/A
10.1109/GLOCOM.2011.6133765,N/A,N/A,N/A
10.1109/ISDRS.2011.6135142,N/A,N/A,N/A
10.1049/cp.2011.0121,N/A,N/A,N/A
10.1109/NatPC.2011.6136324,N/A,N/A,N/A
10.1109/DASIP.2011.6136904,N/A,N/A,N/A
10.1109/FIT.2011.57,N/A,N/A,N/A
10.1109/ICDM.2011.25,N/A,N/A,N/A
10.1109/ICeEEM.2011.6137821,N/A,N/A,N/A
10.1109/ICCA.2011.6137995,N/A,N/A,N/A
10.1109/CSC.2011.6138540,N/A,N/A,N/A
10.1109/TEST.2011.6139154,N/A,N/A,N/A
10.1109/INDCON.2011.6139390,N/A,N/A,N/A
10.1109/INDCON.2011.6139530,N/A,N/A,N/A
10.1109/INDCON.2011.6139583,N/A,N/A,N/A
N/A,N/A,N/A,N/A
10.1109/MySEC.2011.6140641,N/A,N/A,N/A
10.1109/MySEC.2011.6140677,N/A,N/A,N/A
10.1109/MySEC.2011.6140679,N/A,N/A,N/A
10.1109/MySEC.2011.6140681,N/A,N/A,N/A
10.1109/MySEC.2011.6140685,N/A,N/A,N/A
10.1109/ICCES.2011.6141046,N/A,N/A,N/A
10.1109/WICT.2011.6141286,N/A,N/A,N/A
10.1109/WICT.2011.6141344,N/A,N/A,N/A
10.1109/WoSAR.2011.12,N/A,N/A,N/A
10.1109/TELFOR.2011.6143798,N/A,N/A,N/A
10.1109/TELFOR.2011.6143854,N/A,N/A,N/A
10.1109/ASEMD.2011.6145096,N/A,N/A,N/A
10.1109/SEW.2011.20,N/A,N/A,N/A
10.1109/SEW.2011.26,N/A,N/A,N/A
10.1109/ICMLA.2011.69,N/A,N/A,N/A
10.1109/SII.2011.6147546,N/A,N/A,N/A
10.1109/CIST.2011.6148589,N/A,N/A,N/A
10.1109/DeSE.2011.22,N/A,N/A,N/A
10.1109/SSNE.2011.31,N/A,N/A,N/A
10.1109/INMIC.2011.6151467,N/A,N/A,N/A
10.1109/INMIC.2011.6151487,N/A,N/A,N/A
10.1109/NSSMIC.2011.6152506,N/A,N/A,N/A
10.1109/NSSMIC.2011.6152613,N/A,N/A,N/A
10.1109/NSSMIC.2011.6152666,N/A,N/A,N/A
10.1109/NUiConE.2011.6153311,N/A,N/A,N/A
10.1109/NSSMIC.2011.6153671,N/A,N/A,N/A
10.1109/NSSMIC.2011.6153750,N/A,N/A,N/A
10.1109/NSSMIC.2011.6153752,N/A,N/A,N/A
10.1109/IMCCC.2011.216,N/A,N/A,N/A
10.1109/IMCCC.2011.245,N/A,N/A,N/A
10.1109/ICPES.2011.6156675,N/A,N/A,N/A
10.1109/ICCT.2011.6157878,N/A,N/A,N/A
10.1049/cp.2011.0510,N/A,N/A,N/A
10.1109/ISGTEurope.2011.6162785,N/A,N/A,N/A
N/A,N/A,N/A,N/A
10.1109/ICCITechn.2011.6164775,N/A,N/A,N/A
10.1109/ICCITechn.2011.6164838,N/A,N/A,N/A
10.1109/SOCA.2011.6166256,N/A,N/A,N/A
10.1109/ICONSET.2011.6168035,N/A,N/A,N/A
10.1109/ICBME.2011.6168539,N/A,N/A,N/A
10.1109/UCMA.2011.31,N/A,N/A,N/A
10.1109/SKIMA.2011.6174521,N/A,N/A,N/A
10.1109/APAP.2011.6180416,N/A,N/A,N/A
10.1109/APAP.2011.6180471,N/A,N/A,N/A
10.1109/APAP.2011.6180748,N/A,N/A,N/A
10.1109/ICCSNT.2011.6181971,N/A,N/A,N/A
10.1109/ICCSNT.2011.6181985,N/A,N/A,N/A
10.1109/EPTC.2011.6184479,N/A,N/A,N/A
10.1109/OSSC.2011.6184696,N/A,N/A,N/A
10.1109/CEE-SECR.2011.6188462,N/A,N/A,N/A
10.1109/TMEE.2011.6199386,N/A,N/A,N/A
10.1109/TMEE.2011.6199608,N/A,N/A,N/A
10.1109/TMEE.2011.6199675,N/A,N/A,N/A
10.1145/2000064.2000089,N/A,N/A,N/A
10.1002/bltj.20528,N/A,N/A,N/A
N/A,N/A,N/A,N/A
10.5594/j18005XY,N/A,N/A,N/A
N/A,N/A,N/A,N/A
N/A,N/A,N/A,N/A
N/A,N/A,N/A,N/A
N/A,N/A,N/A,N/A
10.1109/TC.2010.215,N/A,N/A,N/A
10.1109/TSE.2011.26,N/A,N/A,N/A
10.1109/TSE.2011.28,N/A,N/A,N/A
10.1109/JSEN.2011.2147303,N/A,N/A,N/A
10.1109/TVLSI.2011.2142407,N/A,N/A,N/A
10.1109/TSMCC.2011.2118751,N/A,N/A,N/A
10.1109/TMECH.2011.2142400,N/A,N/A,N/A
10.1109/MS.2011.91,N/A,N/A,N/A
10.1109/TKDE.2011.163,N/A,N/A,N/A
10.1109/TSC.2011.44,N/A,N/A,N/A
10.1109/TSE.2011.80,N/A,N/A,N/A
10.1109/TPDS.2011.218,N/A,N/A,N/A
10.1109/TPDS.2011.221,N/A,N/A,N/A
10.1109/TSE.2011.85,N/A,N/A,N/A
10.1109/TSE.2011.88,N/A,N/A,N/A
10.1109/TSE.2011.90,N/A,N/A,N/A
10.1109/TSE.2011.93,N/A,N/A,N/A
10.1109/TC.2011.188,N/A,N/A,N/A
10.1109/TSE.2011.102,N/A,N/A,N/A
10.1109/TVCG.2011.266,N/A,N/A,N/A
10.1109/TASC.2011.2176897,N/A,N/A,N/A
10.1109/TPWRD.2011.2174067,N/A,N/A,N/A
10.1109/TPDS.2011.306,N/A,N/A,N/A
10.1109/TBME.2011.2181167,N/A,N/A,N/A
10.1109/TPDS.2011.309,N/A,N/A,N/A
10.1109/TPAMI.2011.161,N/A,N/A,N/A
N/A,N/A,N/A,N/A
10.1109/HICSS.2012.47,N/A,N/A,N/A
10.1109/TII.2012.2187913,N/A,N/A,N/A
10.1109/ICTKE.2012.6152388,N/A,N/A,N/A
10.1109/MS.2012.43,N/A,N/A,N/A
10.1109/TR.2012.2183912,N/A,N/A,N/A
10.1109/TR.2012.2183910,N/A,N/A,N/A
10.1109/ASPDAC.2012.6164941,N/A,N/A,N/A
10.1109/ACCT.2012.27,N/A,N/A,N/A
10.1109/ACCT.2012.1,N/A,N/A,N/A
10.1109/ACCT.2012.54,N/A,N/A,N/A
10.1109/PDP.2012.11,N/A,N/A,N/A
10.1109/ISMS.2012.48,N/A,N/A,N/A
10.1109/TCAD.2011.2179038,N/A,N/A,N/A
10.1109/TASC.2012.2191631,N/A,N/A,N/A
10.1109/RAMS.2012.6175441,N/A,N/A,N/A
10.1109/RAMS.2012.6175444,N/A,N/A,N/A
10.1109/RAMS.2012.6175459,N/A,N/A,N/A
10.1109/DATE.2012.6176424,N/A,N/A,N/A
10.1109/DATE.2012.6176506,N/A,N/A,N/A
10.1109/DATE.2012.6176660,N/A,N/A,N/A
10.1109/CDCIEM.2012.88,N/A,N/A,N/A
10.1109/CSMR.2012.20,N/A,N/A,N/A
10.1109/CSMR.2012.23,N/A,N/A,N/A
10.1109/CSMR.2012.30,N/A,N/A,N/A
10.1109/CSMR.2012.47,N/A,N/A,N/A
10.1109/CSMR.2012.52,N/A,N/A,N/A
10.1109/CSMR.2012.89,N/A,N/A,N/A
10.1109/CSMR.2012.57,N/A,N/A,N/A
10.1109/JSEN.2012.2194281,N/A,N/A,N/A
10.1109/SCEECS.2012.6184779,N/A,N/A,N/A
10.1109/SCEECS.2012.6184832,N/A,N/A,N/A
10.1109/TCAD.2011.2181848,N/A,N/A,N/A
10.1109/AERO.2012.6187245,N/A,N/A,N/A
10.1109/AERO.2012.6187319,N/A,N/A,N/A
10.1109/ICCSEE.2012.213,N/A,N/A,N/A
N/A,N/A,N/A,N/A
10.1109/ISPASS.2012.6189227,N/A,N/A,N/A
10.1109/ISBAST.2012.18,N/A,N/A,N/A
10.1109/TE.2012.2195182,N/A,N/A,N/A
10.1109/TSG.2012.2185857,N/A,N/A,N/A
N/A,N/A,N/A,N/A
10.1109/CSPA.2012.6194761,N/A,N/A,N/A
10.1109/ECBS.2012.47,N/A,N/A,N/A
10.1109/INFCOM.2012.6195831,N/A,N/A,N/A
10.1109/ISORC.2012.30,N/A,N/A,N/A
10.1109/ISORCW.2012.19,N/A,N/A,N/A
10.1109/MELCON.2012.6196544,N/A,N/A,N/A
10.1109/SECon.2012.6197000,N/A,N/A,N/A
10.1109/ICCPS.2012.18,N/A,N/A,N/A
10.1109/PerComW.2012.6197471,N/A,N/A,N/A
10.1109/SSD.2012.6198042,N/A,N/A,N/A
N/A,N/A,N/A,N/A
10.1109/ISORCW.2012.34,N/A,N/A,N/A
10.1109/ICB.2012.6199773,N/A,N/A,N/A
10.1109/ICST.2012.106,N/A,N/A,N/A
10.1109/ICST.2012.110,N/A,N/A,N/A
10.1109/ICST.2012.114,N/A,N/A,N/A
10.1109/ICST.2012.80,N/A,N/A,N/A
10.1109/ICST.2012.83,N/A,N/A,N/A
10.1109/ICST.2012.84,N/A,N/A,N/A
10.1109/ICST.2012.85,N/A,N/A,N/A
10.1109/ICST.2012.87,N/A,N/A,N/A
10.1109/ICST.2012.97,N/A,N/A,N/A
10.1109/ICST.2012.98,N/A,N/A,N/A
10.1109/ICST.2012.198,N/A,N/A,N/A
10.1109/ICST.2012.117,N/A,N/A,N/A
10.1109/ICST.2012.119,N/A,N/A,N/A
10.1109/ICST.2012.123,N/A,N/A,N/A
10.1109/ICST.2012.128,N/A,N/A,N/A
10.1109/ICST.2012.130,N/A,N/A,N/A
10.1109/ICST.2012.134,N/A,N/A,N/A
10.1109/ICST.2012.140,N/A,N/A,N/A
10.1109/ICST.2012.154,N/A,N/A,N/A
10.1109/ICST.2012.163,N/A,N/A,N/A
10.1109/ICST.2012.169,N/A,N/A,N/A
10.1109/ICST.2012.185,N/A,N/A,N/A
N/A,N/A,N/A,N/A
10.1109/CSNT.2012.203,N/A,N/A,N/A
10.1109/CECNet.2012.6202018,N/A,N/A,N/A
10.1109/CECNet.2012.6202066,N/A,N/A,N/A
10.1109/ISMICT.2012.6203056,N/A,N/A,N/A
10.1109/TPC.2012.2194600,N/A,N/A,N/A
10.1109/EuCAP.2012.6206494,N/A,N/A,N/A
10.1109/ICRTIT.2012.6206835,N/A,N/A,N/A
10.1109/INNOVATIONS.2012.6207747,N/A,N/A,N/A
10.1109/ICPRIME.2012.6208376,N/A,N/A,N/A
10.1109/ITNG.2012.172,N/A,N/A,N/A
10.1109/ITNG.2012.98,N/A,N/A,N/A
10.1109/NOCS.2012.22,N/A,N/A,N/A
10.1109/ICIT.2012.6209958,N/A,N/A,N/A
10.1109/ICIT.2012.6210026,N/A,N/A,N/A
10.1109/ICIT.2012.6210054,N/A,N/A,N/A
10.1109/TPWRD.2012.2196294,N/A,N/A,N/A
N/A,N/A,N/A,N/A
10.1109/ICIS.2012.25,N/A,N/A,N/A
10.1109/NOMS.2012.6211914,N/A,N/A,N/A
10.1109/NOMS.2012.6211979,N/A,N/A,N/A
10.1109/RACSS.2012.6212673,N/A,N/A,N/A
10.1109/RACSS.2012.6212686,N/A,N/A,N/A
10.1109/RACSS.2012.6212717,N/A,N/A,N/A
10.1109/WCNC.2012.6214067,N/A,N/A,N/A
10.1109/EDCC.2012.18,N/A,N/A,N/A
10.1109/EDCC.2012.29,N/A,N/A,N/A
10.1109/EDCC.2012.12,N/A,N/A,N/A
10.1109/EDCC.2012.30,N/A,N/A,N/A
10.1109/ISMA.2012.6215196,N/A,N/A,N/A
10.1109/DICTAP.2012.6215366,N/A,N/A,N/A
10.1109/DICTAP.2012.6215397,N/A,N/A,N/A
N/A,N/A,N/A,N/A
N/A,N/A,N/A,N/A
N/A,N/A,N/A,N/A
N/A,N/A,N/A,N/A
10.1109/TST.2012.6216758,N/A,N/A,N/A
10.1109/CCGrid.2012.101,N/A,N/A,N/A
10.1109/CCGrid.2012.24,N/A,N/A,N/A
10.1109/CCGrid.2012.28,N/A,N/A,N/A
10.1109/CCGrid.2012.66,N/A,N/A,N/A
10.1109/CCGrid.2012.117,N/A,N/A,N/A
10.1109/TPWRD.2012.2197869,N/A,N/A,N/A
10.1109/DDECS.2012.6219080,N/A,N/A,N/A
10.1109/CITS.2012.6220379,N/A,N/A,N/A
10.1109/EIT.2012.6220696,N/A,N/A,N/A
10.1109/EIT.2012.6220736,N/A,N/A,N/A
10.1109/EEEIC.2012.6221458,N/A,N/A,N/A
10.1109/EEEIC.2012.6221468,N/A,N/A,N/A
10.1109/EEEIC.2012.6221511,N/A,N/A,N/A
10.1109/EEEIC.2012.6221551,N/A,N/A,N/A
10.1109/EEEIC.2012.6221565,N/A,N/A,N/A
10.1109/CSCWD.2012.6221802,N/A,N/A,N/A
10.1109/ISCI.2012.6222671,N/A,N/A,N/A
10.1109/CHASE.2012.6223014,N/A,N/A,N/A
10.1109/ICSAI.2012.6223065,N/A,N/A,N/A
10.1109/LISAT.2012.6223204,N/A,N/A,N/A
10.1109/ICSAI.2012.6223339,N/A,N/A,N/A
10.1109/ICSAI.2012.6223356,N/A,N/A,N/A
10.1109/MSR.2012.6224274,N/A,N/A,N/A
10.1109/MSR.2012.6224279,N/A,N/A,N/A
10.1109/MSR.2012.6224280,N/A,N/A,N/A
10.1109/MSR.2012.6224283,N/A,N/A,N/A
10.1109/MSR.2012.6224284,N/A,N/A,N/A
10.1109/MSR.2012.6224286,N/A,N/A,N/A
10.1109/MSR.2012.6224288,N/A,N/A,N/A
10.1109/MSR.2012.6224299,N/A,N/A,N/A
10.1109/MSR.2012.6224300,N/A,N/A,N/A
10.1109/MSR.2012.6224301,N/A,N/A,N/A
10.1109/MSR.2012.6224305,N/A,N/A,N/A
10.1109/ISPCC.2012.6224381,N/A,N/A,N/A
10.1109/SEAMS.2012.6224391,N/A,N/A,N/A
10.1109/SEAMS.2012.6224397,N/A,N/A,N/A
10.1109/ICRA.2012.6225311,N/A,N/A,N/A
10.1109/SEES.2012.6225489,N/A,N/A,N/A
10.1109/S-Cube.2012.6225501,N/A,N/A,N/A
10.1109/S-Cube.2012.6225511,N/A,N/A,N/A
10.1109/PESOS.2012.6225934,N/A,N/A,N/A
10.1109/ICSSP.2012.6225962,N/A,N/A,N/A
10.1109/ICSSP.2012.6225978,N/A,N/A,N/A
10.1109/MTD.2012.6225993,N/A,N/A,N/A
10.1109/MISE.2012.6226009,N/A,N/A,N/A
10.1109/MISE.2012.6226010,N/A,N/A,N/A
10.1109/USER.2012.6226573,N/A,N/A,N/A
10.1109/USER.2012.6226578,N/A,N/A,N/A
10.1109/USER.2012.6226581,N/A,N/A,N/A
10.1109/WEH.2012.6226593,N/A,N/A,N/A
10.1109/WEH.2012.6226595,N/A,N/A,N/A
10.1109/HotSWUp.2012.6226613,N/A,N/A,N/A
10.1109/WETSoM.2012.6226985,N/A,N/A,N/A
10.1109/WETSoM.2012.6226987,N/A,N/A,N/A
10.1109/SEHC.2012.6227003,N/A,N/A,N/A
10.1109/ICSE.2012.6227054,N/A,N/A,N/A
10.1109/ICSE.2012.6227063,N/A,N/A,N/A
10.1109/ICSE.2012.6227075,N/A,N/A,N/A
10.1109/ICSE.2012.6227079,N/A,N/A,N/A
10.1109/ICSE.2012.6227084,N/A,N/A,N/A
10.1109/ICSE.2012.6227096,N/A,N/A,N/A
10.1109/ICSE.2012.6227099,N/A,N/A,N/A
10.1109/ICSE.2012.6227114,N/A,N/A,N/A
10.1109/ICSE.2012.6227153,N/A,N/A,N/A
10.1109/ICSE.2012.6227157,N/A,N/A,N/A
10.1109/ICSE.2012.6227171,N/A,N/A,N/A
10.1109/ICSE.2012.6227173,N/A,N/A,N/A
10.1109/ICSE.2012.6227179,N/A,N/A,N/A
10.1109/ICSE.2012.6227180,N/A,N/A,N/A
10.1109/ICSE.2012.6227192,N/A,N/A,N/A
10.1109/ICSE.2012.6227202,N/A,N/A,N/A
10.1109/ICSE.2012.6227234,N/A,N/A,N/A
10.1049/cp.2012.0123,N/A,N/A,N/A
10.1049/cp.2012.0126,N/A,N/A,N/A
10.1109/IWSC.2012.6227865,N/A,N/A,N/A
10.1109/IWSC.2012.6227878,N/A,N/A,N/A
10.1109/DEST.2012.6227906,N/A,N/A,N/A
10.1109/RAISE.2012.6227962,N/A,N/A,N/A
10.1109/RAISE.2012.6227969,N/A,N/A,N/A
10.1109/IS3C.2012.226,N/A,N/A,N/A
10.1109/PHM.2012.6228796,N/A,N/A,N/A
10.1109/PHM.2012.6228902,N/A,N/A,N/A
10.1109/PHM.2012.6228917,N/A,N/A,N/A
10.1109/IWAST.2012.6228980,N/A,N/A,N/A
10.1109/IWAST.2012.6228984,N/A,N/A,N/A
10.1109/IWAST.2012.6228995,N/A,N/A,N/A
10.1109/IWAST.2012.6228996,N/A,N/A,N/A
10.1109/IWAST.2012.6228997,N/A,N/A,N/A
10.1109/I2MTC.2012.6229115,N/A,N/A,N/A
10.1109/FormSERA.2012.6229788,N/A,N/A,N/A
N/A,N/A,N/A,N/A
10.1109/PEOCO.2012.6230850,N/A,N/A,N/A
10.1109/PEOCO.2012.6230897,N/A,N/A,N/A
10.1109/VTS.2012.6231068,N/A,N/A,N/A
10.1109/IVS.2012.6232111,N/A,N/A,N/A
10.1109/ETS.2012.6233004,N/A,N/A,N/A
10.1109/ETS.2012.6233042,N/A,N/A,N/A
10.1109/RSSE.2012.6233400,N/A,N/A,N/A
10.1109/FSKD.2012.6233934,N/A,N/A,N/A
10.1109/ICNC.2012.6234528,N/A,N/A,N/A
10.1109/TNS.2012.2201750,N/A,N/A,N/A
10.1109/TPWRD.2012.2202405,N/A,N/A,N/A
N/A,N/A,N/A,N/A
10.1109/ISIE.2012.6237264,N/A,N/A,N/A
10.1109/AQTR.2012.6237703,N/A,N/A,N/A
10.1109/AQTR.2012.6237722,N/A,N/A,N/A
10.1109/AQTR.2012.6237734,N/A,N/A,N/A
10.1109/AQTR.2012.6237736,N/A,N/A,N/A
10.1109/AQTR.2012.6237746,N/A,N/A,N/A
10.1109/AQTR.2012.6237785,N/A,N/A,N/A
10.1109/MMWCST.2012.6238184,N/A,N/A,N/A
10.1109/FCCM.2012.41,N/A,N/A,N/A
10.1109/RCIS.2012.6240423,N/A,N/A,N/A
10.1109/ICPC.2012.6240486,N/A,N/A,N/A
10.1109/ICPC.2012.6240487,N/A,N/A,N/A
10.1109/ICPC.2012.6240502,N/A,N/A,N/A
N/A,N/A,N/A,N/A
N/A,N/A,N/A,N/A
10.1145/2228360.2228524,N/A,N/A,N/A
10.1109/CCDC.2012.6244025,N/A,N/A,N/A
10.1109/CCDC.2012.6244567,N/A,N/A,N/A
10.1109/iCBEB.2012.127,N/A,N/A,N/A
10.1109/CISIS.2012.114,N/A,N/A,N/A
10.1109/CISIS.2012.157,N/A,N/A,N/A
10.1109/CISIS.2012.12,N/A,N/A,N/A
10.1109/CISIS.2012.187,N/A,N/A,N/A
10.1109/CISIS.2012.62,N/A,N/A,N/A
10.1109/CISIS.2012.38,N/A,N/A,N/A
10.1109/CISIS.2012.142,N/A,N/A,N/A
10.1109/CyberSec.2012.6246125,N/A,N/A,N/A
10.1109/CyberSec.2012.6246129,N/A,N/A,N/A
10.1109/ICQR2MSE.2012.6246225,N/A,N/A,N/A
10.1109/ICQR2MSE.2012.6246299,N/A,N/A,N/A
10.1109/ICQR2MSE.2012.6246308,N/A,N/A,N/A
10.1109/ICQR2MSE.2012.6246321,N/A,N/A,N/A
10.1109/ICQR2MSE.2012.6246424,N/A,N/A,N/A
10.1109/ISCC.2012.6249361,N/A,N/A,N/A
10.1109/INES.2012.6249814,N/A,N/A,N/A
10.1109/ELINSL.2012.6251520,N/A,N/A,N/A
10.1109/TNS.2012.2204775,N/A,N/A,N/A
10.1109/CLOUD.2012.98,N/A,N/A,N/A
10.1109/CLOUD.2012.143,N/A,N/A,N/A
10.1109/ECTICon.2012.6254190,N/A,N/A,N/A
10.1109/ECTICon.2012.6254253,N/A,N/A,N/A
10.1109/ECTICon.2012.6254364,N/A,N/A,N/A
10.1109/ICGPR.2012.6254915,N/A,N/A,N/A
10.1109/ICGPR.2012.6254966,N/A,N/A,N/A
10.1109/ICGPR.2012.6254979,N/A,N/A,N/A
10.1109/CEC.2012.6256139,N/A,N/A,N/A
10.1109/PQ.2012.6256197,N/A,N/A,N/A
10.1109/PQ.2012.6256228,N/A,N/A,N/A
10.1109/ICWS.2012.17,N/A,N/A,N/A
10.1109/ICWS.2012.38,N/A,N/A,N/A
10.1109/ICWS.2012.61,N/A,N/A,N/A
10.1109/ICWS.2012.28,N/A,N/A,N/A
10.1109/SERE.2012.29,N/A,N/A,N/A
10.1109/SERE.2012.32,N/A,N/A,N/A
10.1109/SERE.2012.38,N/A,N/A,N/A
10.1109/SERE-C.2012.23,N/A,N/A,N/A
10.1109/SERE-C.2012.36,N/A,N/A,N/A
10.1109/SERE-C.2012.14,N/A,N/A,N/A
N/A,N/A,N/A,N/A
10.1109/LATW.2012.6261231,N/A,N/A,N/A
10.1109/LATW.2012.6261264,N/A,N/A,N/A
N/A,N/A,N/A,N/A
10.1109/JCSSE.2012.6261917,N/A,N/A,N/A
10.1109/JCSSE.2012.6261921,N/A,N/A,N/A
10.1109/JCSSE.2012.6261971,N/A,N/A,N/A
N/A,N/A,N/A,N/A
N/A,N/A,N/A,N/A
10.1109/OCEANS-Yeosu.2012.6263432,N/A,N/A,N/A
10.1109/DSN.2012.6263926,N/A,N/A,N/A
10.1109/DSN.2012.6263959,N/A,N/A,N/A
10.1109/SPEEDAM.2012.6264479,N/A,N/A,N/A
10.1109/DSNW.2012.6264678,N/A,N/A,N/A
10.1109/DSNW.2012.6264691,N/A,N/A,N/A
10.1109/WTS.2012.6266145,N/A,N/A,N/A
10.1109/CBMS.2012.6266397,N/A,N/A,N/A
10.1109/IPDPS.2012.107,N/A,N/A,N/A
10.1109/ICALT.2012.25,N/A,N/A,N/A
N/A,N/A,N/A,N/A
10.1109/TePRA.2012.6269387,N/A,N/A,N/A
10.1109/ICSESS.2012.6269400,N/A,N/A,N/A
10.1109/ICSESS.2012.6269509,N/A,N/A,N/A
10.1109/ICSESS.2012.6269563,N/A,N/A,N/A
10.1109/TASE.2012.10,N/A,N/A,N/A
10.1109/TASE.2012.18,N/A,N/A,N/A
10.1109/SOPO.2012.6270455,N/A,N/A,N/A
10.1109/IPDPSW.2012.68,N/A,N/A,N/A
10.1109/IPDPSW.2012.139,N/A,N/A,N/A
10.1109/IPDPSW.2012.229,N/A,N/A,N/A
10.1109/SOPO.2012.6271069,N/A,N/A,N/A
10.1109/SOPO.2012.6271078,N/A,N/A,N/A
10.1109/ICCCE.2012.6271185,N/A,N/A,N/A
10.1109/ISCAS.2012.6271969,N/A,N/A,N/A
10.1109/ISCAS.2012.6272139,N/A,N/A,N/A
10.1049/ic.2012.0001,N/A,N/A,N/A
10.1049/ic.2012.0002,N/A,N/A,N/A
10.1049/ic.2012.0019,N/A,N/A,N/A
10.1049/ic.2012.0024,N/A,N/A,N/A
10.1049/ic.2012.0033,N/A,N/A,N/A
10.1049/ic.2012.0035,N/A,N/A,N/A
10.1109/CSAE.2012.6272628,N/A,N/A,N/A
10.1109/CSAE.2012.6272682,N/A,N/A,N/A
10.1109/MIC.2012.6273398,N/A,N/A,N/A
N/A,N/A,N/A,N/A
10.1109/SERVICES.2012.31,N/A,N/A,N/A
10.1109/SCC.2012.33,N/A,N/A,N/A
10.1109/SCC.2012.59,N/A,N/A,N/A
10.1109/MESA.2012.6275569,N/A,N/A,N/A
10.1109/MESA.2012.6275570,N/A,N/A,N/A
10.1109/ISPA.2012.55,N/A,N/A,N/A
10.1109/TDC.2012.6281582,N/A,N/A,N/A
10.1109/ISI.2012.6284145,N/A,N/A,N/A
10.1109/ICMA.2012.6285729,N/A,N/A,N/A
10.1109/NAFIPS.2012.6291044,N/A,N/A,N/A
10.1109/CISDA.2012.6291538,N/A,N/A,N/A
10.1109/MEMCOD.2012.6292298,N/A,N/A,N/A
10.1109/IranianCEE.2012.6292482,N/A,N/A,N/A
10.1109/CSNDSP.2012.6292681,N/A,N/A,N/A
10.1109/ICCSE.2012.6295085,N/A,N/A,N/A
10.1109/ICCSE.2012.6295359,N/A,N/A,N/A
10.1109/ICCSE.2012.6295417,N/A,N/A,N/A
10.1109/IMIS.2012.188,N/A,N/A,N/A
10.1109/IMIS.2012.187,N/A,N/A,N/A
10.1109/IMIS.2012.18,N/A,N/A,N/A
10.1109/ICCISci.2012.6297114,N/A,N/A,N/A
10.1109/ICCISci.2012.6297164,N/A,N/A,N/A
10.1109/PST.2012.6297926,N/A,N/A,N/A
10.1109/ICME.2012.180,N/A,N/A,N/A
10.1109/SNPD.2012.35,N/A,N/A,N/A
10.1109/SNPD.2012.41,N/A,N/A,N/A
10.1109/SNPD.2012.76,N/A,N/A,N/A
10.1109/SNPD.2012.34,N/A,N/A,N/A
10.1109/KSE.2012.25,N/A,N/A,N/A
10.1049/cp.2012.0816,N/A,N/A,N/A
10.1109/IRI.2012.6303056,N/A,N/A,N/A
N/A,N/A,N/A,N/A
10.1109/EnergyTech.2012.6304669,N/A,N/A,N/A
10.1109/ISCE.2012.6305105,N/A,N/A,N/A
10.1109/AICERA.2012.6306706,N/A,N/A,N/A
10.1109/APPEEC.2012.6307123,N/A,N/A,N/A
10.1109/APPEEC.2012.6307333,N/A,N/A,N/A
10.1109/ICAL.2012.6308233,N/A,N/A,N/A
10.1109/CSIP.2012.6308831,N/A,N/A,N/A
10.1109/CSIP.2012.6308965,N/A,N/A,N/A
10.1109/SRII.2012.37,N/A,N/A,N/A
10.1109/TCE.2012.6311337,N/A,N/A,N/A
10.1109/IOLTS.2012.6313855,N/A,N/A,N/A
10.1109/PVSC.2012.6317616,N/A,N/A,N/A
10.1109/ICPADM.2012.6318904,N/A,N/A,N/A
10.1109/ICPADM.2012.6318975,N/A,N/A,N/A
10.1109/QSIC.2012.19,N/A,N/A,N/A
10.1109/QSIC.2012.58,N/A,N/A,N/A
10.1109/QSIC.2012.20,N/A,N/A,N/A
10.1109/QSIC.2012.41,N/A,N/A,N/A
10.1109/QSIC.2012.43,N/A,N/A,N/A
10.1109/QSIC.2012.37,N/A,N/A,N/A
10.1109/QSIC.2012.62,N/A,N/A,N/A
10.1109/ACQED.2012.6320491,N/A,N/A,N/A
10.1109/WSE.2012.6320532,N/A,N/A,N/A
10.1109/ReCoSoC.2012.6322907,N/A,N/A,N/A
10.1109/ICASID.2012.6325323,N/A,N/A,N/A
10.1109/NGMAST.2012.50,N/A,N/A,N/A
10.1109/SEAA.2012.38,N/A,N/A,N/A
10.1109/SEAA.2012.40,N/A,N/A,N/A
10.1109/SEAA.2012.17,N/A,N/A,N/A
10.1109/SEAA.2012.35,N/A,N/A,N/A
10.1109/SEAA.2012.42,N/A,N/A,N/A
10.1109/SEAA.2012.29,N/A,N/A,N/A
10.1109/SEAA.2012.63,N/A,N/A,N/A
10.1109/SEAA.2012.30,N/A,N/A,N/A
10.1109/ICEAA.2012.6328686,N/A,N/A,N/A
N/A,N/A,N/A,N/A
10.1109/ARES.2012.57,N/A,N/A,N/A
10.1109/ARES.2012.10,N/A,N/A,N/A
10.1109/ARES.2012.24,N/A,N/A,N/A
N/A,N/A,N/A,N/A
10.1109/UIC-ATC.2012.137,N/A,N/A,N/A
10.1109/UIC-ATC.2012.118,N/A,N/A,N/A
10.1109/HPCC.2012.49,N/A,N/A,N/A
10.1109/HPCC.2012.99,N/A,N/A,N/A
10.1109/HPCC.2012.122,N/A,N/A,N/A
10.1109/HPCC.2012.148,N/A,N/A,N/A
10.1109/HPCC.2012.233,N/A,N/A,N/A
10.1109/AUTEST.2012.6334580,N/A,N/A,N/A
10.1109/CONTROL.2012.6334643,N/A,N/A,N/A
10.1109/CCECE.2012.6334879,N/A,N/A,N/A
10.1109/ICSPCC.2012.6335597,N/A,N/A,N/A
10.1109/ICGSE.2012.34,N/A,N/A,N/A
10.1109/WICSA-ECSA.212.48,N/A,N/A,N/A
10.1109/WICSA-ECSA.212.50,N/A,N/A,N/A
10.1109/WICSA-ECSA.212.53,N/A,N/A,N/A
10.1109/WICSA-ECSA.212.55,N/A,N/A,N/A
10.1109/WICSA-ECSA.212.11,N/A,N/A,N/A
10.1109/WICSA-ECSA.212.16,N/A,N/A,N/A
10.1109/SBES.2012.15,N/A,N/A,N/A
10.1109/SBES.2012.13,N/A,N/A,N/A
10.1109/iNCoS.2012.67,N/A,N/A,N/A
10.1109/ICSEngT.2012.6339320,N/A,N/A,N/A
10.1109/ICSEngT.2012.6339329,N/A,N/A,N/A
10.1109/InPar.2012.6339588,N/A,N/A,N/A
10.1109/ICIII.2012.6339833,N/A,N/A,N/A
10.1109/COMPSAC.2012.15,N/A,N/A,N/A
10.1109/COMPSAC.2012.104,N/A,N/A,N/A
10.1109/COMPSAC.2012.22,N/A,N/A,N/A
10.1109/COMPSAC.2012.24,N/A,N/A,N/A
10.1109/COMPSAC.2012.26,N/A,N/A,N/A
10.1109/COMPSAC.2012.107,N/A,N/A,N/A
10.1109/COMPSAC.2012.97,N/A,N/A,N/A
10.1109/COMPSAC.2012.52,N/A,N/A,N/A
10.1109/COMPSAC.2012.68,N/A,N/A,N/A
10.1109/COMPSAC.2012.12,N/A,N/A,N/A
10.1109/ICSSEM.2012.6340699,N/A,N/A,N/A
10.1109/COMPSACW.2012.12,N/A,N/A,N/A
10.1109/COMPSACW.2012.26,N/A,N/A,N/A
10.1109/COMPSACW.2012.41,N/A,N/A,N/A
10.1109/COMPSACW.2012.60,N/A,N/A,N/A
10.1109/COMPSACW.2012.67,N/A,N/A,N/A
10.1109/COMPSACW.2012.94,N/A,N/A,N/A
10.1109/COMPSACW.2012.105,N/A,N/A,N/A
10.1109/SCET.2012.6341954,N/A,N/A,N/A
10.1109/SCET.2012.6342020,N/A,N/A,N/A
10.1109/SCET.2012.6342082,N/A,N/A,N/A
10.1109/MMSP.2012.6343414,N/A,N/A,N/A
10.1109/PESGM.2012.6343919,N/A,N/A,N/A
10.1109/PESGM.2012.6345105,N/A,N/A,N/A
10.1109/PESGM.2012.6345323,N/A,N/A,N/A
10.1109/EMBC.2012.6346172,N/A,N/A,N/A
10.1109/EMBC.2012.6346211,N/A,N/A,N/A
N/A,N/A,N/A,N/A
10.1109/CONSEG.2012.6349479,N/A,N/A,N/A
10.1109/CONSEG.2012.6349484,N/A,N/A,N/A
10.1109/CONSEG.2012.6349488,N/A,N/A,N/A
10.1109/CONSEG.2012.6349508,N/A,N/A,N/A
10.1109/ICElMach.2012.6350113,N/A,N/A,N/A
10.1109/IGARSS.2012.6351936,N/A,N/A,N/A
N/A,N/A,N/A,N/A
10.1109/CCEM.2012.6354603,N/A,N/A,N/A
10.1109/CCEM.2012.6354606,N/A,N/A,N/A
10.1109/NBiS.2012.139,N/A,N/A,N/A
10.1109/ClusterW.2012.33,N/A,N/A,N/A
10.1109/ICHVE.2012.6357053,N/A,N/A,N/A
10.1109/ICMLC.2012.6358940,N/A,N/A,N/A
10.1109/ICMLC.2012.6359574,N/A,N/A,N/A
10.1109/MoDRE.2012.6360085,N/A,N/A,N/A
N/A,N/A,N/A,N/A
10.1109/ICEELI.2012.6360570,N/A,N/A,N/A
10.1109/ICIEA.2012.6360927,N/A,N/A,N/A
10.1109/ICIEA.2012.6361001,N/A,N/A,N/A
10.1109/IWESEP.2012.12,N/A,N/A,N/A
10.1109/IWESEP.2012.14,N/A,N/A,N/A
10.1109/IWESEP.2012.15,N/A,N/A,N/A
10.1109/IWESEP.2012.10,N/A,N/A,N/A
10.1109/TSE.2011.106,N/A,N/A,N/A
10.1109/HISB.2012.38,N/A,N/A,N/A
10.1109/SBAC-PAD.2012.33,N/A,N/A,N/A
10.1109/HASE.2012.27,N/A,N/A,N/A
10.1109/HASE.2012.34,N/A,N/A,N/A
10.1109/HASE.2012.13,N/A,N/A,N/A
10.1109/HASE.2012.33,N/A,N/A,N/A
10.1109/DFT.2012.6378194,N/A,N/A,N/A
10.1109/DFT.2012.6378199,N/A,N/A,N/A
10.1109/FIIW.2012.6378322,N/A,N/A,N/A
10.1109/ICCD.2012.6378631,N/A,N/A,N/A
N/A,N/A,N/A,N/A
N/A,N/A,N/A,N/A
N/A,N/A,N/A,N/A
10.1109/ICHQP.2012.6381205,N/A,N/A,N/A
10.1109/ICHQP.2012.6381294,N/A,N/A,N/A
10.1109/DASC.2012.6382328,N/A,N/A,N/A
10.1109/DASC.2012.6382391,N/A,N/A,N/A
10.1109/DASC.2012.6382406,N/A,N/A,N/A
10.1109/DASC.2012.6382418,N/A,N/A,N/A
10.1109/CGC.2012.66,N/A,N/A,N/A
10.1109/CGC.2012.123,N/A,N/A,N/A
10.1109/DASC.2012.6382940,N/A,N/A,N/A
10.1109/DASC.2012.6383137,N/A,N/A,N/A
10.1109/SYSoSE.2012.6384139,N/A,N/A,N/A
10.1109/PRDC.2012.10,N/A,N/A,N/A
10.1109/PRDC.2012.14,N/A,N/A,N/A
10.1109/WCRE.2012.69,N/A,N/A,N/A
10.1109/WCRE.2012.33,N/A,N/A,N/A
10.1109/WCRE.2012.37,N/A,N/A,N/A
10.1109/WCRE.2012.54,N/A,N/A,N/A
10.1109/WISA.2012.22,N/A,N/A,N/A
10.1109/DCABES.2012.62,N/A,N/A,N/A
10.1109/CoASE.2012.6386319,N/A,N/A,N/A
10.1109/CoASE.2012.6386445,N/A,N/A,N/A
10.1109/CoASE.2012.6386462,N/A,N/A,N/A
10.1109/DSD.2012.33,N/A,N/A,N/A
10.1109/DSD.2012.23,N/A,N/A,N/A
10.1109/DSD.2012.106,N/A,N/A,N/A
N/A,N/A,N/A,N/A
10.1109/IECON.2012.6389271,N/A,N/A,N/A
10.1109/IECON.2012.6389398,N/A,N/A,N/A
10.1109/IECON.2012.6389399,N/A,N/A,N/A
10.1109/ICCS.2012.5,N/A,N/A,N/A
10.1109/CIT.2012.89,N/A,N/A,N/A
10.1109/SCAM.2012.28,N/A,N/A,N/A
10.1109/SCAM.2012.22,N/A,N/A,N/A
10.1109/SCAM.2012.20,N/A,N/A,N/A
10.1109/TSMCC.2012.2226152,N/A,N/A,N/A
10.1109/CYBER.2012.6392526,N/A,N/A,N/A
10.1109/BIBM.2012.6392618,N/A,N/A,N/A
N/A,N/A,N/A,N/A
10.1109/CCST.2012.6393572,N/A,N/A,N/A
10.1109/CSSS.2012.44,N/A,N/A,N/A
10.1109/CSSS.2012.87,N/A,N/A,N/A
10.1109/CSSS.2012.171,N/A,N/A,N/A
10.1109/CSSS.2012.527,N/A,N/A,N/A
10.1109/SBCARS.2012.19,N/A,N/A,N/A
10.1109/ICCKE.2012.6395394,N/A,N/A,N/A
N/A,N/A,N/A,N/A
10.1109/ICCICT.2012.6398233,N/A,N/A,N/A
10.1109/UPEC.2012.6398419,N/A,N/A,N/A
10.1109/UPEC.2012.6398542,N/A,N/A,N/A
N/A,N/A,N/A,N/A
10.1109/PowerCon.2012.6401463,N/A,N/A,N/A
N/A,N/A,N/A,N/A
10.1109/ROSE.2012.6402632,N/A,N/A,N/A
10.1109/CCA.2012.6402705,N/A,N/A,N/A
10.1109/NORCHP.2012.6403112,N/A,N/A,N/A
10.1109/ICATE.2012.6403400,N/A,N/A,N/A
10.1109/SAMOS.2012.6404190,N/A,N/A,N/A
10.1109/ICSM.2012.6405244,N/A,N/A,N/A
10.1109/ICSM.2012.6405245,N/A,N/A,N/A
10.1109/ICSM.2012.6405256,N/A,N/A,N/A
10.1109/ICSM.2012.6405269,N/A,N/A,N/A
10.1109/ICSM.2012.6405303,N/A,N/A,N/A
10.1109/ICSM.2012.6405305,N/A,N/A,N/A
10.1109/ICSM.2012.6405311,N/A,N/A,N/A
10.1109/ICSM.2012.6405322,N/A,N/A,N/A
10.1109/ICSM.2012.6405324,N/A,N/A,N/A
10.1109/ICSM.2012.6405335,N/A,N/A,N/A
10.1109/ICSM.2012.6405339,N/A,N/A,N/A
10.1109/ICSM.2012.6405347,N/A,N/A,N/A
10.1109/ISSRE.2012.28,N/A,N/A,N/A
10.1109/ISSRE.2012.12,N/A,N/A,N/A
10.1109/ISSRE.2012.15,N/A,N/A,N/A
10.1109/ISSRE.2012.7,N/A,N/A,N/A
10.1109/ISSRE.2012.13,N/A,N/A,N/A
10.1109/ISSRE.2012.32,N/A,N/A,N/A
10.1109/ISSRE.2012.29,N/A,N/A,N/A
10.1109/ISSRE.2012.31,N/A,N/A,N/A
10.1109/ISSRE.2012.20,N/A,N/A,N/A
10.1109/ISSRE.2012.27,N/A,N/A,N/A
10.1109/ISSREW.2012.46,N/A,N/A,N/A
10.1109/ISSREW.2012.35,N/A,N/A,N/A
10.1109/ISSREW.2012.104,N/A,N/A,N/A
10.1109/ISSREW.2012.21,N/A,N/A,N/A
10.1109/ISSREW.2012.48,N/A,N/A,N/A
10.1109/ISSREW.2012.31,N/A,N/A,N/A
10.1109/ISSREW.2012.43,N/A,N/A,N/A
10.1109/ISSREW.2012.51,N/A,N/A,N/A
10.1109/ISSREW.2012.22,N/A,N/A,N/A
10.1109/ISSREW.2012.19,N/A,N/A,N/A
10.1109/MINES.2012.70,N/A,N/A,N/A
10.1109/CIS.2012.141,N/A,N/A,N/A
10.1109/CIS.2012.115,N/A,N/A,N/A
10.1109/ICDMW.2012.118,N/A,N/A,N/A
10.1109/ISSREW.2012.56,N/A,N/A,N/A
10.1109/PCCC.2012.6407740,N/A,N/A,N/A
10.1109/AHICI.2012.6408448,N/A,N/A,N/A
10.1109/VCIP.2012.6410836,N/A,N/A,N/A
10.1109/DICTA.2012.6411736,N/A,N/A,N/A
N/A,N/A,N/A,N/A
10.1109/BIHTEL.2012.6412091,N/A,N/A,N/A
10.1109/ICPADS.2012.111,N/A,N/A,N/A
10.1109/CMD.2012.6416458,N/A,N/A,N/A
10.1109/ISDA.2012.6416555,N/A,N/A,N/A
10.1109/ISDA.2012.6416630,N/A,N/A,N/A
10.1109/ICoAC.2012.6416837,N/A,N/A,N/A
10.1109/ICCSE.2012.89,N/A,N/A,N/A
10.1109/ICOS.2012.6417620,N/A,N/A,N/A
10.1109/RTC.2012.6418091,N/A,N/A,N/A
10.1109/RTC.2012.6418212,N/A,N/A,N/A
10.1109/RTC.2012.6418371,N/A,N/A,N/A
10.1109/ICETA.2012.6418617,N/A,N/A,N/A
N/A,N/A,N/A,N/A
N/A,N/A,N/A,N/A
N/A,N/A,N/A,N/A
10.1109/HONET.2012.6421437,N/A,N/A,N/A
10.1109/CODIS.2012.6422249,N/A,N/A,N/A
10.1109/LCNW.2012.6424057,N/A,N/A,N/A
10.1109/ISM.2012.82,N/A,N/A,N/A
10.1109/RTSS.2012.74,N/A,N/A,N/A
10.1109/SRDS.2012.44,N/A,N/A,N/A
10.1109/SRDS.2012.32,N/A,N/A,N/A
10.1109/SRDS.2012.3,N/A,N/A,N/A
10.1109/CDC.2012.6426112,N/A,N/A,N/A
10.1109/CLEI.2012.6427206,N/A,N/A,N/A
10.1109/CLEI.2012.6427207,N/A,N/A,N/A
10.1109/CloudCom.2012.6427484,N/A,N/A,N/A
10.1109/CloudCom.2012.6427519,N/A,N/A,N/A
10.1109/CloudCom.2012.6427577,N/A,N/A,N/A
10.1109/MVIP.2012.6428746,N/A,N/A,N/A
10.1109/IMCCC.2012.41,N/A,N/A,N/A
10.1109/IMCCC.2012.62,N/A,N/A,N/A
10.1109/IMCCC.2012.74,N/A,N/A,N/A
10.1109/IMCCC.2012.158,N/A,N/A,N/A
10.1109/SOCA.2012.6449440,N/A,N/A,N/A
10.1109/SOCA.2012.6449452,N/A,N/A,N/A
10.1109/PDGC.2012.6449783,N/A,N/A,N/A
10.1109/PDGC.2012.6449793,N/A,N/A,N/A
10.1109/IICPE.2012.6450429,N/A,N/A,N/A
10.1109/MECATRONICS.2012.6450997,N/A,N/A,N/A
10.1109/ICGEC.2012.9,N/A,N/A,N/A
10.1109/APACE.2012.6457622,N/A,N/A,N/A
10.1049/cp.2012.1509,N/A,N/A,N/A
10.1109/ICUMT.2012.6459652,N/A,N/A,N/A
10.1109/THS.2012.6459909,N/A,N/A,N/A
N/A,N/A,N/A,N/A
10.1109/FIE.2012.6462206,N/A,N/A,N/A
10.1109/FIE.2012.6462443,N/A,N/A,N/A
10.1109/APSEC.2012.92,N/A,N/A,N/A
10.1109/APSEC.2012.28,N/A,N/A,N/A
10.1109/APSEC.2012.10,N/A,N/A,N/A
10.1109/APSEC.2012.144,N/A,N/A,N/A
10.1109/APSEC.2012.151,N/A,N/A,N/A
10.1109/APSEC.2012.148,N/A,N/A,N/A
10.1109/APSEC.2012.108,N/A,N/A,N/A
10.1109/APSEC.2012.84,N/A,N/A,N/A
10.1109/APSEC.2012.112,N/A,N/A,N/A
10.1109/APSEC.2012.53,N/A,N/A,N/A
10.1109/APSEC.2012.103,N/A,N/A,N/A
10.1109/APSEC.2012.19,N/A,N/A,N/A
10.1109/APSEC.2012.94,N/A,N/A,N/A
10.1109/APSEC.2012.14,N/A,N/A,N/A
10.1109/APSEC.2012.34,N/A,N/A,N/A
10.1109/ICEPE.2012.6463586,N/A,N/A,N/A
10.1109/ICEPE.2012.6463819,N/A,N/A,N/A
10.1109/NOF.2012.6464008,N/A,N/A,N/A
10.1109/WSC.2012.6465306,N/A,N/A,N/A
10.1109/GIIS.2012.6466760,N/A,N/A,N/A
10.1109/ICIP.2012.6467149,N/A,N/A,N/A
10.1109/ICIP.2012.6467467,N/A,N/A,N/A
10.1109/ICEBE.2012.53,N/A,N/A,N/A
10.1109/GreenCom.2012.45,N/A,N/A,N/A
10.1109/GreenCom.2012.129,N/A,N/A,N/A
10.1109/SC.2012.46,N/A,N/A,N/A
10.1109/SC.2012.38,N/A,N/A,N/A
10.1109/GrC.2012.6468581,N/A,N/A,N/A
10.1109/IPTA.2012.6469554,N/A,N/A,N/A
10.1109/IWSM-MENSURA.2012.11,N/A,N/A,N/A
10.1109/IWSM-MENSURA.2012.14,N/A,N/A,N/A
10.1109/IWSM-MENSURA.2012.21,N/A,N/A,N/A
10.1109/IWSM-MENSURA.2012.26,N/A,N/A,N/A
10.1109/NESEA.2012.6474023,N/A,N/A,N/A
10.1145/2372251.2372286,N/A,N/A,N/A
10.1145/2372251.2372287,N/A,N/A,N/A
10.1145/2372251.2372307,N/A,N/A,N/A
10.1145/2372251.2372310,N/A,N/A,N/A
10.1109/SIFAE.2012.6478903,N/A,N/A,N/A
10.1109/SEW.2012.9,N/A,N/A,N/A
10.1109/SEW.2012.13,N/A,N/A,N/A
10.1109/SETIT.2012.6482007,N/A,N/A,N/A
10.1109/ISCAIE.2012.6482071,N/A,N/A,N/A
10.1109/PEDES.2012.6484342,N/A,N/A,N/A
10.1109/ETFA.2012.6489535,N/A,N/A,N/A
10.1109/ETFA.2012.6489648,N/A,N/A,N/A
10.1109/ETFA.2012.6489725,N/A,N/A,N/A
10.1109/ETFA.2012.6489781,N/A,N/A,N/A
10.1109/GHTCE.2012.6490149,N/A,N/A,N/A
10.1049/cp.2012.1813,N/A,N/A,N/A
10.1109/NUICONE.2012.6493187,N/A,N/A,N/A
10.1145/2351676.2351685,N/A,N/A,N/A
10.1145/2351676.2351695,N/A,N/A,N/A
10.1145/2351676.2351702,N/A,N/A,N/A
10.1145/2351676.2351705,N/A,N/A,N/A
10.1145/2351676.2351701,N/A,N/A,N/A
10.1145/2351676.2351717,N/A,N/A,N/A
10.1145/2351676.2351724,N/A,N/A,N/A
10.1145/2351676.2351733,N/A,N/A,N/A
10.1145/2351676.2351734,N/A,N/A,N/A
10.1145/2351676.2351735,N/A,N/A,N/A
10.1145/2351676.2351738,N/A,N/A,N/A
10.1145/2351676.2351752,N/A,N/A,N/A
10.1109/ISISE.2012.114,N/A,N/A,N/A
10.1109/SC.Companion.2012.81,N/A,N/A,N/A
10.1109/SC.Companion.2012.216,N/A,N/A,N/A
10.1109/SC.Companion.2012.217,N/A,N/A,N/A
10.1109/CINTI.2012.6496737,N/A,N/A,N/A
10.1109/SASOW.2012.37,N/A,N/A,N/A
10.1109/CHUSER.2012.6504428,N/A,N/A,N/A
10.1109/SCIS-ISIS.2012.6505023,N/A,N/A,N/A
10.1109/LatinCloud.2012.6508155,N/A,N/A,N/A
10.1109/CICED.2012.6508468,N/A,N/A,N/A
10.1109/CICED.2012.6508601,N/A,N/A,N/A
10.1109/ICCIC.2012.6510205,N/A,N/A,N/A
10.1109/ICCIC.2012.6510294,N/A,N/A,N/A
N/A,N/A,N/A,N/A
10.1109/INMIC.2012.6511437,N/A,N/A,N/A
10.1109/QUATIC.2012.37,N/A,N/A,N/A
10.1109/QUATIC.2012.11,N/A,N/A,N/A
10.1109/QUATIC.2012.66,N/A,N/A,N/A
10.1109/QUATIC.2012.27,N/A,N/A,N/A
10.1109/QUATIC.2012.30,N/A,N/A,N/A
10.1109/QUATIC.2012.16,N/A,N/A,N/A
10.1109/QUATIC.2012.55,N/A,N/A,N/A
10.1109/QUATIC.2012.63,N/A,N/A,N/A
10.1109/QUATIC.2012.18,N/A,N/A,N/A
10.1109/QUATIC.2012.40,N/A,N/A,N/A
10.1109/ICMCS.2012.6512435,N/A,N/A,N/A
10.1109/BMEI.2012.6512950,N/A,N/A,N/A
10.1109/ACSAT.2012.82,N/A,N/A,N/A
10.1109/MTV.2012.17,N/A,N/A,N/A
10.1109/ICCTA.2012.6523563,N/A,N/A,N/A
10.1109/ICCTA.2012.6523564,N/A,N/A,N/A
10.1109/ICCSNT.2012.6526166,N/A,N/A,N/A
10.1109/ICCSNT.2012.6526190,N/A,N/A,N/A
10.1109/ICCSNT.2012.6526265,N/A,N/A,N/A
10.1109/ICCSNT.2012.6526354,N/A,N/A,N/A
N/A,N/A,N/A,N/A
10.1049/ic.2012.0137,N/A,N/A,N/A
10.1049/ic.2012.0141,N/A,N/A,N/A
10.1109/NSSMIC.2012.6551579,N/A,N/A,N/A
10.1109/NSSMIC.2012.6551610,N/A,N/A,N/A
10.1109/NSSMIC.2012.6551616,N/A,N/A,N/A
10.1109/NSSMIC.2012.6551742,N/A,N/A,N/A
10.1109/NSSMIC.2012.6551776,N/A,N/A,N/A
N/A,N/A,N/A,N/A
10.1109/PEAM.2012.6612449,N/A,N/A,N/A
10.1049/cp.2012.2128,N/A,N/A,N/A
10.1109/CCIS.2012.6664567,N/A,N/A,N/A
10.1109/SCCC.2012.12,N/A,N/A,N/A
10.1109/SCCC.2012.14,N/A,N/A,N/A
10.1049/cp.2012.2451,N/A,N/A,N/A
10.1002/bltj.21557,N/A,N/A,N/A
10.1109/IEEM.2012.6837859,N/A,N/A,N/A
10.1109/IPSN.2012.6920981,N/A,N/A,N/A
10.1049/cp.2012.2505,N/A,N/A,N/A
10.5594/M001442,N/A,N/A,N/A
10.5594/j18133,N/A,N/A,N/A
10.1109/VLSI-SoC.2012.7332089,N/A,N/A,N/A
N/A,N/A,N/A,N/A
N/A,N/A,N/A,N/A
N/A,N/A,N/A,N/A
N/A,N/A,N/A,N/A
N/A,N/A,N/A,N/A
N/A,N/A,N/A,N/A
N/A,N/A,N/A,N/A
10.1109/TC.2011.235,N/A,N/A,N/A
10.1109/TSE.2011.122,N/A,N/A,N/A
10.1109/TSE.2011.124,N/A,N/A,N/A
10.1109/TC.2012.17,N/A,N/A,N/A
10.1109/TSE.2012.12,N/A,N/A,N/A
10.1109/TSE.2012.19,N/A,N/A,N/A
10.1109/TSE.2012.20,N/A,N/A,N/A
10.1109/TSC.2012.15,N/A,N/A,N/A
10.1109/TSE.2012.40,N/A,N/A,N/A
10.1109/TSE.2012.46,N/A,N/A,N/A
10.1109/MS.2012.111,N/A,N/A,N/A
10.1109/TSC.2012.21,N/A,N/A,N/A
10.1109/LGRS.2012.2207704,N/A,N/A,N/A
10.1109/TIM.2012.2209916,N/A,N/A,N/A
10.1109/JSYST.2012.2208809,N/A,N/A,N/A
10.1109/TIM.2012.2215156,N/A,N/A,N/A
10.1109/TSC.2012.26,N/A,N/A,N/A
10.1109/TVT.2012.2226763,N/A,N/A,N/A
10.1109/TSE.2012.70,N/A,N/A,N/A
10.1109/LSP.2012.2227726,N/A,N/A,N/A
10.1109/TIE.2012.2229680,N/A,N/A,N/A
10.1109/TDSC.2012.87,N/A,N/A,N/A
10.1109/TSE.2012.76,N/A,N/A,N/A
10.1109/TSE.2012.84,N/A,N/A,N/A
10.1109/TPDS.2012.335,N/A,N/A,N/A
10.1109/TNET.2012.2226470,N/A,N/A,N/A
10.1109/TASC.2012.2236673,N/A,N/A,N/A
10.1109/TSE.2013.4,N/A,N/A,N/A
10.1109/TASE.2012.2229707,N/A,N/A,N/A
10.1109/JOE.2012.2227540,N/A,N/A,N/A
10.1109/TR.2013.2240898,N/A,N/A,N/A
10.1109/MCOM.2013.6461197,N/A,N/A,N/A
10.1109/PHT.2013.6461290,N/A,N/A,N/A
10.1109/TSE.2013.11,N/A,N/A,N/A
10.1109/ICCCI.2013.6466263,N/A,N/A,N/A
10.1109/MS.2013.24,N/A,N/A,N/A
N/A,N/A,N/A,N/A
10.1109/TSE.2013.12,N/A,N/A,N/A
10.1109/HICSS.2013.554,N/A,N/A,N/A
10.1109/TNS.2013.2246798,N/A,N/A,N/A
10.1109/ICCSPA.2013.6487246,N/A,N/A,N/A
10.1109/MM.2013.30,N/A,N/A,N/A
10.1109/TCST.2012.2236839,N/A,N/A,N/A
10.1109/ICPRIME.2013.6496439,N/A,N/A,N/A
10.1109/ICPRIME.2013.6496465,N/A,N/A,N/A
10.1109/AERO.2013.6496973,N/A,N/A,N/A
10.1109/AERO.2013.6497367,N/A,N/A,N/A
10.1109/TSE.2013.21,N/A,N/A,N/A
10.1109/ISGT.2013.6497860,N/A,N/A,N/A
10.1109/CSMR.2013.12,N/A,N/A,N/A
10.1109/CSMR.2013.23,N/A,N/A,N/A
10.1109/CSMR.2013.26,N/A,N/A,N/A
10.1109/CSMR.2013.46,N/A,N/A,N/A
10.1109/CSMR.2013.48,N/A,N/A,N/A
10.1109/CSMR.2013.53,N/A,N/A,N/A
10.1109/CSMR.2013.57,N/A,N/A,N/A
10.1109/CSMR.2013.65,N/A,N/A,N/A
10.1109/CSMR.2013.70,N/A,N/A,N/A
10.1109/TR.2013.2257052,N/A,N/A,N/A
10.1109/TLA.2013.6502803,N/A,N/A,N/A
10.1109/TLA.2013.6502849,N/A,N/A,N/A
10.1109/ICCNC.2013.6504058,N/A,N/A,N/A
10.1109/ICIT.2013.6505699,N/A,N/A,N/A
10.1109/ICIT.2013.6505725,N/A,N/A,N/A
10.1109/ICIT.2013.6505874,N/A,N/A,N/A
10.1109/TBCAS.2013.2245664,N/A,N/A,N/A
10.1109/ICICES.2013.6508284,N/A,N/A,N/A
10.1109/ICICES.2013.6508369,N/A,N/A,N/A
10.1109/MS.2013.66,N/A,N/A,N/A
10.1109/TR.2013.2259203,N/A,N/A,N/A
10.1109/ASPDAC.2013.6509599,N/A,N/A,N/A
10.1109/ASPDAC.2013.6509603,N/A,N/A,N/A
10.1109/TNS.2013.2252625,N/A,N/A,N/A
10.7873/DATE.2013.022,N/A,N/A,N/A
10.7873/DATE.2013.055,N/A,N/A,N/A
10.7873/DATE.2013.084,N/A,N/A,N/A
10.7873/DATE.2013.124,N/A,N/A,N/A
10.7873/DATE.2013.154,N/A,N/A,N/A
10.7873/DATE.2013.161,N/A,N/A,N/A
10.7873/DATE.2013.194,N/A,N/A,N/A
10.7873/DATE.2013.196,N/A,N/A,N/A
10.7873/DATE.2013.197,N/A,N/A,N/A
10.1109/IAdCC.2013.6514416,N/A,N/A,N/A
10.1109/IAdCC.2013.6514442,N/A,N/A,N/A
10.1109/MSP.2013.54,N/A,N/A,N/A
10.1109/LASCAS.2013.6519001,N/A,N/A,N/A
N/A,N/A,N/A,N/A
N/A,N/A,N/A,N/A
N/A,N/A,N/A,N/A
10.1109/EVER.2013.6521554,N/A,N/A,N/A
10.1109/TST.2013.6522580,N/A,N/A,N/A
10.1109/ISQED.2013.6523662,N/A,N/A,N/A
10.1109/CITCON.2013.6525284,N/A,N/A,N/A
10.1109/SOSE.2013.8,N/A,N/A,N/A
10.1109/SOSE.2013.17,N/A,N/A,N/A
10.1109/iMac4s.2013.6526453,N/A,N/A,N/A
10.1109/UKSim.2013.132,N/A,N/A,N/A
10.1109/UKSim.2013.33,N/A,N/A,N/A
10.1109/UKSim.2013.152,N/A,N/A,N/A
10.1109/IC2E.2013.35,N/A,N/A,N/A
10.1109/IC2E.2013.51,N/A,N/A,N/A
10.1109/EduCon.2013.6530101,N/A,N/A,N/A
10.1109/JSEN.2013.2267959,N/A,N/A,N/A
10.1109/RTAS.2013.6531083,N/A,N/A,N/A
10.1109/TCE.2013.6531119,N/A,N/A,N/A
10.1109/MSP.2013.77,N/A,N/A,N/A
10.1109/AINA.2013.12,N/A,N/A,N/A
10.1109/AINA.2013.85,N/A,N/A,N/A
10.1109/ICGHPC.2013.6533936,N/A,N/A,N/A
10.1109/LADC.2013.17,N/A,N/A,N/A
10.1109/LADC.2013.16,N/A,N/A,N/A
10.1109/LADC.2013.12,N/A,N/A,N/A
10.1109/LADC.2013.25,N/A,N/A,N/A
10.1109/LADC.2013.24,N/A,N/A,N/A
10.1109/SP.2013.11,N/A,N/A,N/A
10.1109/ICCME.2013.6548335,N/A,N/A,N/A
10.1109/VTS.2013.6548907,N/A,N/A,N/A
10.1109/WMNC.2013.6549030,N/A,N/A,N/A
10.1109/EEEIC.2013.6549586,N/A,N/A,N/A
10.1109/SysCon.2013.6549861,N/A,N/A,N/A
10.1109/SIECPC.2013.6551002,N/A,N/A,N/A
N/A,N/A,N/A,N/A
10.1109/ACCESS.2013.2271860,N/A,N/A,N/A
10.1109/ICCSE.2013.6553932,N/A,N/A,N/A
10.1109/ICCSE.2013.6553972,N/A,N/A,N/A
10.1109/ICCSE.2013.6554154,N/A,N/A,N/A
10.1109/ICCSE.2013.6554158,N/A,N/A,N/A
10.1109/WCNC.2013.6554668,N/A,N/A,N/A
10.1109/WCNC.2013.6554733,N/A,N/A,N/A
10.1109/I2MTC.2013.6555543,N/A,N/A,N/A
10.1109/ECDC.2013.6556733,N/A,N/A,N/A
10.1109/ISPASS.2013.6557161,N/A,N/A,N/A
10.1109/CCDC.2013.6561670,N/A,N/A,N/A
10.1109/CCDC.2013.6561671,N/A,N/A,N/A
10.1109/CCDC.2013.6561793,N/A,N/A,N/A
10.1109/LATW.2013.6562659,N/A,N/A,N/A
10.1109/LATW.2013.6562665,N/A,N/A,N/A
10.1109/LATW.2013.6562676,N/A,N/A,N/A
N/A,N/A,N/A,N/A
10.1109/ATEE.2013.6563368,N/A,N/A,N/A
10.1109/ISIE.2013.6563790,N/A,N/A,N/A
10.1109/TSE.2013.31,N/A,N/A,N/A
10.1109/PEOCO.2013.6564545,N/A,N/A,N/A
10.1109/ICUAS.2013.6564692,N/A,N/A,N/A
10.1109/MITS.2013.2263460,N/A,N/A,N/A
10.1109/EPDC.2013.6565971,N/A,N/A,N/A
10.1109/INFCOM.2013.6566746,N/A,N/A,N/A
10.1109/ETS.2013.6569353,N/A,N/A,N/A
10.1109/ICST.2013.14,N/A,N/A,N/A
10.1109/ICST.2013.23,N/A,N/A,N/A
10.1109/ICST.2013.41,N/A,N/A,N/A
10.1109/ICST.2013.15,N/A,N/A,N/A
10.1109/ICST.2013.38,N/A,N/A,N/A
10.1109/ICST.2013.21,N/A,N/A,N/A
10.1109/ICST.2013.43,N/A,N/A,N/A
10.1109/ICST.2013.34,N/A,N/A,N/A
10.1109/ICST.2013.61,N/A,N/A,N/A
10.1109/ICST.2013.64,N/A,N/A,N/A
10.1109/ICST.2013.70,N/A,N/A,N/A
10.1109/ICST.2013.84,N/A,N/A,N/A
10.1109/ICST.2013.72,N/A,N/A,N/A
10.1109/WETICE.2013.30,N/A,N/A,N/A
10.1109/ICSTW.2013.13,N/A,N/A,N/A
10.1109/ICSTW.2013.15,N/A,N/A,N/A
10.1109/ICSTW.2013.81,N/A,N/A,N/A
10.1109/ICSTW.2013.20,N/A,N/A,N/A
10.1109/ICSTW.2013.27,N/A,N/A,N/A
10.1109/ICSTW.2013.83,N/A,N/A,N/A
10.1109/ICSTW.2013.76,N/A,N/A,N/A
10.1109/ICSTW.2013.38,N/A,N/A,N/A
10.1109/ICSTW.2013.43,N/A,N/A,N/A
10.1109/ICSTW.2013.47,N/A,N/A,N/A
10.1109/ICSTW.2013.49,N/A,N/A,N/A
10.1109/ICSTW.2013.51,N/A,N/A,N/A
10.1109/ICSTW.2013.66,N/A,N/A,N/A
10.1109/SERE.2013.27,N/A,N/A,N/A
10.1109/SERE.2013.13,N/A,N/A,N/A
10.1109/SERE.2013.17,N/A,N/A,N/A
10.1109/ISCAS.2013.6571769,N/A,N/A,N/A
10.1109/ISCAS.2013.6571927,N/A,N/A,N/A
10.1109/ISCAS.2013.6572397,N/A,N/A,N/A
10.1109/ICIEV.2013.6572676,N/A,N/A,N/A
N/A,N/A,N/A,N/A
N/A,N/A,N/A,N/A
N/A,N/A,N/A,N/A
N/A,N/A,N/A,N/A
N/A,N/A,N/A,N/A
N/A,N/A,N/A,N/A
N/A,N/A,N/A,N/A
10.1109/TSMCA.2012.2227957,N/A,N/A,N/A
10.1109/LES.2013.2276434,N/A,N/A,N/A
10.1109/TSE.2013.37,N/A,N/A,N/A
10.1109/TSE.2013.35,N/A,N/A,N/A
10.1109/SYSoSE.2013.6575252,N/A,N/A,N/A
10.1109/DSN.2013.6575307,N/A,N/A,N/A
10.1109/DSN.2013.6575309,N/A,N/A,N/A
10.1109/DSN.2013.6575332,N/A,N/A,N/A
10.1109/DSN.2013.6575353,N/A,N/A,N/A
10.1109/LISAT.2013.6578252,N/A,N/A,N/A
10.1109/ICEESA.2013.6578363,N/A,N/A,N/A
10.1109/ICEESA.2013.6578381,N/A,N/A,N/A
10.1109/ICEESA.2013.6578414,N/A,N/A,N/A
10.1109/ICEESA.2013.6578436,N/A,N/A,N/A
10.1109/ICEESA.2013.6578449,N/A,N/A,N/A
10.1109/ICEESA.2013.6578469,N/A,N/A,N/A
10.1109/ICEESA.2013.6578471,N/A,N/A,N/A
10.1109/ISI.2013.6578856,N/A,N/A,N/A
10.1109/ICISA.2013.6579336,N/A,N/A,N/A
10.1109/ICISA.2013.6579473,N/A,N/A,N/A
10.1109/ICISA.2013.6579478,N/A,N/A,N/A
10.1109/CSCWD.2013.6580945,N/A,N/A,N/A
10.1109/TCAD.2013.2257924,N/A,N/A,N/A
10.1109/WoWMoM.2013.6583504,N/A,N/A,N/A
10.1109/IWCMC.2013.6583539,N/A,N/A,N/A
10.1109/RADAR.2013.6586042,N/A,N/A,N/A
10.1109/CSEET.2013.6595238,N/A,N/A,N/A
10.1109/CSEET.2013.6595255,N/A,N/A,N/A
10.1109/MiSE.2013.6595287,N/A,N/A,N/A
10.1109/MiSE.2013.6595292,N/A,N/A,N/A
10.1109/SEAMS.2013.6595487,N/A,N/A,N/A
10.1109/SEAMS.2013.6595492,N/A,N/A,N/A
N/A,N/A,N/A,N/A
10.1109/IWAST.2013.6595788,N/A,N/A,N/A
10.1109/IWAST.2013.6595800,N/A,N/A,N/A
10.1109/IWAST.2013.6595801,N/A,N/A,N/A
10.1109/IWAST.2013.6595802,N/A,N/A,N/A
10.1109/TOPI.2013.6597187,N/A,N/A,N/A
10.1109/CIDM.2013.6597217,N/A,N/A,N/A
10.1109/CIDM.2013.6597225,N/A,N/A,N/A
10.1109/TASE.2013.22,N/A,N/A,N/A
10.1109/TASE.2013.38,N/A,N/A,N/A
10.1109/ICDMA.2013.130,N/A,N/A,N/A
10.1109/ICDMA.2013.229,N/A,N/A,N/A
10.1109/ACSD.2013.6,N/A,N/A,N/A
10.1109/SNPD.2013.71,N/A,N/A,N/A
10.1109/SNPD.2013.7,N/A,N/A,N/A
10.1109/SNPD.2013.97,N/A,N/A,N/A
10.1109/IPFA.2013.6599196,N/A,N/A,N/A
10.1109/ICSSI.2013.46,N/A,N/A,N/A
10.1109/IranianCEE.2013.6599629,N/A,N/A,N/A
10.1109/IranianCEE.2013.6599888,N/A,N/A,N/A
10.1109/ASWEC.2013.12,N/A,N/A,N/A
10.1109/ASWEC.2013.13,N/A,N/A,N/A
10.1109/ASWEC.2013.26,N/A,N/A,N/A
10.1109/ASWEC.2013.33,N/A,N/A,N/A
10.1109/GREE.2013.10,N/A,N/A,N/A
10.1109/ICECCS.2013.37,N/A,N/A,N/A
10.1109/ICECCS.2013.47,N/A,N/A,N/A
10.1109/ICALT.2013.66,N/A,N/A,N/A
10.1109/ECRTS.2013.35,N/A,N/A,N/A
10.1109/HPSR.2013.6602305,N/A,N/A,N/A
10.1109/SEHC.2013.6602476,N/A,N/A,N/A
10.1109/RePa.2013.6602667,N/A,N/A,N/A
10.1109/RePa.2013.6602670,N/A,N/A,N/A
10.1109/QoMEX.2013.6603222,N/A,N/A,N/A
10.1109/DAPSE.2013.6603805,N/A,N/A,N/A
10.1109/CISIS.2013.28,N/A,N/A,N/A
10.1109/CISIS.2013.79,N/A,N/A,N/A
N/A,N/A,N/A,N/A
10.1109/IOLTS.2013.6604045,N/A,N/A,N/A
10.1109/IOLTS.2013.6604058,N/A,N/A,N/A
10.1109/IOLTS.2013.6604091,N/A,N/A,N/A
10.1109/COMPSACW.2013.21,N/A,N/A,N/A
10.1109/COMPSACW.2013.22,N/A,N/A,N/A
10.1109/COMPSACW.2013.54,N/A,N/A,N/A
10.1109/COMPSACW.2013.35,N/A,N/A,N/A
10.1109/COMPSACW.2013.93,N/A,N/A,N/A
10.1109/COMPSACW.2013.107,N/A,N/A,N/A
10.1109/QSIC.2013.58,N/A,N/A,N/A
10.1109/QSIC.2013.55,N/A,N/A,N/A
10.1109/QSIC.2013.52,N/A,N/A,N/A
10.1109/QSIC.2013.47,N/A,N/A,N/A
10.1109/QSIC.2013.67,N/A,N/A,N/A
10.1109/QSIC.2013.15,N/A,N/A,N/A
10.1109/QSIC.2013.17,N/A,N/A,N/A
10.1109/QSIC.2013.20,N/A,N/A,N/A
10.1109/QSIC.2013.22,N/A,N/A,N/A
10.1109/QSIC.2013.23,N/A,N/A,N/A
10.1109/QSIC.2013.25,N/A,N/A,N/A
10.1109/QSIC.2013.26,N/A,N/A,N/A
10.1109/QSIC.2013.29,N/A,N/A,N/A
10.1109/QSIC.2013.31,N/A,N/A,N/A
10.1109/QSIC.2013.39,N/A,N/A,N/A
10.1109/ASCC.2013.6606013,N/A,N/A,N/A
10.1109/ICSE.2013.6606546,N/A,N/A,N/A
10.1109/ICSE.2013.6606548,N/A,N/A,N/A
10.1109/ICSE.2013.6606556,N/A,N/A,N/A
10.1109/ICSE.2013.6606572,N/A,N/A,N/A
10.1109/ICSE.2013.6606575,N/A,N/A,N/A
10.1109/ICSE.2013.6606589,N/A,N/A,N/A
10.1109/ICSE.2013.6606596,N/A,N/A,N/A
10.1109/ICSE.2013.6606610,N/A,N/A,N/A
10.1109/ICSE.2013.6606614,N/A,N/A,N/A
10.1109/ICSE.2013.6606616,N/A,N/A,N/A
10.1109/ICSE.2013.6606638,N/A,N/A,N/A
10.1109/ICSE.2013.6606640,N/A,N/A,N/A
10.1109/ICSE.2013.6606641,N/A,N/A,N/A
10.1109/ICSE.2013.6606645,N/A,N/A,N/A
10.1109/ICSE.2013.6606654,N/A,N/A,N/A
10.1109/ICSE.2013.6606689,N/A,N/A,N/A
10.1109/ICSE.2013.6606699,N/A,N/A,N/A
10.1109/ICSE.2013.6606704,N/A,N/A,N/A
10.1109/ICSE.2013.6606707,N/A,N/A,N/A
10.1109/ICSE.2013.6606721,N/A,N/A,N/A
10.1109/ICSE.2013.6606739,N/A,N/A,N/A
10.1109/ICSE.2013.6606741,N/A,N/A,N/A
10.1109/ICSE.2013.6606747,N/A,N/A,N/A
10.1109/ICSE.2013.6606752,N/A,N/A,N/A
10.1109/ICSE.2013.6606774,N/A,N/A,N/A
10.1109/RELENG.2013.6607687,N/A,N/A,N/A
10.1109/RELENG.2013.6607689,N/A,N/A,N/A
10.1109/ICIS.2013.6607860,N/A,N/A,N/A
10.1109/OCEANS-Bergen.2013.6608086,N/A,N/A,N/A
10.1109/IFSA-NAFIPS.2013.6608516,N/A,N/A,N/A
10.1109/PLEASE.2013.6608666,N/A,N/A,N/A
10.1109/MTD.2013.6608672,N/A,N/A,N/A
10.1109/MTD.2013.6608677,N/A,N/A,N/A
10.1109/EMBC.2013.6609657,N/A,N/A,N/A
10.1109/EMBC.2013.6609811,N/A,N/A,N/A
10.1109/EMBC.2013.6610034,N/A,N/A,N/A
10.1109/EMBC.2013.6610218,N/A,N/A,N/A
10.1109/SOLI.2013.6611470,N/A,N/A,N/A
10.1109/IC3.2013.6612224,N/A,N/A,N/A
10.1109/SESENA.2013.6612263,N/A,N/A,N/A
10.1109/SESENA.2013.6612264,N/A,N/A,N/A
10.1109/IWSC.2013.6613048,N/A,N/A,N/A
10.1109/ICPC.2013.6613827,N/A,N/A,N/A
10.1109/ICPC.2013.6613832,N/A,N/A,N/A
10.1109/ICPC.2013.6613836,N/A,N/A,N/A
10.1109/TSP.2013.6613903,N/A,N/A,N/A
10.1109/TSP.2013.6614051,N/A,N/A,N/A
10.1109/ITNG.2013.41,N/A,N/A,N/A
10.1109/ITNG.2013.52,N/A,N/A,N/A
10.1109/ITNG.2013.55,N/A,N/A,N/A
10.1109/ITNG.2013.59,N/A,N/A,N/A
10.1109/CHASE.2013.6614727,N/A,N/A,N/A
10.1109/CHASE.2013.6614739,N/A,N/A,N/A
10.1109/CHASE.2013.6614754,N/A,N/A,N/A
10.1109/RAISE.2013.6615201,N/A,N/A,N/A
10.1109/ICSESS.2013.6615266,N/A,N/A,N/A
10.1109/ICSESS.2013.6615365,N/A,N/A,N/A
10.1109/ICSESS.2013.6615417,N/A,N/A,N/A
10.1109/ICSESS.2013.6615457,N/A,N/A,N/A
10.1109/DSNW.2013.6615511,N/A,N/A,N/A
10.1109/DSNW.2013.6615513,N/A,N/A,N/A
10.1109/DSNW.2013.6615522,N/A,N/A,N/A
10.1109/DSNW.2013.6615530,N/A,N/A,N/A
10.1109/MIM.2013.6616288,N/A,N/A,N/A
10.1109/SERE-C.2013.32,N/A,N/A,N/A
10.1109/TST.2013.6616517,N/A,N/A,N/A
10.1109/ICOCN.2013.6617196,N/A,N/A,N/A
N/A,N/A,N/A,N/A
10.1109/PACT.2013.6618818,N/A,N/A,N/A
10.1109/WETSoM.2013.6619331,N/A,N/A,N/A
10.1109/WETSoM.2013.6619334,N/A,N/A,N/A
10.1109/WETSoM.2013.6619339,N/A,N/A,N/A
10.1109/SEAA.2013.47,N/A,N/A,N/A
10.1109/SEAA.2013.36,N/A,N/A,N/A
10.1109/SEAA.2013.31,N/A,N/A,N/A
10.1109/SEAA.2013.49,N/A,N/A,N/A
10.1109/SEAA.2013.9,N/A,N/A,N/A
10.1109/SEAA.2013.23,N/A,N/A,N/A
10.1109/SEAA.2013.27,N/A,N/A,N/A
10.1109/ICVES.2013.6619647,N/A,N/A,N/A
10.1109/ICSD.2013.6619701,N/A,N/A,N/A
10.1109/TEFSE.2013.6620163,N/A,N/A,N/A
10.1109/SAMOS.2013.6621133,N/A,N/A,N/A
10.1049/ic.2013.0038,N/A,N/A,N/A
10.1109/ICPHM.2013.6621448,N/A,N/A,N/A
10.1109/ICPHM.2013.6621449,N/A,N/A,N/A
10.1109/MSMW.2013.6622051,N/A,N/A,N/A
10.1109/FUZZ-IEEE.2013.6622418,N/A,N/A,N/A
10.1109/FDTC.2013.15,N/A,N/A,N/A
10.1109/NCA.2013.19,N/A,N/A,N/A
10.1109/NCA.2013.32,N/A,N/A,N/A
10.1109/NCA.2013.45,N/A,N/A,N/A
10.1109/MSR.2013.6624015,N/A,N/A,N/A
10.1109/MSR.2013.6624025,N/A,N/A,N/A
10.1109/MSR.2013.6624026,N/A,N/A,N/A
10.1109/MSR.2013.6624028,N/A,N/A,N/A
10.1109/MSR.2013.6624030,N/A,N/A,N/A
10.1109/MSR.2013.6624035,N/A,N/A,N/A
10.1109/MSR.2013.6624057,N/A,N/A,N/A
10.1109/MSR.2013.6624058,N/A,N/A,N/A
10.1109/EUROCON.2013.6625047,N/A,N/A,N/A
10.1109/EUROCON.2013.6625081,N/A,N/A,N/A
10.1109/EUROCON.2013.6625234,N/A,N/A,N/A
10.1109/ChinaSIP.2013.6625293,N/A,N/A,N/A
10.1109/ChinaSIP.2013.6625377,N/A,N/A,N/A
10.1109/PACRIM.2013.6625468,N/A,N/A,N/A
10.1109/QR2MSE.2013.6625578,N/A,N/A,N/A
10.1109/QR2MSE.2013.6625628,N/A,N/A,N/A
10.1109/QR2MSE.2013.6625704,N/A,N/A,N/A
10.1109/QR2MSE.2013.6625711,N/A,N/A,N/A
10.1109/QR2MSE.2013.6625734,N/A,N/A,N/A
10.1109/QR2MSE.2013.6625774,N/A,N/A,N/A
10.1109/QR2MSE.2013.6625785,N/A,N/A,N/A
10.1109/QR2MSE.2013.6625830,N/A,N/A,N/A
10.1109/QR2MSE.2013.6625890,N/A,N/A,N/A
10.1109/Geoinformatics.2013.6626050,N/A,N/A,N/A
10.1109/COMPEL.2013.6626393,N/A,N/A,N/A
10.1109/DSD.2013.32,N/A,N/A,N/A
10.1109/DSD.2013.35,N/A,N/A,N/A
10.1109/DSD.2013.65,N/A,N/A,N/A
10.1109/DSD.2013.101,N/A,N/A,N/A
10.1109/ICDAR.2013.89,N/A,N/A,N/A
10.1109/ICDAR.2013.102,N/A,N/A,N/A
10.1109/ICDAR.2013.200,N/A,N/A,N/A
10.1109/ICDAR.2013.226,N/A,N/A,N/A
10.1109/IVS.2013.6629485,N/A,N/A,N/A
10.1109/EIT.2013.6632667,N/A,N/A,N/A
10.1109/EPE.2013.6634734,N/A,N/A,N/A
10.1109/JSAC.2013.131132,N/A,N/A,N/A
10.1109/FENDT.2013.6635529,N/A,N/A,N/A
10.1109/FENDT.2013.6635535,N/A,N/A,N/A
10.1109/PowerEng.2013.6635722,N/A,N/A,N/A
10.1109/PESOS.2013.6635972,N/A,N/A,N/A
10.1109/PESOS.2013.6635976,N/A,N/A,N/A
10.1109/DCABES.2013.9,N/A,N/A,N/A
10.1109/DCABES.2013.19,N/A,N/A,N/A
N/A,N/A,N/A,N/A
10.1109/RE.2013.6636718,N/A,N/A,N/A
10.1109/RE.2013.6636719,N/A,N/A,N/A
10.1109/ICACCI.2013.6637310,N/A,N/A,N/A
10.1109/ICACCI.2013.6637471,N/A,N/A,N/A
10.1109/ICASSP.2013.6638053,N/A,N/A,N/A
N/A,N/A,N/A,N/A
10.1109/IRI.2013.6642496,N/A,N/A,N/A
10.1109/ICIG.2013.92,N/A,N/A,N/A
N/A,N/A,N/A,N/A
N/A,N/A,N/A,N/A
N/A,N/A,N/A,N/A
10.1109/SAHCN.2013.6645012,N/A,N/A,N/A
10.1109/SAHCN.2013.6645015,N/A,N/A,N/A
10.1109/AUTEST.2013.6645048,N/A,N/A,N/A
10.1109/AUTEST.2013.6645054,N/A,N/A,N/A
10.1109/AUTEST.2013.6645066,N/A,N/A,N/A
10.1109/AUTEST.2013.6645068,N/A,N/A,N/A
10.1364/JOCN.5.00A240,N/A,N/A,N/A
10.1109/VLHCC.2013.6645240,N/A,N/A,N/A
10.1109/VLHCC.2013.6645254,N/A,N/A,N/A
10.1109/FPL.2013.6645581,N/A,N/A,N/A
10.1109/SoMeT.2013.6645657,N/A,N/A,N/A
10.1109/SoMeT.2013.6645659,N/A,N/A,N/A
10.1109/ISCIT.2013.6645842,N/A,N/A,N/A
10.1109/ECCE.2013.6647247,N/A,N/A,N/A
10.1109/SCAM.2013.6648180,N/A,N/A,N/A
10.1109/SCAM.2013.6648189,N/A,N/A,N/A
10.1109/SCAM.2013.6648198,N/A,N/A,N/A
10.1109/MS.2013.123,N/A,N/A,N/A
10.1109/ICWS.2013.98,N/A,N/A,N/A
10.1109/SCC.2013.45,N/A,N/A,N/A
10.1109/SCC.2013.102,N/A,N/A,N/A
10.1109/COMPSAC.2013.41,N/A,N/A,N/A
10.1109/COMPSAC.2013.83,N/A,N/A,N/A
10.1109/COMPSAC.2013.101,N/A,N/A,N/A
10.1109/COMPSAC.2013.102,N/A,N/A,N/A
10.1109/COMPSAC.2013.118,N/A,N/A,N/A
10.1109/COMPSAC.2013.139,N/A,N/A,N/A
10.1109/VISSOFT.2013.6650539,N/A,N/A,N/A
10.1109/IPDPSW.2013.90,N/A,N/A,N/A
10.1109/RADAR.2013.6652033,N/A,N/A,N/A
10.1109/ICSGRC.2013.6653268,N/A,N/A,N/A
10.1109/DFT.2013.6653578,N/A,N/A,N/A
10.1109/DFT.2013.6653581,N/A,N/A,N/A
10.1109/DFT.2013.6653589,N/A,N/A,N/A
10.1109/DFT.2013.6653590,N/A,N/A,N/A
10.1109/DFT.2013.6653617,N/A,N/A,N/A
10.1109/DFT.2013.6653619,N/A,N/A,N/A
10.1109/INTECH.2013.6653701,N/A,N/A,N/A
10.1109/CoASE.2013.6654061,N/A,N/A,N/A
10.1109/CoASE.2013.6654070,N/A,N/A,N/A
10.1109/ICC.2013.6654795,N/A,N/A,N/A
10.1109/ICC.2013.6654998,N/A,N/A,N/A
10.1109/SERVICES.2013.79,N/A,N/A,N/A
10.1109/AMPS.2013.6656233,N/A,N/A,N/A
10.1109/SRDS.2013.24,N/A,N/A,N/A
10.1109/SRDS.2013.29,N/A,N/A,N/A
10.1109/EISIC.2013.22,N/A,N/A,N/A
10.1109/ARES.2013.80,N/A,N/A,N/A
10.1109/EDOC.2013.21,N/A,N/A,N/A
N/A,N/A,N/A,N/A
10.1109/ICSPCC.2013.6664057,N/A,N/A,N/A
N/A,N/A,N/A,N/A
10.1109/NAS.2013.16,N/A,N/A,N/A
10.1109/PCICon.2013.6666039,N/A,N/A,N/A
10.1109/CLEI.2013.6670621,N/A,N/A,N/A
10.1109/CLEI.2013.6670624,N/A,N/A,N/A
10.1109/WCRE.2013.6671275,N/A,N/A,N/A
10.1109/WCRE.2013.6671285,N/A,N/A,N/A
10.1109/WCRE.2013.6671287,N/A,N/A,N/A
10.1109/WCRE.2013.6671292,N/A,N/A,N/A
10.1109/WCRE.2013.6671294,N/A,N/A,N/A
10.1109/WCRE.2013.6671297,N/A,N/A,N/A
10.1109/WCRE.2013.6671301,N/A,N/A,N/A
10.1109/WCRE.2013.6671307,N/A,N/A,N/A
10.1109/WCRE.2013.6671308,N/A,N/A,N/A
10.1109/WCRE.2013.6671310,N/A,N/A,N/A
10.1109/WCRE.2013.6671319,N/A,N/A,N/A
10.1109/WCRE.2013.6671320,N/A,N/A,N/A
10.1109/WCRE.2013.6671330,N/A,N/A,N/A
10.1109/SoftCOM.2013.6671866,N/A,N/A,N/A
10.1109/SoftCOM.2013.6671871,N/A,N/A,N/A
10.1109/SoftCOM.2013.6671872,N/A,N/A,N/A
10.1109/PESMG.2013.6672083,N/A,N/A,N/A
10.1109/PESMG.2013.6672476,N/A,N/A,N/A
10.1109/PESMG.2013.6672490,N/A,N/A,N/A
10.1109/EWDTS.2013.6673154,N/A,N/A,N/A
10.1109/VLSI-SoC.2013.6673255,N/A,N/A,N/A
N/A,N/A,N/A,N/A
10.1109/ISSoC.2013.6675264,N/A,N/A,N/A
10.1109/ICTC.2013.6675444,N/A,N/A,N/A
10.1109/WOCC.2013.6676371,N/A,N/A,N/A
10.1109/SASO.2013.23,N/A,N/A,N/A
10.1109/SASO.2013.36,N/A,N/A,N/A
10.1109/CLOUD.2013.112,N/A,N/A,N/A
10.1109/ICSM.2013.18,N/A,N/A,N/A
10.1109/ICSM.2013.19,N/A,N/A,N/A
10.1109/ICSM.2013.31,N/A,N/A,N/A
10.1109/ICSM.2013.38,N/A,N/A,N/A
10.1109/ICSM.2013.42,N/A,N/A,N/A
10.1109/ICSM.2013.44,N/A,N/A,N/A
10.1109/ICSM.2013.46,N/A,N/A,N/A
10.1109/ICSM.2013.62,N/A,N/A,N/A
10.1109/ICSM.2013.66,N/A,N/A,N/A
10.1109/ICSM.2013.77,N/A,N/A,N/A
10.1109/ICSM.2013.86,N/A,N/A,N/A
10.1109/ICSM.2013.92,N/A,N/A,N/A
10.1109/URAI.2013.6677356,N/A,N/A,N/A
10.1109/TNS.2013.2288305,N/A,N/A,N/A
10.1109/TDEI.2013.6678876,N/A,N/A,N/A
10.1109/TST.2013.6678901,N/A,N/A,N/A
10.1109/EWSDN.2013.20,N/A,N/A,N/A
N/A,N/A,N/A,N/A
10.1109/3PGCIC.2013.80,N/A,N/A,N/A
10.1109/ESEM.2013.18,N/A,N/A,N/A
10.1109/ESEM.2013.38,N/A,N/A,N/A
10.1109/ESEM.2013.32,N/A,N/A,N/A
10.1109/ESEM.2013.50,N/A,N/A,N/A
10.1109/ESEM.2013.45,N/A,N/A,N/A
10.1109/ICDCS.2013.26,N/A,N/A,N/A
10.1109/GreenCom-iThings-CPSCom.2013.188,N/A,N/A,N/A
10.1109/IAS.2013.6682499,N/A,N/A,N/A
10.1109/IAS.2013.6682605,N/A,N/A,N/A
10.1049/cp.2013.0607,N/A,N/A,N/A
10.1049/cp.2013.0952,N/A,N/A,N/A
10.1109/CCEM.2013.6684439,N/A,N/A,N/A
10.1109/FIE.2013.6684776,N/A,N/A,N/A
10.1109/SBCARS.2013.12,N/A,N/A,N/A
10.1109/SBCARS.2013.24,N/A,N/A,N/A
10.1109/NAVCOMP.2013.7,N/A,N/A,N/A
10.1109/ICEBE.2013.53,N/A,N/A,N/A
10.1109/ISSREW.2013.6688831,N/A,N/A,N/A
10.1109/ISSREW.2013.6688865,N/A,N/A,N/A
10.1109/ISSREW.2013.6688867,N/A,N/A,N/A
10.1109/ISSREW.2013.6688868,N/A,N/A,N/A
10.1109/ISSREW.2013.6688870,N/A,N/A,N/A
10.1109/ISSREW.2013.6688874,N/A,N/A,N/A
10.1109/ISSREW.2013.6688880,N/A,N/A,N/A
10.1109/ISSREW.2013.6688882,N/A,N/A,N/A
10.1109/ISSREW.2013.6688885,N/A,N/A,N/A
10.1109/ISSREW.2013.6688900,N/A,N/A,N/A
10.1109/ISSREW.2013.6688901,N/A,N/A,N/A
10.1109/ISSREW.2013.6688902,N/A,N/A,N/A
10.1109/ISSREW.2013.6688905,N/A,N/A,N/A
10.1109/ISSREW.2013.6688906,N/A,N/A,N/A
10.1109/ISSREW.2013.6688908,N/A,N/A,N/A
10.1109/ISSREW.2013.6688909,N/A,N/A,N/A
10.1109/ISSREW.2013.6688915,N/A,N/A,N/A
10.1109/CoDIT.2013.6689587,N/A,N/A,N/A
10.1109/CoDIT.2013.6689665,N/A,N/A,N/A
10.1109/EDOCW.2013.26,N/A,N/A,N/A
10.1109/ICCAD.2013.6691136,N/A,N/A,N/A
10.1109/ICETACS.2013.6691412,N/A,N/A,N/A
10.1109/BigData.2013.6691760,N/A,N/A,N/A
10.1109/ASE.2013.6693085,N/A,N/A,N/A
10.1109/ASE.2013.6693086,N/A,N/A,N/A
10.1109/ASE.2013.6693087,N/A,N/A,N/A
10.1109/ASE.2013.6693091,N/A,N/A,N/A
10.1109/ASE.2013.6693092,N/A,N/A,N/A
10.1109/ASE.2013.6693097,N/A,N/A,N/A
10.1109/ASE.2013.6693098,N/A,N/A,N/A
10.1109/ASE.2013.6693118,N/A,N/A,N/A
10.1109/ASE.2013.6693121,N/A,N/A,N/A
10.1109/ASE.2013.6693126,N/A,N/A,N/A
10.1109/ASE.2013.6693151,N/A,N/A,N/A
10.1109/ASE.2013.6693152,N/A,N/A,N/A
10.1109/IWSM-Mensura.2013.12,N/A,N/A,N/A
10.1109/IWSM-Mensura.2013.21,N/A,N/A,N/A
10.1109/IWSM-Mensura.2013.23,N/A,N/A,N/A
10.1109/IWSM-Mensura.2013.33,N/A,N/A,N/A
10.1109/IWSM-Mensura.2013.34,N/A,N/A,N/A
10.1109/IWSM-Mensura.2013.37,N/A,N/A,N/A
10.1109/IWSM-Mensura.2013.44,N/A,N/A,N/A
10.1109/SocialCom.2013.117,N/A,N/A,N/A
10.1109/SysTol.2013.6693902,N/A,N/A,N/A
10.1109/SysTol.2013.6693956,N/A,N/A,N/A
10.1109/APSIPA.2013.6694220,N/A,N/A,N/A
10.1109/APSIPA.2013.6694288,N/A,N/A,N/A
10.1109/ICSEC.2013.6694761,N/A,N/A,N/A
N/A,N/A,N/A,N/A
10.1109/ICIRT.2013.6696292,N/A,N/A,N/A
10.1109/IROS.2013.6697225,N/A,N/A,N/A
10.1109/ICCE-Berlin.2013.6698053,N/A,N/A,N/A
10.1109/IWIES.2013.6698576,N/A,N/A,N/A
10.1109/ISGT-Asia.2013.6698725,N/A,N/A,N/A
10.1109/ISSRE.2013.6698883,N/A,N/A,N/A
10.1109/ISSRE.2013.6698892,N/A,N/A,N/A
10.1109/ISSRE.2013.6698900,N/A,N/A,N/A
10.1109/ISSRE.2013.6698905,N/A,N/A,N/A
10.1109/ISSRE.2013.6698911,N/A,N/A,N/A
10.1109/ISSRE.2013.6698912,N/A,N/A,N/A
10.1109/ISSRE.2013.6698916,N/A,N/A,N/A
10.1109/ISSRE.2013.6698922,N/A,N/A,N/A
10.1109/IECON.2013.6699518,N/A,N/A,N/A
10.1109/IECON.2013.6700076,N/A,N/A,N/A
10.1109/IECON.2013.6700279,N/A,N/A,N/A
10.1109/3DIC.2013.6702341,N/A,N/A,N/A
10.1109/SDN4FNS.2013.6702547,N/A,N/A,N/A
10.1109/SBAC-PAD.2013.11,N/A,N/A,N/A
10.1109/ICICM.2013.76,N/A,N/A,N/A
10.1109/ICICM.2013.20,N/A,N/A,N/A
10.1109/ICICM.2013.22,N/A,N/A,N/A
10.1109/CPSM.2013.6703084,N/A,N/A,N/A
10.1109/ICIII.2013.6703111,N/A,N/A,N/A
10.1109/TELSKS.2013.6704934,N/A,N/A,N/A
10.1109/CINTI.2013.6705232,N/A,N/A,N/A
10.1109/IEEEGCC.2013.6705796,N/A,N/A,N/A
10.1109/IJCNN.2013.6706983,N/A,N/A,N/A
10.1109/ICCES.2013.6707167,N/A,N/A,N/A
10.1109/EHB.2013.6707324,N/A,N/A,N/A
10.1109/ICIIP.2013.6707547,N/A,N/A,N/A
10.1109/ITA.2013.36,N/A,N/A,N/A
10.1109/CSITechnol.2013.6710328,N/A,N/A,N/A
10.1109/ICACT.2013.6710529,N/A,N/A,N/A
N/A,N/A,N/A,N/A
N/A,N/A,N/A,N/A
N/A,N/A,N/A,N/A
10.1109/NIGERCON.2013.6715637,N/A,N/A,N/A
10.1109/ICCWAMTIP.2013.6716635,N/A,N/A,N/A
10.1109/ICSIMA.2013.6717971,N/A,N/A,N/A
10.1109/TENCON.2013.6718833,N/A,N/A,N/A
10.1109/ICCSCE.2013.6720010,N/A,N/A,N/A
10.1109/ICOSST.2013.6720609,N/A,N/A,N/A
10.1109/SMC.2013.111,N/A,N/A,N/A
10.1109/SMC.2013.696,N/A,N/A,N/A
10.1109/ICCIC.2013.6724206,N/A,N/A,N/A
10.1109/ISCBI.2013.49,N/A,N/A,N/A
10.1109/ULTSYM.2013.0244,N/A,N/A,N/A
10.1049/cp.2013.1713,N/A,N/A,N/A
10.1109/UIC-ATC.2013.65,N/A,N/A,N/A
10.1109/UIC-ATC.2013.35,N/A,N/A,N/A
10.1109/UIC-ATC.2013.52,N/A,N/A,N/A
10.1109/MSN.2013.87,N/A,N/A,N/A
10.1109/BRACIS.2013.16,N/A,N/A,N/A
10.1109/ICCCNT.2013.6726656,N/A,N/A,N/A
10.1109/ICCCNT.2013.6726742,N/A,N/A,N/A
10.1109/ICCCNT.2013.6726791,N/A,N/A,N/A
10.1109/ICCCNT.2013.6726851,N/A,N/A,N/A
10.1109/IDT.2013.6727075,N/A,N/A,N/A
10.1109/IDT.2013.6727107,N/A,N/A,N/A
10.1109/SITIS.2013.58,N/A,N/A,N/A
10.1109/ICSensT.2013.6727621,N/A,N/A,N/A
10.1109/CNSM.2013.6727816,N/A,N/A,N/A
10.1109/ITSC.2013.6728444,N/A,N/A,N/A
10.1109/IST.2013.6729719,N/A,N/A,N/A
10.1109/MASCOTS.2013.53,N/A,N/A,N/A
10.1109/ICCC.2013.6731635,N/A,N/A,N/A
10.1109/ReConFig.2013.6732305,N/A,N/A,N/A
10.1109/ICNP.2013.6733615,N/A,N/A,N/A
10.1109/CARE.2013.6733757,N/A,N/A,N/A
10.1109/ICOS.2013.6735060,N/A,N/A,N/A
10.1109/EMCCompo.2013.6735179,N/A,N/A,N/A
10.1109/GlobalSIP.2013.6737002,N/A,N/A,N/A
10.1109/PCS.2013.6737739,N/A,N/A,N/A
10.1109/PCS.2013.6737746,N/A,N/A,N/A
10.1049/cp.2013.1990,N/A,N/A,N/A
10.1109/ICIP.2013.6738925,N/A,N/A,N/A
10.1109/ISIEA.2013.6738995,N/A,N/A,N/A
10.1109/GrC.2013.6740435,N/A,N/A,N/A
10.23919/OCEANS.2013.6741205,N/A,N/A,N/A
10.1109/PCCC.2013.6742786,N/A,N/A,N/A
10.1109/IMSNA.2013.6743257,N/A,N/A,N/A
10.1109/ISM.2013.62,N/A,N/A,N/A
10.1109/SOCC.2013.6749708,N/A,N/A,N/A
10.1109/ICRERA.2013.6749752,N/A,N/A,N/A
10.1109/ICRERA.2013.6749826,N/A,N/A,N/A
10.1109/CloudCom.2013.12,N/A,N/A,N/A
10.1109/CloudCom.2013.19,N/A,N/A,N/A
10.1109/WCSE.2013.18,N/A,N/A,N/A
10.1109/APSEC.2013.103,N/A,N/A,N/A
10.1109/APSEC.2013.128,N/A,N/A,N/A
10.1109/ISCC.2013.6755055,N/A,N/A,N/A
10.1109/CSE.2013.30,N/A,N/A,N/A
10.1109/CSE.2013.186,N/A,N/A,N/A
10.1109/TIIEC.2013.14,N/A,N/A,N/A
10.1109/TIIEC.2013.17,N/A,N/A,N/A
10.1109/MIC.2013.6758068,N/A,N/A,N/A
10.1109/MIC.2013.6758181,N/A,N/A,N/A
10.1109/MIC.2013.6758183,N/A,N/A,N/A
10.1109/CDC.2013.6760860,N/A,N/A,N/A
10.1109/ICTer.2013.6761156,N/A,N/A,N/A
10.1109/LCN.2013.6761237,N/A,N/A,N/A
N/A,N/A,N/A,N/A
10.1109/ICAwST.2013.6765414,N/A,N/A,N/A
10.1109/ICAwST.2013.6765499,N/A,N/A,N/A
10.1109/CEAT.2013.6775685,N/A,N/A,N/A
10.1109/NCVPRIPG.2013.6776160,N/A,N/A,N/A
10.1109/NCVPRIPG.2013.6776189,N/A,N/A,N/A
10.1109/WISA.2013.71,N/A,N/A,N/A
10.1109/EMS.2013.5,N/A,N/A,N/A
10.1109/EMS.2013.49,N/A,N/A,N/A
10.1109/NUiCONE.2013.6780089,N/A,N/A,N/A
10.1109/NUiCONE.2013.6780181,N/A,N/A,N/A
10.1109/ANTHOLOGY.2013.6784788,N/A,N/A,N/A
10.1109/ANTHOLOGY.2013.6784878,N/A,N/A,N/A
10.1109/ANTHOLOGY.2013.6784979,N/A,N/A,N/A
10.1109/ANTHOLOGY.2013.6784995,N/A,N/A,N/A
10.1145/2492517.2500242,N/A,N/A,N/A
10.1109/ICMLA.2013.110,N/A,N/A,N/A
10.1109/ICCVE.2013.6799938,N/A,N/A,N/A
10.1109/SBES.2013.18,N/A,N/A,N/A
10.1109/SBES.2013.16,N/A,N/A,N/A
10.1109/SBES.2013.9,N/A,N/A,N/A
10.1109/SBES.2013.17,N/A,N/A,N/A
10.1109/ICEPE-ST.2013.6804342,N/A,N/A,N/A
10.1109/APSEC.2013.12,N/A,N/A,N/A
10.1109/APSEC.2013.25,N/A,N/A,N/A
10.1109/APSEC.2013.27,N/A,N/A,N/A
10.1109/APSEC.2013.37,N/A,N/A,N/A
10.1109/APSEC.2013.39,N/A,N/A,N/A
10.1109/APSEC.2013.44,N/A,N/A,N/A
10.1109/APSEC.2013.45,N/A,N/A,N/A
10.1109/UCC.2013.70,N/A,N/A,N/A
10.1109/SKG.2013.11,N/A,N/A,N/A
10.1109/ICNC.2013.6818241,N/A,N/A,N/A
10.1109/ICNC.2013.6818242,N/A,N/A,N/A
10.1109/ICNC.2013.6818273,N/A,N/A,N/A
10.1109/IC3INA.2013.6819188,N/A,N/A,N/A
10.1109/ICCT.2013.6820466,N/A,N/A,N/A
10.1109/PRDC.2013.11,N/A,N/A,N/A
10.1109/PRDC.2013.14,N/A,N/A,N/A
10.1109/PRDC.2013.35,N/A,N/A,N/A
10.1109/PRDC.2013.40,N/A,N/A,N/A
10.1109/PRDC.2013.44,N/A,N/A,N/A
10.1109/PRDC.2013.55,N/A,N/A,N/A
10.1109/SYNASC.2013.40,N/A,N/A,N/A
10.1109/GLOCOMW.2013.6825055,N/A,N/A,N/A
10.1109/ICASID.2013.6825283,N/A,N/A,N/A
10.1109/SBESC.2013.31,N/A,N/A,N/A
10.1109/PESA.2013.6828203,N/A,N/A,N/A
10.1109/GLOCOM.2013.6831321,N/A,N/A,N/A
10.1109/HPCC.and.EUC.2013.147,N/A,N/A,N/A
10.1109/HPCC.and.EUC.2013.208,N/A,N/A,N/A
10.1049/cp.2013.2284,N/A,N/A,N/A
10.1049/cp.2013.2285,N/A,N/A,N/A
10.1049/cp.2013.2290,N/A,N/A,N/A
10.1049/cp.2013.2313,N/A,N/A,N/A
10.1109/ICEIEC.2013.6835522,N/A,N/A,N/A
10.1109/APPEEC.2013.6837109,N/A,N/A,N/A
10.1109/IMCCC.2013.265,N/A,N/A,N/A
10.1109/ICRTIT.2013.6844270,N/A,N/A,N/A
10.1109/ICRTIT.2013.6844288,N/A,N/A,N/A
10.1109/IIH-MSP.2013.45,N/A,N/A,N/A
10.1109/IIH-MSP.2013.106,N/A,N/A,N/A
10.1049/cp.2013.2521,N/A,N/A,N/A
10.1109/ICMIPE.2013.6864512,N/A,N/A,N/A
10.1145/2503210.2503228,N/A,N/A,N/A
10.1145/2503210.2503217,N/A,N/A,N/A
10.1109/MEC.2013.6885366,N/A,N/A,N/A
10.1109/MEC.2013.6885376,N/A,N/A,N/A
10.1109/ISORC.2013.6913189,N/A,N/A,N/A
10.1109/ISORC.2013.6913199,N/A,N/A,N/A
10.1109/ISORC.2013.6913206,N/A,N/A,N/A
10.1109/EVS.2013.6914782,N/A,N/A,N/A
10.1145/2461381.2461403,N/A,N/A,N/A
10.1109/ICMIRA.2013.29,N/A,N/A,N/A
10.1109/MTV.2013.17,N/A,N/A,N/A
10.1109/RADECS.2013.6937381,N/A,N/A,N/A
10.1109/ICACCS.2013.6938708,N/A,N/A,N/A
10.1049/cp.2013.2566,N/A,N/A,N/A
10.1049/cp.2013.2596,N/A,N/A,N/A
10.1109/IEEM.2013.6962596,N/A,N/A,N/A
10.1109/ICCSNT.2013.6967109,N/A,N/A,N/A
10.1109/ICCSNT.2013.6967127,N/A,N/A,N/A
10.1109/ISCC-C.2013.45,N/A,N/A,N/A
10.1109/FMCAD.2013.7035522,N/A,N/A,N/A
10.5594/j18356XY,N/A,N/A,N/A
10.1109/ITMC.2013.7352708,N/A,N/A,N/A
N/A,N/A,N/A,N/A
N/A,N/A,N/A,N/A
N/A,N/A,N/A,N/A
N/A,N/A,N/A,N/A
